split,model,y_true,probability,prediction
validation,logistic_regression,0,0.033492289121808454,0
validation,logistic_regression,0,0.0015268138916709549,0
validation,logistic_regression,0,0.3992970632014004,0
validation,logistic_regression,0,0.22004845123395578,0
validation,logistic_regression,0,0.4013002182918152,0
validation,logistic_regression,0,0.0182838792487466,0
validation,logistic_regression,0,0.13052896818839071,0
validation,logistic_regression,0,0.011187052679967616,0
validation,logistic_regression,0,0.45476486127518934,0
validation,logistic_regression,0,0.8390240263994466,1
validation,logistic_regression,0,0.004727064606749175,0
validation,logistic_regression,0,0.0021838736455115503,0
validation,logistic_regression,0,0.025872130755294414,0
validation,logistic_regression,0,0.12157440474007776,0
validation,logistic_regression,0,0.6680370057044054,0
validation,logistic_regression,0,0.0005610094060527925,0
validation,logistic_regression,0,0.0430903477231166,0
validation,logistic_regression,0,0.017926028755316997,0
validation,logistic_regression,0,0.10386479446171824,0
validation,logistic_regression,0,0.4068168418565793,0
validation,logistic_regression,0,0.28276246210418954,0
validation,logistic_regression,0,0.10876193314598914,0
validation,logistic_regression,0,0.0009368221204237374,0
validation,logistic_regression,0,0.19000231126519765,0
validation,logistic_regression,0,0.013451797731579186,0
validation,logistic_regression,0,0.12337183917861005,0
validation,logistic_regression,0,0.3644243166445749,0
validation,logistic_regression,0,0.02251674121431461,0
validation,logistic_regression,0,0.03393798892906496,0
validation,logistic_regression,1,0.30059113048428115,0
validation,logistic_regression,0,0.10379998529164645,0
validation,logistic_regression,0,0.011481008578497699,0
validation,logistic_regression,0,0.2024715205667537,0
validation,logistic_regression,1,0.9599260812421335,1
validation,logistic_regression,0,0.24613934494002357,0
validation,logistic_regression,0,0.8510704888014122,1
validation,logistic_regression,0,0.04051071179025251,0
validation,logistic_regression,0,0.3169019026673205,0
validation,logistic_regression,0,0.05969326013134373,0
validation,logistic_regression,0,0.04427716475966689,0
validation,logistic_regression,0,0.723808796488814,1
validation,logistic_regression,0,0.0158361994662,0
validation,logistic_regression,0,0.00973276780493645,0
validation,logistic_regression,0,0.020580114499441873,0
validation,logistic_regression,0,0.08951492760003411,0
validation,logistic_regression,0,0.11033355738173252,0
validation,logistic_regression,0,0.04718047723646387,0
validation,logistic_regression,0,0.7151915390511931,1
validation,logistic_regression,0,0.012840786731381068,0
validation,logistic_regression,0,0.19309933022902218,0
validation,logistic_regression,0,0.08131935245055248,0
validation,logistic_regression,0,0.15793908076841273,0
validation,logistic_regression,0,0.5012672139924239,0
validation,logistic_regression,0,0.03398730056555943,0
validation,logistic_regression,0,0.5968667452316044,0
validation,logistic_regression,0,0.21370308133162313,0
validation,logistic_regression,0,0.08484740628207377,0
validation,logistic_regression,0,0.021550173151262682,0
validation,logistic_regression,0,0.4409430915902449,0
validation,logistic_regression,1,0.557189332741095,0
validation,logistic_regression,0,0.03004854596012514,0
validation,logistic_regression,0,0.04501037694392322,0
validation,logistic_regression,0,0.6316592733613409,0
validation,logistic_regression,1,0.49514663993511376,0
validation,logistic_regression,0,0.15055769888741463,0
validation,logistic_regression,0,0.2824207654863198,0
validation,logistic_regression,0,0.08484193328015051,0
validation,logistic_regression,0,0.032223415617309334,0
validation,logistic_regression,0,0.25144535732376994,0
validation,logistic_regression,0,0.43351328929794625,0
validation,logistic_regression,0,0.27297610230654296,0
validation,logistic_regression,0,0.07488994518915144,0
validation,logistic_regression,0,0.07843985461738963,0
validation,logistic_regression,0,0.9626647059878156,1
validation,logistic_regression,0,0.8551890779642275,1
validation,logistic_regression,0,0.3008735367726697,0
validation,logistic_regression,1,0.8757668776016172,1
validation,logistic_regression,0,0.20068595509071066,0
validation,logistic_regression,0,0.0015742200100529972,0
validation,logistic_regression,0,0.12162322788477879,0
validation,logistic_regression,0,0.0002909560372484723,0
validation,logistic_regression,0,0.007542302457680266,0
validation,logistic_regression,0,0.000353880085156951,0
validation,logistic_regression,0,0.6770132223408911,0
validation,logistic_regression,0,0.046981644346657706,0
validation,logistic_regression,0,0.0473655803316496,0
validation,logistic_regression,0,0.005285693964459726,0
validation,logistic_regression,0,0.9627497542088052,1
validation,logistic_regression,0,0.016014357017867048,0
validation,logistic_regression,0,0.006481607659164435,0
validation,logistic_regression,0,0.15194810194126424,0
validation,logistic_regression,0,0.5978230101441125,0
validation,logistic_regression,0,0.7744701862859465,1
validation,logistic_regression,0,0.006269681893800035,0
validation,logistic_regression,0,0.2329984600798525,0
validation,logistic_regression,0,0.2649383592893449,0
validation,logistic_regression,0,0.0003173423509286471,0
validation,logistic_regression,0,0.014311481154195619,0
validation,logistic_regression,0,0.7585366285145037,1
validation,logistic_regression,0,0.1702970589586587,0
validation,logistic_regression,0,0.9332518984368935,1
validation,logistic_regression,0,0.8442213724234686,1
validation,logistic_regression,0,0.0013315080813802256,0
validation,logistic_regression,0,0.08184364798838752,0
validation,logistic_regression,0,0.3919041080879503,0
validation,logistic_regression,0,0.10110426916455865,0
validation,logistic_regression,0,0.34150805288309094,0
validation,logistic_regression,0,0.013316662913892672,0
validation,logistic_regression,0,0.024557450519702883,0
validation,logistic_regression,1,0.5472136765792139,0
validation,logistic_regression,0,0.001633251149520188,0
validation,logistic_regression,0,0.5229544923724306,0
validation,logistic_regression,0,0.3750120468564848,0
validation,logistic_regression,0,0.8130531341286367,1
validation,logistic_regression,0,0.07928927700892535,0
validation,logistic_regression,0,0.031299641501363724,0
validation,logistic_regression,0,0.14583031033673718,0
validation,logistic_regression,0,0.0125874689069511,0
validation,logistic_regression,0,0.5369261556499475,0
validation,logistic_regression,0,0.6232397098107069,0
validation,logistic_regression,0,0.013814547120235618,0
validation,logistic_regression,0,0.3176760854071486,0
validation,logistic_regression,1,0.7805930370692902,1
validation,logistic_regression,0,0.42032096953964954,0
validation,logistic_regression,1,0.9046583767859194,1
validation,logistic_regression,0,0.8811794558823315,1
validation,logistic_regression,0,0.02993033287459959,0
validation,logistic_regression,0,0.035056099530477856,0
validation,logistic_regression,0,0.8522453168552709,1
validation,logistic_regression,1,0.5896913006849179,0
validation,logistic_regression,0,0.2734999276609522,0
validation,logistic_regression,0,0.000896015007253041,0
validation,logistic_regression,0,0.2575931566361302,0
validation,logistic_regression,0,0.02590358659596361,0
validation,logistic_regression,0,0.00861466952650534,0
validation,logistic_regression,0,0.6748060101007827,0
validation,logistic_regression,0,0.25845127400673734,0
validation,logistic_regression,0,0.5532333937679574,0
validation,logistic_regression,0,0.2276481515054571,0
validation,logistic_regression,0,0.05208882731060809,0
validation,logistic_regression,0,0.2862673877512442,0
validation,logistic_regression,0,0.5359456767904887,0
validation,logistic_regression,0,0.16933711593229142,0
validation,logistic_regression,0,0.8993683822694921,1
validation,logistic_regression,0,0.0001445015652835162,0
validation,logistic_regression,0,0.28144550832153203,0
validation,logistic_regression,0,0.44521375839436134,0
validation,logistic_regression,0,0.15519875333504668,0
validation,logistic_regression,0,0.022007310540842647,0
validation,logistic_regression,0,0.9158662599929462,1
validation,logistic_regression,0,0.511680144467961,0
validation,logistic_regression,0,0.02139840089216984,0
validation,logistic_regression,0,0.4950922773169064,0
validation,logistic_regression,0,0.05991563603542377,0
validation,logistic_regression,0,0.022792417666715636,0
validation,logistic_regression,0,0.03857595216702145,0
validation,logistic_regression,0,0.7685974266873101,1
validation,logistic_regression,0,0.03593308515117889,0
validation,logistic_regression,0,0.2129526642603558,0
validation,logistic_regression,0,0.17152142146570293,0
validation,logistic_regression,0,0.08810101387467796,0
validation,logistic_regression,0,0.24265545935756555,0
validation,logistic_regression,0,0.0014336879424397997,0
validation,logistic_regression,0,0.013538451729792943,0
validation,logistic_regression,1,0.8418068514770563,1
validation,logistic_regression,0,0.6985885671591818,1
validation,logistic_regression,0,0.1380247618602242,0
validation,logistic_regression,0,0.034369729596224745,0
validation,logistic_regression,0,0.24896906366158442,0
validation,logistic_regression,0,0.0004309824442334971,0
validation,logistic_regression,1,0.7132299424437404,1
validation,logistic_regression,0,0.004541249176790194,0
validation,logistic_regression,0,0.8741416711137929,1
validation,logistic_regression,0,0.3220780667261339,0
validation,logistic_regression,0,0.39714899912303686,0
validation,logistic_regression,0,0.4077646515115666,0
validation,logistic_regression,0,0.9488754181730433,1
validation,logistic_regression,0,0.7974718076146231,1
validation,logistic_regression,0,0.29997178970864613,0
validation,logistic_regression,0,0.1547720508519464,0
validation,logistic_regression,1,0.9059162470194172,1
validation,logistic_regression,0,0.0016092907184323496,0
validation,logistic_regression,0,0.5787644870420405,0
validation,logistic_regression,0,0.019497417978650747,0
validation,logistic_regression,0,0.02352398976089388,0
validation,logistic_regression,0,0.5510183479186703,0
validation,logistic_regression,0,0.002658486136500253,0
validation,logistic_regression,0,0.4231484569743416,0
validation,logistic_regression,0,0.00374283988731893,0
validation,logistic_regression,0,0.016368640614467075,0
validation,logistic_regression,0,0.004309939518117367,0
validation,logistic_regression,0,0.6264483406583558,0
validation,logistic_regression,1,0.8193936920727605,1
validation,logistic_regression,0,0.4326732190051462,0
validation,logistic_regression,1,0.8873177192742232,1
validation,logistic_regression,0,0.873230550669838,1
validation,logistic_regression,0,0.19010112011474595,0
validation,logistic_regression,0,0.013277825823615403,0
validation,logistic_regression,0,0.5468312481295828,0
validation,logistic_regression,0,0.19153054219248702,0
validation,logistic_regression,0,0.015191335284261637,0
validation,logistic_regression,0,0.010100281237090964,0
validation,logistic_regression,0,0.02347661838662677,0
validation,logistic_regression,0,0.1266267048354311,0
validation,logistic_regression,0,0.39497652529809446,0
validation,logistic_regression,0,0.0014411834792855199,0
validation,logistic_regression,0,0.40935360050698305,0
validation,logistic_regression,0,0.015004257617408302,0
validation,logistic_regression,0,0.8479440473013594,1
validation,logistic_regression,0,0.00621318564186339,0
validation,logistic_regression,1,0.907005543910453,1
validation,logistic_regression,0,0.14716022045653374,0
validation,logistic_regression,1,0.8223411833952788,1
validation,logistic_regression,0,0.038844763100826026,0
validation,logistic_regression,1,0.9085005262905033,1
validation,logistic_regression,0,0.02668798776432795,0
validation,logistic_regression,0,0.01750584266230808,0
validation,logistic_regression,0,0.0005799007734146049,0
validation,logistic_regression,0,0.040808299600038705,0
validation,logistic_regression,0,0.5562594256488811,0
validation,logistic_regression,0,0.04370644328503497,0
validation,logistic_regression,0,0.8416136777623481,1
validation,logistic_regression,0,0.4681723455191637,0
validation,logistic_regression,0,0.14587726606512533,0
validation,logistic_regression,0,0.7925973735039374,1
validation,logistic_regression,0,0.006969760529772029,0
validation,logistic_regression,0,0.01743726785751579,0
validation,logistic_regression,0,0.05414857697965174,0
validation,logistic_regression,0,0.08377814890294269,0
validation,logistic_regression,1,0.9191799521909901,1
validation,logistic_regression,0,0.0034768931280783,0
validation,logistic_regression,0,0.01996158469040981,0
validation,logistic_regression,0,0.00045736433567464865,0
validation,logistic_regression,0,0.35566913891850976,0
validation,logistic_regression,0,0.5841401513670245,0
validation,logistic_regression,0,0.31652421288931837,0
validation,logistic_regression,0,0.02032970265674969,0
validation,logistic_regression,0,0.5534122046344022,0
validation,logistic_regression,0,0.08020119111765932,0
validation,logistic_regression,1,0.7940575518764282,1
validation,logistic_regression,0,0.013630803326992763,0
validation,logistic_regression,0,0.014075527406843154,0
validation,logistic_regression,0,0.015629618925097347,0
validation,logistic_regression,0,0.9129547006363423,1
validation,logistic_regression,0,0.0018667176102981915,0
validation,logistic_regression,1,0.6541147105489,0
validation,logistic_regression,0,0.10233419456556964,0
validation,logistic_regression,0,0.2702321937172456,0
validation,logistic_regression,0,0.003238733911308795,0
validation,logistic_regression,0,0.24175835479395144,0
validation,logistic_regression,0,0.06753421125595792,0
validation,logistic_regression,1,0.6845091506891462,1
validation,logistic_regression,0,0.6963711108515295,1
validation,logistic_regression,0,0.0003364641349694087,0
validation,logistic_regression,0,0.08149951723749446,0
validation,logistic_regression,0,0.02612019711422953,0
validation,logistic_regression,1,0.909052909376666,1
validation,logistic_regression,0,0.35830354486456206,0
validation,logistic_regression,1,0.9094844162959168,1
validation,logistic_regression,0,0.7370538814282833,1
validation,logistic_regression,0,0.51946938553928,0
validation,logistic_regression,0,0.24159906453261631,0
validation,logistic_regression,1,0.9836459996614221,1
validation,logistic_regression,1,0.9760097307912333,1
validation,logistic_regression,0,0.14990878685407866,0
validation,logistic_regression,0,0.0333308633917782,0
validation,logistic_regression,0,0.0023537117477375824,0
validation,logistic_regression,0,0.2900306094538974,0
validation,logistic_regression,0,0.1175397655758696,0
validation,logistic_regression,0,0.1140040354010221,0
validation,logistic_regression,0,0.7101690182728244,1
validation,logistic_regression,0,0.19840535201768555,0
validation,logistic_regression,1,0.8299251488578776,1
validation,logistic_regression,0,0.7260959451997301,1
validation,logistic_regression,0,0.19368800712553025,0
validation,logistic_regression,1,0.7496612400998682,1
validation,logistic_regression,0,0.39365209709302906,0
validation,logistic_regression,0,0.8105690097637519,1
validation,logistic_regression,0,0.0014612915351362296,0
validation,logistic_regression,1,0.8405591633412366,1
validation,logistic_regression,0,0.05396407114136911,0
validation,logistic_regression,0,0.07929075597416473,0
validation,logistic_regression,0,0.0012115841838323857,0
validation,logistic_regression,1,0.9658559009000124,1
validation,logistic_regression,0,0.5692794564974698,0
validation,logistic_regression,1,0.27486639810229774,0
validation,logistic_regression,0,0.001189215995615284,0
validation,logistic_regression,0,0.6227924483766308,0
validation,logistic_regression,0,0.2091301296107711,0
validation,logistic_regression,0,0.17200762244674386,0
validation,logistic_regression,0,0.059688083217227766,0
validation,logistic_regression,0,0.9524093222070669,1
validation,logistic_regression,0,0.19904945505040017,0
validation,logistic_regression,0,0.9002429880862555,1
validation,logistic_regression,1,0.9116747725349722,1
validation,logistic_regression,0,0.05218858864235177,0
validation,logistic_regression,0,0.1952264643590498,0
validation,logistic_regression,0,0.028034918141762018,0
validation,logistic_regression,1,0.9574529672814602,1
validation,logistic_regression,0,0.3483834130804575,0
validation,logistic_regression,0,0.05955926781236275,0
validation,logistic_regression,0,0.02743007412883841,0
validation,logistic_regression,0,0.3584045993194054,0
validation,logistic_regression,0,0.21611575487395024,0
validation,logistic_regression,0,0.0973975277250201,0
validation,logistic_regression,0,0.5738848389135427,0
validation,logistic_regression,1,0.913023624589112,1
validation,logistic_regression,0,0.0015704168362348152,0
validation,logistic_regression,0,0.22667342481158884,0
validation,logistic_regression,0,0.015442410619610212,0
validation,logistic_regression,0,0.06249931194684914,0
validation,logistic_regression,0,0.0038106269030653873,0
validation,logistic_regression,1,0.486971176242022,0
validation,logistic_regression,0,0.14267344760211575,0
validation,logistic_regression,0,0.5402690800689772,0
validation,logistic_regression,0,0.26478793237067255,0
validation,logistic_regression,1,0.7651502312472876,1
validation,logistic_regression,0,0.2613428348842478,0
validation,logistic_regression,0,0.5493290255444344,0
validation,logistic_regression,0,0.43858766648437664,0
validation,logistic_regression,0,0.001234441819368949,0
validation,logistic_regression,0,0.37206938821241964,0
validation,logistic_regression,0,0.0005673727677768741,0
validation,logistic_regression,0,0.01052049317714712,0
validation,logistic_regression,0,0.03705798020834788,0
validation,logistic_regression,0,0.014358928387280671,0
validation,logistic_regression,0,0.0007694642399283434,0
validation,logistic_regression,0,0.044124169874491304,0
validation,logistic_regression,1,0.02678729149403708,0
validation,logistic_regression,0,0.5722677436310465,0
validation,logistic_regression,0,0.044253648777666535,0
validation,logistic_regression,1,0.4211149043457536,0
validation,logistic_regression,1,0.7237347499131126,1
validation,logistic_regression,0,0.47809622374928296,0
validation,logistic_regression,0,0.41769045602168214,0
validation,logistic_regression,0,0.42141310959427397,0
validation,logistic_regression,0,0.2571280372129553,0
validation,logistic_regression,0,0.9233867743979811,1
validation,logistic_regression,0,0.6617309415827851,0
validation,logistic_regression,0,0.03879200229482263,0
validation,logistic_regression,0,0.004726761347042207,0
validation,logistic_regression,0,0.5851830869881846,0
validation,logistic_regression,0,0.1481298777693155,0
validation,logistic_regression,0,0.6007733310692517,0
validation,logistic_regression,0,0.06957838585539121,0
validation,logistic_regression,0,0.04059882867214868,0
validation,logistic_regression,0,0.19321701257589402,0
validation,logistic_regression,0,0.8690330461999124,1
validation,logistic_regression,0,0.7266854011021396,1
validation,logistic_regression,0,0.028544984054476877,0
validation,logistic_regression,0,0.00020039874703702768,0
validation,logistic_regression,0,0.2853643068343214,0
validation,logistic_regression,0,0.0057156648676830206,0
validation,logistic_regression,0,0.3270798164499951,0
validation,logistic_regression,1,0.9804220412466735,1
validation,logistic_regression,0,0.7678144424767946,1
validation,logistic_regression,0,0.8035114353753514,1
validation,logistic_regression,0,0.15111988150691014,0
validation,logistic_regression,0,0.31767611797873924,0
validation,logistic_regression,0,0.13350983664720403,0
validation,logistic_regression,0,0.7179083168143435,1
validation,logistic_regression,0,0.24315617272861484,0
validation,logistic_regression,0,0.15559867216996726,0
validation,logistic_regression,0,0.31287189815606625,0
validation,logistic_regression,0,0.014942520381506385,0
validation,logistic_regression,1,0.9770798917662809,1
validation,logistic_regression,1,0.5527855530935626,0
validation,logistic_regression,1,0.7404943210860987,1
validation,logistic_regression,0,0.3578763309976454,0
validation,logistic_regression,0,0.09128122141005533,0
validation,logistic_regression,0,0.02965988174738024,0
validation,logistic_regression,1,0.9190652740064464,1
validation,logistic_regression,0,0.0015978118913832645,0
validation,logistic_regression,0,0.026367339931391596,0
validation,logistic_regression,0,0.03791927172305662,0
validation,logistic_regression,0,0.4295161434214893,0
validation,logistic_regression,0,0.7912996825276376,1
validation,logistic_regression,0,0.10545147969918067,0
validation,logistic_regression,0,0.10304986891047406,0
validation,logistic_regression,0,0.038926772113207816,0
validation,logistic_regression,0,0.30897838896565744,0
validation,logistic_regression,0,0.31118375968625783,0
validation,logistic_regression,0,0.22385981182672238,0
validation,logistic_regression,0,0.27928704140767074,0
validation,logistic_regression,0,0.1738122262783382,0
validation,logistic_regression,0,0.05713485623561295,0
validation,logistic_regression,0,0.09603160393995851,0
validation,logistic_regression,0,0.47262560980121376,0
validation,logistic_regression,0,0.1592403626534276,0
validation,logistic_regression,0,0.19853869051706258,0
validation,logistic_regression,0,0.003100846853170856,0
validation,logistic_regression,0,0.01886752487000634,0
validation,logistic_regression,0,0.1374389906891797,0
validation,logistic_regression,0,0.8236618531455508,1
validation,logistic_regression,0,0.4674321936908161,0
validation,logistic_regression,1,0.9276832465570354,1
validation,logistic_regression,0,0.559563221175301,0
validation,logistic_regression,0,0.24272298223616243,0
validation,logistic_regression,0,0.37200301873678704,0
validation,logistic_regression,0,0.03592364918714806,0
validation,logistic_regression,0,0.0006043818519790389,0
validation,logistic_regression,0,0.0031121194625407535,0
validation,logistic_regression,0,0.001590025854140408,0
validation,logistic_regression,0,0.7318611181349853,1
validation,logistic_regression,0,0.6126289418908116,0
validation,logistic_regression,0,0.83692052856993,1
validation,logistic_regression,0,0.5472497026999813,0
validation,logistic_regression,0,0.08361017782624937,0
validation,logistic_regression,0,0.053322153502358395,0
validation,logistic_regression,1,0.8711580588528639,1
validation,logistic_regression,0,0.010351255085654319,0
validation,logistic_regression,0,0.008774995332002499,0
validation,logistic_regression,0,0.08873164236779602,0
validation,logistic_regression,0,0.7967512123528621,1
validation,logistic_regression,0,0.7323012780482723,1
validation,logistic_regression,0,0.05881917524996805,0
validation,logistic_regression,0,0.20186333393176653,0
validation,logistic_regression,0,0.04102312595997519,0
validation,logistic_regression,0,0.06826332416758527,0
validation,logistic_regression,0,0.6984492340049,1
validation,logistic_regression,0,0.0012725784623671469,0
validation,logistic_regression,0,0.1843250706001587,0
validation,logistic_regression,0,0.8594821161766967,1
validation,logistic_regression,0,0.014077380657207027,0
validation,logistic_regression,0,0.07464457354612138,0
validation,logistic_regression,0,0.02208676012590517,0
validation,logistic_regression,0,0.9568360494012541,1
validation,logistic_regression,0,0.06236173811976329,0
validation,logistic_regression,0,0.4278790854152998,0
validation,logistic_regression,0,0.00043587963825713564,0
validation,logistic_regression,1,0.8670618901131082,1
validation,logistic_regression,0,0.9732082700502089,1
validation,logistic_regression,0,0.4892600499828978,0
validation,logistic_regression,1,0.7848093519198401,1
validation,logistic_regression,1,0.6352342787105556,0
validation,logistic_regression,0,0.00036950145175357855,0
validation,logistic_regression,0,0.10932528527896829,0
validation,logistic_regression,0,0.001261452951187265,0
validation,logistic_regression,0,0.11056314279806466,0
validation,logistic_regression,0,0.000634997813857928,0
validation,logistic_regression,0,0.44031485016805594,0
validation,logistic_regression,0,0.027342345285458022,0
validation,logistic_regression,0,0.03352330840961726,0
validation,logistic_regression,0,0.7123353690649292,1
validation,logistic_regression,0,0.49565527532734227,0
validation,logistic_regression,0,0.05540710982387807,0
validation,logistic_regression,0,0.006982489821476385,0
validation,logistic_regression,0,0.0007456948122376985,0
validation,logistic_regression,1,0.3208392544364835,0
validation,logistic_regression,0,0.030284308396970935,0
validation,logistic_regression,1,0.34584987122508487,0
validation,logistic_regression,1,0.5339884278634849,0
validation,logistic_regression,0,0.0430848368608012,0
validation,logistic_regression,0,0.3520038588210694,0
validation,logistic_regression,0,0.00012014153056525857,0
validation,logistic_regression,0,0.09169165852053675,0
validation,logistic_regression,0,0.0009794177594841448,0
validation,logistic_regression,1,0.2739135953282522,0
validation,logistic_regression,0,0.00732471550286824,0
validation,logistic_regression,1,0.8579014851457318,1
validation,logistic_regression,0,0.0056578597488053,0
validation,logistic_regression,0,0.0051058322987400625,0
validation,logistic_regression,0,0.13682567336624096,0
validation,logistic_regression,0,0.003853024679742888,0
validation,logistic_regression,0,0.02479245931386192,0
validation,logistic_regression,0,0.9211440653807096,1
validation,logistic_regression,0,0.01616126783085301,0
validation,logistic_regression,0,0.9051353708714984,1
validation,logistic_regression,0,0.0903455429481532,0
validation,logistic_regression,0,0.07081580865425781,0
validation,logistic_regression,0,0.03079849627085484,0
validation,logistic_regression,1,0.9774747192083504,1
validation,logistic_regression,0,0.005246899554828463,0
validation,logistic_regression,0,0.07760627091097315,0
validation,logistic_regression,0,0.0008728428707403045,0
validation,logistic_regression,0,0.003304791662768229,0
validation,logistic_regression,1,0.9328718880288455,1
validation,logistic_regression,0,0.000891046858621199,0
validation,logistic_regression,0,0.10833034154205086,0
validation,logistic_regression,0,0.055398733912903314,0
validation,logistic_regression,1,0.6872066529234749,1
validation,logistic_regression,0,0.002048910575694177,0
validation,logistic_regression,1,0.9629564512940262,1
validation,logistic_regression,0,0.7042984101604031,1
validation,logistic_regression,1,0.9318157667396424,1
validation,logistic_regression,0,0.5141940530497872,0
validation,logistic_regression,0,0.46990406382103306,0
validation,logistic_regression,0,0.2869446730963796,0
validation,logistic_regression,0,0.0426418490441308,0
validation,logistic_regression,0,0.0004660349881506439,0
validation,logistic_regression,0,0.10792262298697587,0
validation,logistic_regression,0,0.00031270883589709907,0
validation,logistic_regression,0,0.06552819160588957,0
validation,logistic_regression,0,0.043193534117978966,0
validation,logistic_regression,0,0.0008002492567707859,0
validation,logistic_regression,0,0.7124716397435302,1
validation,logistic_regression,0,0.6853966110442494,1
validation,logistic_regression,1,0.6215840569825315,0
validation,logistic_regression,0,0.31788593316958375,0
validation,logistic_regression,0,0.514899414717015,0
validation,logistic_regression,0,0.002119642844574471,0
validation,logistic_regression,0,0.0009564702838415431,0
validation,logistic_regression,0,0.4210771548719034,0
validation,logistic_regression,0,0.2352503336719476,0
validation,logistic_regression,1,0.8866869087157359,1
validation,logistic_regression,0,0.35133754039236265,0
validation,logistic_regression,1,0.5291644536754648,0
validation,logistic_regression,0,0.01993516532644675,0
validation,logistic_regression,1,0.9217166230435285,1
validation,logistic_regression,0,0.00037456004020841415,0
validation,logistic_regression,0,0.2249931320931905,0
validation,logistic_regression,0,0.07659360679707963,0
validation,logistic_regression,0,0.25780778529149084,0
validation,logistic_regression,0,0.19358122539441464,0
validation,logistic_regression,0,0.019831725668229192,0
validation,logistic_regression,0,0.005252293159522988,0
validation,logistic_regression,0,0.023805758375130163,0
validation,logistic_regression,0,0.3267639617660326,0
validation,logistic_regression,0,0.16672821886502517,0
validation,logistic_regression,0,0.038965088598749545,0
validation,logistic_regression,0,0.05788834282084919,0
validation,logistic_regression,1,0.7745630851914741,1
validation,logistic_regression,0,0.00027434874404294786,0
validation,logistic_regression,0,0.8827443834496813,1
validation,logistic_regression,0,0.004161370629341284,0
validation,logistic_regression,0,0.026459589897895524,0
validation,logistic_regression,1,0.5659380369191287,0
validation,logistic_regression,0,0.014286180681924412,0
validation,logistic_regression,0,0.23396141131247283,0
validation,logistic_regression,0,0.08958336937647973,0
validation,logistic_regression,0,0.10062536931185903,0
validation,logistic_regression,1,0.9090908929470293,1
validation,logistic_regression,0,0.02083952384936242,0
validation,logistic_regression,1,0.6765755334901351,0
validation,logistic_regression,0,0.4565333646469839,0
validation,logistic_regression,0,0.018658450339175122,0
validation,logistic_regression,0,0.0014739172919790522,0
validation,logistic_regression,0,0.1914312155290427,0
validation,logistic_regression,0,0.3788489514444806,0
validation,logistic_regression,0,0.042665976695018266,0
validation,logistic_regression,0,0.8618549196469802,1
validation,logistic_regression,1,0.9869659771305235,1
validation,logistic_regression,1,0.9609582489057963,1
validation,logistic_regression,0,0.04722506435861456,0
validation,logistic_regression,0,0.0014160042766222427,0
validation,logistic_regression,0,0.0776830152800512,0
validation,logistic_regression,0,0.06952666018096261,0
validation,logistic_regression,0,0.2084469794560322,0
validation,logistic_regression,0,0.0013684417255192733,0
validation,logistic_regression,0,0.22568415966163388,0
validation,logistic_regression,0,0.07328801488160404,0
validation,logistic_regression,0,0.08822400600233726,0
validation,logistic_regression,0,0.1306766860334562,0
validation,logistic_regression,0,0.14131647905695296,0
validation,logistic_regression,0,0.008514999146064647,0
validation,logistic_regression,0,0.00037839209216006676,0
validation,logistic_regression,0,0.003397272046954038,0
validation,logistic_regression,0,0.02783525057920996,0
validation,logistic_regression,0,0.42003524691549743,0
validation,logistic_regression,0,0.0006197099760745575,0
validation,logistic_regression,0,0.9391885342738636,1
validation,logistic_regression,0,0.0007738235539272087,0
validation,logistic_regression,0,0.34400055779803396,0
validation,logistic_regression,0,0.3595307342977612,0
validation,logistic_regression,0,0.0613119293166119,0
validation,logistic_regression,0,0.0971800700955342,0
validation,logistic_regression,0,0.10216414987324005,0
validation,logistic_regression,0,0.09854588691931902,0
validation,logistic_regression,1,0.9869215320079372,1
validation,logistic_regression,0,0.2610187868246889,0
validation,logistic_regression,0,0.06122240247860219,0
validation,logistic_regression,0,0.003689382521831059,0
validation,logistic_regression,1,0.3682432096730474,0
validation,logistic_regression,0,0.07261892243733709,0
validation,logistic_regression,0,0.05285338441149251,0
validation,logistic_regression,0,0.008517001926556151,0
validation,logistic_regression,0,0.018269583341621803,0
validation,logistic_regression,0,0.029811704562177386,0
validation,logistic_regression,0,0.4583289460049374,0
validation,logistic_regression,0,0.23134390104731684,0
validation,logistic_regression,0,0.24336797488964285,0
validation,logistic_regression,0,0.0010035207872527755,0
validation,logistic_regression,0,0.041754518341033234,0
validation,logistic_regression,0,0.04853807100407123,0
validation,logistic_regression,1,0.9048051208121316,1
validation,logistic_regression,0,0.0002503751581371444,0
validation,logistic_regression,0,0.613924007857439,0
validation,logistic_regression,0,0.0007966479006509557,0
validation,logistic_regression,0,0.5240756737646879,0
validation,logistic_regression,0,0.8003529314208483,1
validation,logistic_regression,0,0.13295548644174754,0
validation,logistic_regression,0,0.05418153110729961,0
validation,logistic_regression,0,0.0695212733339769,0
validation,logistic_regression,0,0.1518445131724278,0
validation,logistic_regression,1,0.029455983836910678,0
validation,logistic_regression,0,0.19842526477383354,0
validation,logistic_regression,0,0.8837421048551174,1
validation,logistic_regression,0,0.4550418893140979,0
validation,logistic_regression,0,0.08543124877465144,0
validation,logistic_regression,0,0.5135953436983459,0
validation,logistic_regression,0,0.005468024863120599,0
validation,logistic_regression,0,0.11177275348808846,0
validation,logistic_regression,0,0.6044225404158154,0
validation,logistic_regression,0,0.7364441722392403,1
validation,logistic_regression,1,0.9350109100196844,1
validation,logistic_regression,0,0.07923072013690897,0
validation,logistic_regression,0,0.7222908186110975,1
validation,logistic_regression,0,0.8515516760166564,1
validation,logistic_regression,0,0.03549469146256332,0
validation,logistic_regression,0,0.5912468851117769,0
validation,logistic_regression,0,0.02885862133904056,0
validation,logistic_regression,0,0.01250816066201872,0
validation,logistic_regression,0,0.48779754491937694,0
validation,logistic_regression,0,0.3055046118882015,0
validation,logistic_regression,0,0.0828675051509023,0
validation,logistic_regression,0,0.020722155072905958,0
validation,logistic_regression,0,0.5750096372185036,0
validation,logistic_regression,0,0.6944571316327621,1
validation,logistic_regression,0,0.03728417184271157,0
validation,logistic_regression,1,0.130820554449126,0
validation,logistic_regression,0,0.30710479876190044,0
validation,logistic_regression,0,0.2474784093421111,0
validation,logistic_regression,0,0.11286873745844118,0
validation,logistic_regression,1,0.9461095261421121,1
validation,logistic_regression,0,0.2524402996969746,0
validation,logistic_regression,0,0.2163801838661789,0
validation,logistic_regression,0,0.5281248951421234,0
validation,logistic_regression,0,0.42134996897889054,0
validation,logistic_regression,0,0.07981893086186365,0
validation,logistic_regression,1,0.8018082508541957,1
validation,logistic_regression,1,0.9586316420478408,1
validation,logistic_regression,0,0.04424185523178248,0
validation,logistic_regression,0,0.1779426556608033,0
validation,logistic_regression,0,0.5477550567864501,0
validation,logistic_regression,0,0.10035130940838806,0
validation,logistic_regression,0,0.018679648893883467,0
validation,logistic_regression,0,0.01894682555725695,0
validation,logistic_regression,0,0.0031982059311800896,0
validation,logistic_regression,0,0.04482952805785932,0
validation,logistic_regression,0,0.1250915692085137,0
validation,logistic_regression,0,0.06033696667443232,0
validation,logistic_regression,0,0.011541247382168229,0
validation,logistic_regression,1,0.9370641983448765,1
validation,logistic_regression,0,0.0034700044857923235,0
validation,logistic_regression,0,0.1509856324049392,0
validation,logistic_regression,1,0.5397800905401312,0
validation,logistic_regression,0,0.6180876382940799,0
validation,logistic_regression,0,0.8168439825522564,1
validation,logistic_regression,0,0.06284370728834353,0
validation,logistic_regression,0,0.14627210890145292,0
validation,logistic_regression,0,0.013582801496330234,0
validation,logistic_regression,0,0.15239545409547942,0
validation,logistic_regression,0,0.7606991129979589,1
validation,logistic_regression,0,0.002740800383619895,0
validation,logistic_regression,0,0.6670411050485568,0
validation,logistic_regression,0,0.23869948215778042,0
validation,logistic_regression,0,0.013440927833093166,0
validation,logistic_regression,0,0.0021566580439878556,0
validation,logistic_regression,0,0.00767886971651782,0
validation,logistic_regression,0,0.5062141700422483,0
validation,logistic_regression,0,0.004922746142994793,0
validation,logistic_regression,0,0.013004815859528613,0
validation,logistic_regression,0,0.06667538180280086,0
validation,logistic_regression,1,0.6673027850859404,0
validation,logistic_regression,1,0.9204159570844563,1
validation,logistic_regression,0,0.05254060539433284,0
validation,logistic_regression,0,0.5249972642934474,0
validation,logistic_regression,0,0.07284605615576868,0
validation,logistic_regression,0,0.028856442193167284,0
validation,logistic_regression,0,0.8018818371190177,1
validation,logistic_regression,0,5.698611538471654e-05,0
validation,logistic_regression,0,0.12022755091426658,0
validation,logistic_regression,0,0.012825256611725505,0
validation,logistic_regression,0,0.47834676030574313,0
validation,logistic_regression,0,0.5846957622367062,0
validation,logistic_regression,1,0.783065672611525,1
validation,logistic_regression,0,0.04535623724530625,0
validation,logistic_regression,0,0.0014075128868020835,0
validation,logistic_regression,0,0.00714261001128413,0
validation,logistic_regression,0,0.0005679082216370727,0
validation,logistic_regression,0,0.7220598438059319,1
validation,logistic_regression,1,0.8167986064766901,1
validation,logistic_regression,0,0.004445901282149395,0
validation,logistic_regression,0,0.3020412850459571,0
validation,logistic_regression,1,0.7898793336591812,1
validation,logistic_regression,1,0.23062641786696142,0
validation,logistic_regression,0,0.15992481160412061,0
validation,logistic_regression,1,0.07228410756553481,0
validation,logistic_regression,0,0.8699939526830348,1
validation,logistic_regression,1,0.9171320840069501,1
validation,logistic_regression,0,0.08124516445757944,0
validation,logistic_regression,0,0.5723166385022405,0
validation,logistic_regression,0,0.6681761860496674,0
validation,logistic_regression,1,0.8219107544461925,1
validation,logistic_regression,0,0.0021577037014561726,0
validation,logistic_regression,0,0.04447718569390777,0
validation,logistic_regression,1,0.7078713864311106,1
validation,logistic_regression,0,0.010240156182244853,0
validation,logistic_regression,0,0.0016898768619291625,0
validation,logistic_regression,1,0.9789391433076208,1
validation,logistic_regression,0,0.43439069278320613,0
validation,logistic_regression,0,0.027533759488489688,0
validation,logistic_regression,0,0.012723265968683822,0
validation,logistic_regression,0,0.3361283693800949,0
validation,logistic_regression,0,0.02676667747643123,0
validation,logistic_regression,0,0.0003289546973661686,0
validation,logistic_regression,0,0.6352049684202608,0
validation,logistic_regression,0,0.6074972403845644,0
validation,logistic_regression,0,0.9323222612773748,1
validation,logistic_regression,0,0.07700424745731897,0
validation,logistic_regression,0,0.19403643389695635,0
validation,logistic_regression,0,0.01707428217275438,0
validation,logistic_regression,0,0.00257961263809947,0
validation,logistic_regression,0,0.6169792890142248,0
validation,logistic_regression,0,0.7311639184343963,1
validation,logistic_regression,0,0.00020165999141036526,0
validation,logistic_regression,0,0.5027906872870188,0
validation,logistic_regression,0,0.017080983721019762,0
validation,logistic_regression,0,0.011147827960566906,0
validation,logistic_regression,0,0.14315839978214606,0
validation,logistic_regression,1,0.9353880060581654,1
validation,logistic_regression,0,0.01253931606361517,0
validation,logistic_regression,0,0.5480967142876257,0
validation,logistic_regression,0,0.007044568006912516,0
validation,logistic_regression,0,0.12067227837326545,0
validation,logistic_regression,0,0.24765206629771686,0
validation,logistic_regression,0,0.40190419799931765,0
validation,logistic_regression,0,0.388109714298611,0
validation,logistic_regression,0,0.12802623942891928,0
validation,logistic_regression,0,0.037819992082104764,0
validation,logistic_regression,0,0.8390587194776769,1
validation,logistic_regression,0,0.8511294664321357,1
validation,logistic_regression,0,0.010819284080498811,0
validation,logistic_regression,0,0.0024714314006546493,0
validation,logistic_regression,0,0.6631851966066876,0
validation,logistic_regression,0,0.5953129764315448,0
validation,logistic_regression,0,0.010875521315539632,0
validation,logistic_regression,0,0.37752286354444214,0
validation,logistic_regression,0,0.0488961661743447,0
validation,logistic_regression,0,0.48507811998524974,0
validation,logistic_regression,1,0.9635100901007809,1
validation,logistic_regression,0,0.062061920152769616,0
validation,logistic_regression,0,0.10530118659733267,0
validation,logistic_regression,0,0.17405374497611217,0
validation,logistic_regression,0,0.06944642776687637,0
validation,logistic_regression,0,0.46132767915691014,0
validation,logistic_regression,0,0.16192204262769724,0
validation,logistic_regression,0,0.8457652024068714,1
validation,logistic_regression,0,0.19948673738361264,0
validation,logistic_regression,0,0.09043265230697278,0
validation,logistic_regression,0,0.8978962579069297,1
validation,logistic_regression,0,0.3591105857072202,0
validation,logistic_regression,0,0.14428104791651886,0
validation,logistic_regression,1,0.9736108482165532,1
validation,logistic_regression,0,0.1847416242579817,0
validation,logistic_regression,0,0.04894202467132135,0
validation,logistic_regression,0,0.1281360920369216,0
validation,logistic_regression,0,0.1275010064822748,0
validation,logistic_regression,1,0.9737903453464078,1
validation,logistic_regression,0,0.7274734767407434,1
validation,logistic_regression,0,0.10764066910503299,0
validation,logistic_regression,0,0.38636910916051087,0
validation,logistic_regression,0,0.14547020339040873,0
validation,logistic_regression,1,0.6972195302022663,1
validation,logistic_regression,0,0.12896502607404134,0
validation,logistic_regression,0,0.10041394280323414,0
validation,logistic_regression,0,0.35552727032276055,0
validation,logistic_regression,0,0.006055000082650083,0
validation,logistic_regression,0,0.07421371924203463,0
validation,logistic_regression,0,0.7919436271642466,1
validation,logistic_regression,0,0.09490317046533475,0
validation,logistic_regression,0,0.14882744032233666,0
validation,logistic_regression,0,0.6233563686368162,0
validation,logistic_regression,0,0.03960181750460545,0
validation,logistic_regression,0,0.004688963407558278,0
validation,logistic_regression,0,0.42146416149318716,0
validation,logistic_regression,0,0.16366743288883712,0
validation,logistic_regression,0,0.05665879922406127,0
validation,logistic_regression,1,0.9479726494475612,1
validation,logistic_regression,0,0.16536411375312002,0
validation,logistic_regression,0,0.9490351137204146,1
validation,logistic_regression,0,0.911574260229077,1
validation,logistic_regression,1,0.991009373456397,1
validation,logistic_regression,0,0.018692248648549445,0
validation,logistic_regression,0,0.05583657164494803,0
validation,logistic_regression,0,0.1974869173293358,0
validation,logistic_regression,0,0.07033280459735444,0
validation,logistic_regression,0,0.004173248161086907,0
validation,logistic_regression,0,0.09043093245186547,0
validation,logistic_regression,1,0.2876741345472217,0
validation,logistic_regression,0,0.47060775948140104,0
validation,logistic_regression,0,0.10283610339791409,0
validation,logistic_regression,0,0.04305528108036788,0
validation,logistic_regression,0,0.06437814748496863,0
validation,logistic_regression,0,0.2171413125576934,0
validation,logistic_regression,0,0.005975013497696148,0
validation,logistic_regression,1,0.9740498910557711,1
validation,logistic_regression,0,0.0007337414054571727,0
validation,logistic_regression,0,0.9222222067886379,1
validation,logistic_regression,0,0.036215246142025724,0
validation,logistic_regression,0,0.004158772307914998,0
validation,logistic_regression,1,0.41041208015775554,0
validation,logistic_regression,0,0.12836732866945114,0
validation,logistic_regression,0,0.8620458277412071,1
validation,logistic_regression,0,0.0022842445688159296,0
validation,logistic_regression,0,0.01874330692116433,0
validation,logistic_regression,0,0.5423175826332907,0
validation,logistic_regression,0,0.014117413485007125,0
validation,logistic_regression,1,0.8111915513400029,1
validation,logistic_regression,0,0.022764567905570684,0
validation,logistic_regression,0,0.10310245623837966,0
validation,logistic_regression,0,0.6635617775086179,0
validation,logistic_regression,0,0.06789644236614484,0
validation,logistic_regression,0,0.1577631248728403,0
validation,logistic_regression,1,0.7367585473589943,1
validation,logistic_regression,0,0.05354005826672183,0
validation,logistic_regression,0,0.15187672016467232,0
validation,logistic_regression,0,0.002063997071520401,0
validation,logistic_regression,0,0.10548832017927086,0
validation,logistic_regression,0,0.8585327198369385,1
validation,logistic_regression,0,0.019210013383230622,0
validation,logistic_regression,0,0.0036530271504262176,0
validation,logistic_regression,0,0.007558480263003349,0
validation,logistic_regression,0,0.0018492775604194327,0
validation,logistic_regression,1,0.596446780598201,0
validation,logistic_regression,1,0.557355305104363,0
validation,logistic_regression,1,0.8540437967724885,1
validation,logistic_regression,0,0.7999570040158357,1
validation,logistic_regression,0,0.4280664441510277,0
validation,logistic_regression,0,0.003637561534824648,0
validation,logistic_regression,0,0.8624911759464107,1
validation,logistic_regression,0,0.5301076635195039,0
validation,logistic_regression,0,0.013032944987294839,0
validation,logistic_regression,0,0.100065373565944,0
validation,logistic_regression,0,0.07263935033712157,0
validation,logistic_regression,0,0.0001592875296926326,0
validation,logistic_regression,1,0.24439909705189347,0
validation,logistic_regression,1,0.7940802347230597,1
validation,logistic_regression,1,0.9772756655911398,1
validation,logistic_regression,0,0.2133310458927479,0
validation,logistic_regression,0,0.08789015681555382,0
validation,logistic_regression,0,0.6408229685141021,0
validation,logistic_regression,0,0.5972698285299991,0
validation,logistic_regression,0,0.09091615420819409,0
validation,logistic_regression,1,0.8290339478242588,1
validation,logistic_regression,0,0.33503232237433356,0
validation,logistic_regression,0,0.0695761888997113,0
validation,logistic_regression,0,0.14217214263532443,0
validation,logistic_regression,0,0.2687253554620679,0
validation,logistic_regression,0,0.8746252576227694,1
validation,logistic_regression,0,0.05115898689154666,0
validation,logistic_regression,0,0.32111623919797316,0
validation,logistic_regression,0,0.12491545178567214,0
validation,logistic_regression,0,0.6541879124056346,0
validation,logistic_regression,0,0.044619265253271805,0
validation,logistic_regression,0,0.013883060320835023,0
validation,logistic_regression,0,0.19692808543323947,0
validation,logistic_regression,1,0.5430155282863639,0
validation,logistic_regression,0,0.08469349005616153,0
validation,logistic_regression,0,0.05254121911940588,0
validation,logistic_regression,1,0.7139343636696958,1
validation,logistic_regression,0,0.01959278124896711,0
validation,logistic_regression,0,0.1148438011150061,0
validation,logistic_regression,0,0.07484496455807611,0
validation,logistic_regression,0,0.4206188221318668,0
validation,logistic_regression,0,0.2618426480003743,0
validation,logistic_regression,0,0.5962121645153737,0
validation,logistic_regression,0,0.8976116123780826,1
validation,logistic_regression,0,0.45681766376598737,0
validation,logistic_regression,1,0.9540021720775351,1
validation,logistic_regression,0,0.002262611949467369,0
validation,logistic_regression,0,0.31500954237593093,0
validation,logistic_regression,0,0.5956304773982618,0
validation,logistic_regression,1,0.8575730409915576,1
validation,logistic_regression,0,0.020440211241544097,0
validation,logistic_regression,1,0.9630464242041572,1
validation,logistic_regression,0,0.16711335750548073,0
validation,logistic_regression,0,0.23743072342733734,0
validation,logistic_regression,0,0.6874201341128613,1
validation,logistic_regression,0,0.021380673990373526,0
validation,logistic_regression,0,0.007092009590223997,0
validation,logistic_regression,0,0.07977191172445333,0
validation,logistic_regression,0,0.26602762603230884,0
validation,logistic_regression,0,0.4320867254129904,0
validation,logistic_regression,0,0.2791065959683797,0
validation,logistic_regression,0,0.8460887267857333,1
validation,logistic_regression,1,0.7110557039732995,1
validation,logistic_regression,0,0.26030048673582584,0
validation,logistic_regression,0,0.47962558191791427,0
validation,logistic_regression,1,0.2160122967101497,0
validation,logistic_regression,0,0.13856866436291027,0
validation,logistic_regression,1,0.9107380167496419,1
validation,logistic_regression,0,0.054507446747041145,0
validation,logistic_regression,0,0.5005586741013404,0
validation,logistic_regression,0,0.6010776504099763,0
validation,logistic_regression,0,0.28643616819516565,0
validation,logistic_regression,0,0.000547559433065987,0
validation,logistic_regression,0,0.12166569151136751,0
validation,logistic_regression,0,0.32802141158573156,0
validation,logistic_regression,0,0.001092546806018866,0
validation,logistic_regression,0,0.02428120467117692,0
validation,logistic_regression,0,0.19232072971665534,0
validation,logistic_regression,0,0.08441207864334607,0
validation,logistic_regression,0,0.5151442640747349,0
validation,logistic_regression,1,0.9622010262736954,1
validation,logistic_regression,0,0.004952349293113968,0
validation,logistic_regression,0,0.4090045056507823,0
validation,logistic_regression,0,0.015711979922236847,0
validation,logistic_regression,0,0.002343355412506186,0
validation,logistic_regression,0,0.001867389976738293,0
validation,logistic_regression,0,0.14069966819831922,0
validation,logistic_regression,0,0.5452475261858584,0
validation,logistic_regression,0,0.0003152712036691615,0
validation,logistic_regression,0,0.19187546299029962,0
validation,logistic_regression,0,0.18144437557852744,0
validation,logistic_regression,0,0.016473267136113346,0
validation,logistic_regression,0,0.6716755158301907,0
validation,logistic_regression,0,0.006789014220919948,0
validation,logistic_regression,0,0.8855953784898017,1
validation,logistic_regression,0,0.011641426592975975,0
validation,logistic_regression,0,0.001504791984728729,0
validation,logistic_regression,0,0.08518306441148411,0
validation,logistic_regression,0,0.06472405118970445,0
validation,logistic_regression,0,0.3758829755138578,0
validation,logistic_regression,0,0.0020014055052644023,0
validation,logistic_regression,0,0.10958343431338581,0
validation,logistic_regression,0,0.0477081808918314,0
validation,logistic_regression,0,0.006276965304802805,0
validation,logistic_regression,0,0.7522861912509422,1
validation,logistic_regression,0,0.6882349567521384,1
validation,logistic_regression,0,0.012992938754910269,0
validation,logistic_regression,0,0.023716199687989468,0
validation,logistic_regression,0,0.011034890725035947,0
validation,logistic_regression,0,0.10479290130258945,0
validation,logistic_regression,0,0.3708935181499578,0
validation,logistic_regression,1,0.9493020477514115,1
validation,logistic_regression,0,0.006061264460524902,0
validation,logistic_regression,0,0.04021393777005994,0
validation,logistic_regression,0,0.04260441646694675,0
validation,logistic_regression,1,0.9765210242589139,1
validation,logistic_regression,1,0.8952513034610056,1
validation,logistic_regression,0,0.6166938108669981,0
validation,logistic_regression,0,0.023565398929642746,0
validation,logistic_regression,0,0.5002044897746898,0
validation,logistic_regression,0,0.7994863546792468,1
validation,logistic_regression,0,0.024018004164206904,0
validation,logistic_regression,0,0.008178984405689642,0
validation,logistic_regression,0,0.05850835150586245,0
validation,logistic_regression,0,0.868083544242245,1
validation,logistic_regression,0,0.003837764994587279,0
validation,logistic_regression,0,0.029438578641813453,0
validation,logistic_regression,0,0.393562040561937,0
validation,logistic_regression,0,0.524976007484473,0
validation,logistic_regression,0,0.05010949327352451,0
validation,logistic_regression,0,0.7341094539173061,1
validation,logistic_regression,0,0.0016337798002486802,0
validation,logistic_regression,0,0.007202067775513616,0
validation,logistic_regression,0,0.5916665126486109,0
validation,logistic_regression,0,0.8122574218344969,1
validation,logistic_regression,0,0.03745794859462233,0
validation,logistic_regression,1,0.9235016670852553,1
validation,logistic_regression,0,0.67529535193797,0
validation,logistic_regression,0,0.2319425595161194,0
validation,logistic_regression,0,0.009303023248741505,0
validation,logistic_regression,1,0.18048532058221936,0
validation,logistic_regression,0,0.021926111335084975,0
validation,logistic_regression,0,0.00106904598266196,0
validation,logistic_regression,0,0.013099582011585521,0
validation,logistic_regression,0,0.08066032248901962,0
validation,logistic_regression,1,0.8983828113101703,1
validation,logistic_regression,0,0.33743763533665744,0
validation,logistic_regression,0,0.533565650094457,0
validation,logistic_regression,0,0.545966367956504,0
validation,logistic_regression,0,0.007733647602407032,0
validation,logistic_regression,0,0.002412427963150388,0
validation,logistic_regression,0,0.002238868101544384,0
validation,logistic_regression,0,0.7043044478087103,1
validation,logistic_regression,0,0.13999400555254476,0
validation,logistic_regression,0,0.13128545932605176,0
validation,logistic_regression,0,0.1010263815001644,0
validation,logistic_regression,0,0.7600081736379053,1
validation,logistic_regression,0,0.0006220795720337709,0
validation,logistic_regression,1,0.9263127535163178,1
validation,logistic_regression,0,0.004063829930304247,0
validation,logistic_regression,1,0.9757463387877728,1
validation,logistic_regression,1,0.7988651870445683,1
validation,logistic_regression,0,0.0005515739315241788,0
validation,logistic_regression,0,0.04295464540063589,0
validation,logistic_regression,0,0.8990297875320461,1
validation,logistic_regression,0,0.06794304366650523,0
validation,logistic_regression,0,0.3592882062122322,0
validation,logistic_regression,0,0.14902853374334687,0
validation,logistic_regression,0,0.0604921363953724,0
validation,logistic_regression,0,0.8428869914956559,1
validation,logistic_regression,0,0.3921283823784679,0
validation,logistic_regression,0,0.11173844965142679,0
validation,logistic_regression,0,0.013239536221671322,0
validation,logistic_regression,0,0.007524316761438141,0
validation,logistic_regression,0,0.2741446987574413,0
validation,logistic_regression,1,0.9671456186679448,1
validation,logistic_regression,0,0.07589028990486363,0
validation,logistic_regression,1,0.7495645917485363,1
validation,logistic_regression,0,0.0397804598360112,0
validation,logistic_regression,1,0.9167950261237665,1
validation,logistic_regression,0,0.8323891327325008,1
validation,logistic_regression,1,0.4517364156455974,0
validation,logistic_regression,0,0.0879697289186233,0
validation,logistic_regression,1,0.2636589605941739,0
validation,logistic_regression,0,0.0023329899944676013,0
validation,logistic_regression,0,0.06684784438294558,0
validation,logistic_regression,0,0.25382137706919045,0
validation,logistic_regression,0,0.005600758968307907,0
validation,logistic_regression,0,0.10052619239657035,0
validation,logistic_regression,0,0.09592375921031969,0
validation,logistic_regression,0,0.3397770969428523,0
validation,logistic_regression,0,0.031122241730676434,0
validation,logistic_regression,0,0.11631656846438629,0
validation,logistic_regression,1,0.8880926637966021,1
validation,logistic_regression,1,0.1474002024720562,0
validation,logistic_regression,0,0.015579693238260752,0
validation,logistic_regression,0,0.03365963770974134,0
validation,logistic_regression,0,0.7926997017951241,1
validation,logistic_regression,0,0.11242450869009922,0
validation,logistic_regression,0,0.8708059893058128,1
validation,logistic_regression,0,0.8035471465928473,1
validation,logistic_regression,0,0.877875374506101,1
validation,logistic_regression,1,0.7620664603313464,1
validation,logistic_regression,0,0.03328588823853011,0
validation,logistic_regression,0,0.08491094134694331,0
validation,logistic_regression,0,0.01592894459677377,0
validation,logistic_regression,0,0.40121487973272785,0
validation,logistic_regression,1,0.09228569993252818,0
validation,logistic_regression,1,0.9259814826576892,1
validation,logistic_regression,0,0.023043838393448222,0
validation,logistic_regression,0,0.0009369681434081295,0
validation,logistic_regression,1,0.544780139160746,0
validation,logistic_regression,0,0.017386133769564986,0
validation,logistic_regression,0,0.0681603178413496,0
validation,logistic_regression,0,2.8999849929128967e-05,0
validation,logistic_regression,0,0.9348757821783636,1
validation,logistic_regression,0,0.45466623666137423,0
validation,logistic_regression,0,0.27243733127581393,0
validation,logistic_regression,0,0.004439948384647365,0
validation,logistic_regression,0,0.9620717041550595,1
validation,logistic_regression,0,0.11356375817790061,0
validation,logistic_regression,0,0.16412572066872036,0
validation,logistic_regression,1,0.9816963407592935,1
validation,logistic_regression,0,0.08555032675614505,0
validation,logistic_regression,0,0.06693220738164736,0
validation,logistic_regression,0,0.031175466630999196,0
validation,logistic_regression,0,0.11346487286566587,0
validation,logistic_regression,0,0.825856329877192,1
validation,logistic_regression,0,0.4129004619606694,0
validation,logistic_regression,0,0.7546467242135441,1
validation,logistic_regression,0,0.02943874110259273,0
validation,logistic_regression,0,0.30088982564956623,0
validation,logistic_regression,1,0.24482404348366743,0
validation,logistic_regression,0,0.06341560976415428,0
validation,logistic_regression,0,0.0034141837865855084,0
validation,logistic_regression,0,0.015398181933451117,0
validation,logistic_regression,0,0.036621507932412756,0
validation,logistic_regression,1,0.7135013073758263,1
validation,logistic_regression,0,0.5320646723183476,0
validation,logistic_regression,0,0.1006515320743121,0
validation,logistic_regression,0,0.05213015680660628,0
validation,logistic_regression,1,0.539556177546834,0
validation,logistic_regression,0,0.10366743131442022,0
validation,logistic_regression,0,0.3018007424303465,0
validation,logistic_regression,0,0.5304070449151843,0
validation,logistic_regression,0,0.04149058730465047,0
validation,logistic_regression,1,0.2735393606436112,0
validation,logistic_regression,0,0.376934821440708,0
validation,logistic_regression,1,0.9224529301538642,1
validation,logistic_regression,0,0.00021074647996918906,0
validation,logistic_regression,0,0.001002358120147163,0
validation,logistic_regression,0,0.14021190213887927,0
validation,logistic_regression,1,0.3313757610689704,0
validation,logistic_regression,0,0.0028501618584677066,0
validation,logistic_regression,0,0.024752114228289785,0
validation,logistic_regression,0,0.3260222722914864,0
validation,logistic_regression,0,0.014796885350833256,0
validation,logistic_regression,0,0.021569628608513434,0
validation,logistic_regression,0,0.05640842412257561,0
validation,logistic_regression,1,0.9877028986365114,1
validation,logistic_regression,0,0.014457597673870944,0
validation,logistic_regression,0,0.04653417426660104,0
validation,logistic_regression,0,0.0001579296864629279,0
validation,logistic_regression,0,0.40983393600039064,0
validation,logistic_regression,0,0.10060069388520329,0
validation,logistic_regression,0,0.1378868002291088,0
validation,logistic_regression,0,0.048040011811515286,0
validation,logistic_regression,0,0.8278104285353521,1
validation,logistic_regression,0,0.0025368484685447325,0
validation,logistic_regression,0,0.0016589615790621483,0
validation,logistic_regression,0,0.21971747849867326,0
validation,logistic_regression,0,0.08500840407940359,0
validation,logistic_regression,0,0.003023620511309837,0
validation,logistic_regression,0,0.0387510386625332,0
validation,logistic_regression,0,0.5649912214545534,0
validation,logistic_regression,0,0.6667184103034307,0
validation,logistic_regression,0,0.8149899387004881,1
validation,logistic_regression,1,0.9066156120625539,1
validation,logistic_regression,1,0.9513172015697269,1
validation,logistic_regression,0,0.01321550115665937,0
validation,logistic_regression,0,0.15657117433469941,0
validation,logistic_regression,1,0.9742921145174707,1
validation,logistic_regression,1,0.7229167235200297,1
validation,logistic_regression,0,0.23069928959357042,0
validation,logistic_regression,0,0.0021100323149605203,0
validation,logistic_regression,0,0.8435811880600422,1
validation,logistic_regression,0,0.12455567594966366,0
validation,logistic_regression,0,0.02071987034461893,0
validation,logistic_regression,1,0.5359277893344939,0
validation,logistic_regression,1,0.40861908321974594,0
validation,logistic_regression,0,0.522962397490403,0
validation,logistic_regression,0,0.19152075789250783,0
validation,logistic_regression,0,0.11946493831790994,0
validation,logistic_regression,0,0.5144832090874603,0
validation,logistic_regression,0,0.5485765668767754,0
validation,logistic_regression,0,0.5332096151761857,0
validation,logistic_regression,0,0.07698622858908467,0
validation,logistic_regression,0,0.3938342042826313,0
validation,logistic_regression,0,0.06663455460143666,0
validation,logistic_regression,0,0.546383474519927,0
validation,logistic_regression,0,0.003917632231274339,0
validation,logistic_regression,0,0.013494940742849373,0
validation,logistic_regression,1,0.5736122767362952,0
validation,logistic_regression,0,0.018576485128248815,0
validation,logistic_regression,1,0.6989774480678755,1
validation,logistic_regression,1,0.8892955459436156,1
validation,logistic_regression,0,0.019082804799356638,0
validation,logistic_regression,0,7.763067650491638e-05,0
validation,logistic_regression,0,0.31142148222040017,0
validation,logistic_regression,0,0.35261417233912595,0
validation,logistic_regression,0,0.014719225546060167,0
validation,logistic_regression,1,0.959014144906845,1
validation,logistic_regression,0,0.3776399920373167,0
validation,logistic_regression,0,0.0027111006869871635,0
validation,logistic_regression,1,0.9336625909733183,1
validation,logistic_regression,1,0.9384530920267803,1
validation,logistic_regression,1,0.4649438599717772,0
validation,logistic_regression,1,0.6684143016472509,0
validation,logistic_regression,0,0.5501884011453257,0
validation,logistic_regression,0,0.10469155746841186,0
validation,logistic_regression,0,0.1484258045844319,0
validation,logistic_regression,1,0.8467113252182654,1
validation,logistic_regression,0,0.0004427350853704782,0
validation,logistic_regression,0,0.6337148196797975,0
validation,logistic_regression,0,0.19253420528031714,0
validation,logistic_regression,0,0.219893308380085,0
validation,logistic_regression,0,0.8334753969673346,1
validation,logistic_regression,0,0.0002190766275355824,0
validation,logistic_regression,0,0.29762482193562134,0
validation,logistic_regression,0,0.4224589710392547,0
validation,logistic_regression,0,0.023135679547165174,0
validation,logistic_regression,0,0.8823055638486128,1
validation,logistic_regression,1,0.44759017765962644,0
validation,logistic_regression,0,0.0039648358219667185,0
validation,logistic_regression,0,0.0005188126255005246,0
validation,logistic_regression,0,0.7334597280565343,1
validation,logistic_regression,0,0.012657848058138903,0
validation,logistic_regression,0,0.4530231846631758,0
validation,logistic_regression,0,0.23173751737391834,0
validation,logistic_regression,0,0.9021694644892796,1
validation,logistic_regression,0,0.15935599877755371,0
validation,logistic_regression,1,0.9166760508942117,1
validation,logistic_regression,0,0.3652803097123094,0
validation,logistic_regression,0,0.04544559410542427,0
validation,logistic_regression,0,0.0016908295755890697,0
validation,logistic_regression,0,0.6065467682290399,0
validation,logistic_regression,0,0.399042019475897,0
validation,logistic_regression,1,0.9278090593677424,1
validation,logistic_regression,0,0.027793559537725256,0
validation,logistic_regression,0,0.3159173370263227,0
validation,logistic_regression,0,0.4891563854476156,0
validation,logistic_regression,0,0.30534494351746594,0
validation,logistic_regression,1,0.8692501379538873,1
validation,logistic_regression,0,0.05066804416960402,0
validation,logistic_regression,0,3.071827284580829e-05,0
validation,logistic_regression,0,0.48292309619592905,0
validation,logistic_regression,1,0.18215989568240765,0
validation,logistic_regression,0,0.7503284091775735,1
validation,logistic_regression,0,0.1302892357667134,0
validation,logistic_regression,0,0.628796323166649,0
validation,logistic_regression,0,0.006735090984284171,0
validation,logistic_regression,0,0.41040815226789645,0
validation,logistic_regression,0,0.021729850581290525,0
validation,logistic_regression,0,0.6666156978184784,0
validation,logistic_regression,1,0.043462028523854355,0
validation,logistic_regression,0,0.008150491096446826,0
validation,logistic_regression,1,0.9168295332443988,1
validation,logistic_regression,0,0.26587348512218384,0
validation,logistic_regression,0,0.14191886364756515,0
validation,logistic_regression,0,0.0049675536824150815,0
validation,logistic_regression,0,0.7947213923419661,1
validation,logistic_regression,0,0.8560996439510337,1
validation,logistic_regression,0,0.47479083911222175,0
validation,logistic_regression,0,0.5724838802029351,0
validation,logistic_regression,0,0.09921191110428407,0
validation,logistic_regression,0,0.0019546889256266816,0
validation,logistic_regression,0,0.0542801395613793,0
validation,logistic_regression,1,0.9097219929956888,1
validation,logistic_regression,0,0.29515295853706164,0
validation,logistic_regression,0,0.11404470925575358,0
validation,logistic_regression,0,0.03193762132881097,0
validation,logistic_regression,1,0.6826333775769391,1
validation,logistic_regression,0,0.7539716158637356,1
validation,logistic_regression,0,0.6106209277236342,0
validation,logistic_regression,0,0.03417167723033179,0
validation,logistic_regression,0,0.07128751685460567,0
validation,logistic_regression,0,0.03763770935484742,0
validation,logistic_regression,0,0.3427810056922061,0
validation,logistic_regression,1,0.9291289834795043,1
validation,logistic_regression,0,0.21742018885545783,0
validation,logistic_regression,0,0.014862769300861478,0
validation,logistic_regression,0,0.3802386172039139,0
validation,logistic_regression,0,0.011352202041610724,0
validation,logistic_regression,0,0.500956326012094,0
validation,logistic_regression,0,0.20526967144798627,0
validation,logistic_regression,0,0.6509108378766754,0
validation,logistic_regression,0,0.0125190472080966,0
validation,logistic_regression,0,0.26121885600848116,0
validation,logistic_regression,0,0.2283438753603014,0
validation,logistic_regression,0,0.0014690583886807689,0
validation,logistic_regression,1,0.8157477365302774,1
validation,logistic_regression,0,0.007445749673134682,0
validation,logistic_regression,1,0.9314138421626059,1
validation,logistic_regression,0,0.19225108094963758,0
validation,logistic_regression,0,0.0049406109986601734,0
validation,logistic_regression,1,0.9409292717601678,1
validation,logistic_regression,1,0.8493571761056145,1
validation,logistic_regression,0,0.0038814939134976796,0
validation,logistic_regression,0,0.9752748055387478,1
validation,logistic_regression,0,0.7643029693069217,1
validation,logistic_regression,0,0.18385502141345653,0
validation,logistic_regression,0,0.14529447645026208,0
validation,logistic_regression,1,0.4736507319915608,0
validation,logistic_regression,0,0.023727095343951406,0
validation,logistic_regression,0,0.10862578100754985,0
validation,logistic_regression,0,0.000605828563603136,0
validation,logistic_regression,1,0.9261079828239572,1
validation,logistic_regression,0,0.13668384785960289,0
validation,logistic_regression,0,0.11640474851901993,0
validation,logistic_regression,0,0.06530320556430771,0
validation,logistic_regression,0,0.6714685320589006,0
validation,logistic_regression,0,0.006938231464077751,0
validation,logistic_regression,0,0.010547392583514828,0
validation,logistic_regression,0,0.0819285197780093,0
validation,logistic_regression,1,0.9863872994423284,1
validation,logistic_regression,1,0.8640927590777984,1
validation,logistic_regression,0,0.3293742810373486,0
validation,logistic_regression,0,0.0007062764929848731,0
validation,logistic_regression,0,0.006359446129068561,0
validation,logistic_regression,0,0.01049137067697324,0
validation,logistic_regression,1,0.9360806785871819,1
validation,logistic_regression,0,0.1177858242379204,0
validation,logistic_regression,0,0.413788482726834,0
validation,logistic_regression,0,0.001033780956745634,0
validation,logistic_regression,0,0.03312849236493856,0
validation,logistic_regression,1,0.7974633079929646,1
validation,logistic_regression,0,0.04122998952105215,0
validation,logistic_regression,0,0.7446619500596985,1
validation,logistic_regression,0,0.8915769556081575,1
validation,logistic_regression,0,0.1636938829283171,0
validation,logistic_regression,0,0.289559019543095,0
validation,logistic_regression,0,0.38999554508678846,0
validation,logistic_regression,0,6.806201233873313e-05,0
validation,logistic_regression,0,0.31101209475003616,0
validation,logistic_regression,0,0.5953359372433175,0
validation,logistic_regression,0,0.6596041903279422,0
validation,logistic_regression,1,0.9601077564269085,1
validation,logistic_regression,0,0.10708482229684642,0
validation,logistic_regression,0,0.02733275364271062,0
validation,logistic_regression,0,0.0013560581304484184,0
validation,logistic_regression,0,0.00014022971610751835,0
validation,logistic_regression,1,0.8509114676506188,1
validation,logistic_regression,1,0.5408761997639631,0
validation,logistic_regression,0,0.01832206183032132,0
validation,logistic_regression,0,0.4333175389700026,0
validation,logistic_regression,0,0.0933857171289448,0
validation,logistic_regression,0,0.0006843351803218517,0
validation,logistic_regression,0,0.3959324754644842,0
validation,logistic_regression,0,0.04374812410061703,0
validation,logistic_regression,1,0.41365867999882183,0
validation,logistic_regression,0,0.31374169130024493,0
validation,logistic_regression,0,0.4058578093781961,0
validation,logistic_regression,0,0.001295585470458469,0
validation,logistic_regression,0,0.23755977882032425,0
validation,logistic_regression,0,0.03317438266704292,0
validation,logistic_regression,0,0.04371787581256038,0
validation,logistic_regression,0,0.049367453409804994,0
validation,logistic_regression,0,0.7866161345287391,1
validation,logistic_regression,1,0.9578953758654651,1
validation,logistic_regression,0,0.18375966201014587,0
validation,logistic_regression,0,0.48752805294543916,0
validation,logistic_regression,0,0.2506027873762447,0
validation,logistic_regression,0,0.8206136633643446,1
validation,logistic_regression,0,0.007194322573830539,0
validation,logistic_regression,0,0.07824538390630388,0
validation,logistic_regression,1,0.7474547661086618,1
validation,logistic_regression,0,0.11125712331905026,0
validation,logistic_regression,0,0.6667202604950739,0
validation,logistic_regression,0,0.0813070159712793,0
validation,logistic_regression,0,0.009187620773757456,0
validation,logistic_regression,0,0.1437669911440016,0
validation,logistic_regression,0,0.5730287847102572,0
validation,logistic_regression,0,0.024837535230159,0
validation,logistic_regression,0,0.3903465783911712,0
validation,logistic_regression,0,0.067324239045745,0
validation,logistic_regression,1,0.6649655141208924,0
validation,logistic_regression,0,0.12854460967873932,0
validation,logistic_regression,0,0.02011962073302689,0
validation,logistic_regression,1,0.8829859755322854,1
validation,logistic_regression,0,0.830349687417862,1
validation,logistic_regression,0,0.001151739772655501,0
validation,logistic_regression,1,0.8100050036284678,1
validation,logistic_regression,1,0.5600426674158692,0
validation,logistic_regression,0,0.04732575574006605,0
validation,logistic_regression,0,0.2553822713725001,0
validation,logistic_regression,0,0.20019153187729125,0
validation,logistic_regression,0,0.04122639725682489,0
validation,logistic_regression,0,0.015847035677594615,0
validation,logistic_regression,1,0.27468877109721973,0
validation,logistic_regression,0,0.08477736195770882,0
validation,logistic_regression,0,0.19430974916151436,0
validation,logistic_regression,0,0.1473586565966165,0
validation,logistic_regression,0,0.14940556462289167,0
validation,logistic_regression,0,0.4206654396076859,0
validation,logistic_regression,0,0.0014733831589605155,0
validation,logistic_regression,0,0.022596992070458653,0
validation,logistic_regression,1,0.8482123891822244,1
validation,logistic_regression,0,0.41001893084938046,0
validation,logistic_regression,0,0.04225027732919033,0
validation,logistic_regression,0,0.06896709115846768,0
validation,logistic_regression,0,0.7629145526819199,1
validation,logistic_regression,0,0.22259312734517958,0
validation,logistic_regression,0,0.18870571571089648,0
validation,logistic_regression,1,0.7294923531784737,1
validation,logistic_regression,0,0.006443756335830776,0
validation,logistic_regression,0,0.3817260330542772,0
validation,logistic_regression,0,0.05337992914973134,0
validation,logistic_regression,0,0.8742780673929176,1
validation,logistic_regression,1,0.9822910101553393,1
validation,logistic_regression,0,0.8270130340626685,1
validation,logistic_regression,1,0.669580640797776,0
validation,logistic_regression,0,0.031885716721091154,0
validation,logistic_regression,0,0.010565723752835921,0
validation,logistic_regression,0,0.0003388482371093792,0
validation,logistic_regression,0,0.1740525479946053,0
validation,logistic_regression,0,0.06350929251643005,0
validation,logistic_regression,0,0.12340002934814753,0
validation,logistic_regression,0,0.023939027803353007,0
validation,logistic_regression,0,0.0037822019718987457,0
validation,logistic_regression,0,0.8426603997030141,1
validation,logistic_regression,1,0.7488511459753223,1
validation,logistic_regression,0,0.26935951628907645,0
validation,logistic_regression,0,0.04974455925612845,0
validation,logistic_regression,0,0.05247646245304742,0
validation,logistic_regression,0,0.004526159249630423,0
validation,logistic_regression,1,0.9466215773494199,1
validation,logistic_regression,0,0.31990169073185487,0
validation,logistic_regression,0,0.03106532057327212,0
validation,logistic_regression,0,0.05522384792242723,0
validation,logistic_regression,0,0.6172792574058837,0
validation,logistic_regression,1,0.9090283878205389,1
validation,logistic_regression,0,0.029187224066415166,0
validation,logistic_regression,1,0.8476069265727187,1
validation,logistic_regression,1,0.9207780148090083,1
validation,logistic_regression,0,0.22357253833243884,0
validation,logistic_regression,0,0.004244098417364356,0
validation,logistic_regression,1,0.9160679462626545,1
validation,logistic_regression,0,0.07677214448968295,0
validation,logistic_regression,0,0.0794481113347938,0
validation,logistic_regression,0,0.1493486802828023,0
validation,logistic_regression,0,0.025106788561287858,0
validation,logistic_regression,1,0.774082824215738,1
validation,logistic_regression,0,0.00048048891196807815,0
validation,logistic_regression,0,0.9314372483053279,1
validation,logistic_regression,0,0.8136863923259259,1
validation,logistic_regression,0,0.28477110250854004,0
validation,logistic_regression,1,0.3554465000800994,0
validation,logistic_regression,0,0.007625196914338046,0
validation,logistic_regression,1,0.9041554400460027,1
validation,logistic_regression,0,0.050293483503678994,0
validation,logistic_regression,0,0.27451631311526653,0
validation,logistic_regression,0,0.10177413779047828,0
validation,logistic_regression,0,0.0020751449053733797,0
validation,logistic_regression,0,0.4001159978009856,0
validation,logistic_regression,0,0.027453723234430197,0
validation,logistic_regression,0,0.4924442410420589,0
validation,logistic_regression,1,0.644608768325054,0
validation,logistic_regression,0,0.06629519942251066,0
validation,logistic_regression,0,0.1064136371483268,0
validation,logistic_regression,1,0.2605379178325401,0
validation,logistic_regression,0,0.23501881806080152,0
validation,logistic_regression,0,0.014390286481492638,0
validation,logistic_regression,0,0.1411865601820798,0
validation,logistic_regression,0,0.30186893786275226,0
validation,logistic_regression,0,0.7179934365122614,1
validation,logistic_regression,0,0.15645563228234557,0
validation,logistic_regression,0,0.13698257779729914,0
validation,logistic_regression,0,0.005061253218503521,0
validation,logistic_regression,0,0.0397227731467091,0
validation,logistic_regression,0,0.01781706887161235,0
validation,logistic_regression,0,0.40638574058932597,0
validation,logistic_regression,1,0.7274094384971858,1
validation,logistic_regression,1,0.9533837296469229,1
validation,logistic_regression,0,0.101369283476402,0
validation,logistic_regression,0,0.5269941998150411,0
validation,logistic_regression,0,0.27327481426727745,0
validation,logistic_regression,0,0.09896607301583214,0
validation,logistic_regression,0,0.7519152693416479,1
validation,logistic_regression,1,0.9249812097034318,1
validation,logistic_regression,0,0.12146607926886294,0
validation,logistic_regression,0,0.3892098007695649,0
validation,logistic_regression,0,0.4261053499443614,0
validation,logistic_regression,0,0.07814023807335706,0
validation,logistic_regression,0,0.3055701674430717,0
validation,logistic_regression,0,0.022124112818671934,0
validation,logistic_regression,1,0.9490042814374632,1
validation,logistic_regression,0,0.8647761660201146,1
validation,logistic_regression,0,0.003197768336781077,0
validation,logistic_regression,0,0.017773629561240522,0
validation,logistic_regression,0,7.24537108095103e-05,0
validation,logistic_regression,0,0.24519012659989348,0
validation,logistic_regression,0,0.7695605042681575,1
validation,logistic_regression,1,0.24653080939419966,0
validation,logistic_regression,0,0.4900903638358721,0
validation,logistic_regression,1,0.9814224499589019,1
validation,logistic_regression,0,0.7435759681749313,1
validation,logistic_regression,0,0.03301417038410295,0
validation,logistic_regression,0,0.004513382869267832,0
validation,logistic_regression,0,0.03950733008739929,0
validation,logistic_regression,0,0.15117334682064348,0
validation,logistic_regression,0,0.01517303630156371,0
validation,logistic_regression,0,0.5267689002708278,0
validation,logistic_regression,1,0.8057162328293024,1
validation,logistic_regression,0,0.3045967825711848,0
validation,logistic_regression,0,0.2793749728532974,0
validation,logistic_regression,0,0.03327089242378678,0
validation,logistic_regression,0,0.5101945094052698,0
validation,logistic_regression,0,0.2601933910824588,0
validation,logistic_regression,0,0.006275983816847489,0
validation,logistic_regression,0,0.013039387248981975,0
validation,logistic_regression,0,0.29555077634672927,0
validation,logistic_regression,0,0.004567169851352312,0
validation,logistic_regression,0,0.03277563333649463,0
validation,logistic_regression,1,0.878916202842116,1
validation,logistic_regression,0,0.053742695384840514,0
validation,logistic_regression,0,0.030627542438523288,0
validation,logistic_regression,0,0.18672252568079634,0
validation,logistic_regression,0,0.000664246228528259,0
validation,logistic_regression,0,0.6627356391956621,0
validation,logistic_regression,0,0.3463823007454359,0
validation,logistic_regression,0,0.12394072551035201,0
validation,logistic_regression,1,0.8518166885805576,1
validation,logistic_regression,1,0.6978226550638561,1
validation,logistic_regression,0,0.1068589816245581,0
validation,logistic_regression,1,0.9579810094208697,1
validation,logistic_regression,0,0.015575368450809481,0
validation,logistic_regression,0,0.0006809811963166084,0
validation,logistic_regression,0,0.03308591248221033,0
validation,logistic_regression,0,0.020633824098942027,0
validation,logistic_regression,0,0.37222702023890675,0
validation,logistic_regression,0,0.7039728077820842,1
validation,logistic_regression,1,0.8493156206951226,1
validation,logistic_regression,1,0.5453800971826883,0
validation,logistic_regression,0,0.764453025155853,1
validation,logistic_regression,0,0.566876770468005,0
validation,logistic_regression,1,0.8876498179294422,1
validation,logistic_regression,1,0.8922847845379107,1
validation,logistic_regression,1,0.8725598725236268,1
validation,logistic_regression,0,0.8556975108120815,1
validation,logistic_regression,0,0.0011070786279762693,0
validation,logistic_regression,0,0.014153002584331609,0
validation,logistic_regression,0,0.5421847971545205,0
validation,logistic_regression,0,0.5061026418421248,0
validation,logistic_regression,0,0.03320997804002202,0
validation,logistic_regression,0,0.0024360246258416083,0
validation,logistic_regression,0,0.00016173671476918966,0
validation,logistic_regression,0,0.06785625760930336,0
validation,logistic_regression,0,0.09589867224004776,0
validation,logistic_regression,0,0.8035692661958791,1
validation,logistic_regression,1,0.7880380041959251,1
validation,logistic_regression,0,0.00039063571100029067,0
validation,logistic_regression,0,0.0037483031925016675,0
validation,logistic_regression,0,0.046554324878785046,0
validation,logistic_regression,0,0.005729851147709556,0
validation,logistic_regression,0,0.2523640608190457,0
validation,logistic_regression,0,0.3783641568420154,0
validation,logistic_regression,0,0.0005629044680696021,0
validation,logistic_regression,0,0.022400238406558998,0
validation,logistic_regression,0,0.01744445349656582,0
validation,logistic_regression,0,0.12557973792283356,0
validation,logistic_regression,0,0.537187489008648,0
validation,logistic_regression,0,0.03463409741090069,0
validation,logistic_regression,1,0.8785279935617066,1
validation,logistic_regression,0,0.07926939228291517,0
validation,logistic_regression,0,0.003062592679427768,0
validation,logistic_regression,0,0.5945809415388793,0
test,logistic_regression,0,0.06419872964423666,0
test,logistic_regression,0,0.00013669075686968923,0
test,logistic_regression,0,0.6705507787135574,0
test,logistic_regression,0,0.05440081000926303,0
test,logistic_regression,0,0.2668914599622084,0
test,logistic_regression,0,0.798439179647499,1
test,logistic_regression,0,0.22013337767504237,0
test,logistic_regression,0,0.006670028767934413,0
test,logistic_regression,0,0.08384378752894245,0
test,logistic_regression,1,0.9548026850104819,1
test,logistic_regression,0,0.11275323680175546,0
test,logistic_regression,0,0.382719594894752,0
test,logistic_regression,0,0.2831847007208957,0
test,logistic_regression,1,0.9690653084085828,1
test,logistic_regression,0,0.26868001163575417,0
test,logistic_regression,0,0.4366991430597646,0
test,logistic_regression,0,0.0004928244553391302,0
test,logistic_regression,1,0.24077070579900853,0
test,logistic_regression,0,0.1542478231001486,0
test,logistic_regression,0,0.2789234494507093,0
test,logistic_regression,0,0.657513307650975,0
test,logistic_regression,0,0.5238032408424712,0
test,logistic_regression,0,0.2943537402330902,0
test,logistic_regression,0,0.039455276648066376,0
test,logistic_regression,0,0.0031470481857479517,0
test,logistic_regression,1,0.8838877352985516,1
test,logistic_regression,0,0.0070917158480780056,0
test,logistic_regression,0,0.08906623648115009,0
test,logistic_regression,1,0.2325212140136908,0
test,logistic_regression,0,0.04398761883275472,0
test,logistic_regression,0,0.6070704499956848,0
test,logistic_regression,0,0.003308502826813358,0
test,logistic_regression,0,0.7798349672796032,1
test,logistic_regression,0,0.08152130038249067,0
test,logistic_regression,0,0.335339072028218,0
test,logistic_regression,0,0.0013151188106417513,0
test,logistic_regression,0,0.000668163458476664,0
test,logistic_regression,0,0.015954561777113598,0
test,logistic_regression,0,0.09973364786229114,0
test,logistic_regression,0,0.12605080952640801,0
test,logistic_regression,0,0.01707474926306721,0
test,logistic_regression,0,0.04165582086157314,0
test,logistic_regression,0,0.1912245933647244,0
test,logistic_regression,0,0.025684305437509925,0
test,logistic_regression,1,0.747853218283882,1
test,logistic_regression,0,0.031664033514116334,0
test,logistic_regression,0,0.5644494036355089,0
test,logistic_regression,0,0.000227497270155189,0
test,logistic_regression,1,0.883603601173478,1
test,logistic_regression,1,0.7726118086729289,1
test,logistic_regression,0,0.006476556374075157,0
test,logistic_regression,0,0.07202639268231244,0
test,logistic_regression,1,0.9903904855473576,1
test,logistic_regression,0,0.22393852794621164,0
test,logistic_regression,0,0.08833603507815356,0
test,logistic_regression,0,0.000558069942625952,0
test,logistic_regression,0,0.013122807604034316,0
test,logistic_regression,0,0.27121695543329694,0
test,logistic_regression,0,0.30260607462974076,0
test,logistic_regression,0,0.9633817237796413,1
test,logistic_regression,1,0.7641653043603057,1
test,logistic_regression,0,0.00198781629527129,0
test,logistic_regression,0,0.29310010093662403,0
test,logistic_regression,0,0.0041947795026114525,0
test,logistic_regression,0,0.09335309194036173,0
test,logistic_regression,0,0.231348685982598,0
test,logistic_regression,0,0.0653082929704706,0
test,logistic_regression,0,0.08906387982732393,0
test,logistic_regression,0,0.5477059096745022,0
test,logistic_regression,0,0.5222338427299758,0
test,logistic_regression,0,0.7672072531563048,1
test,logistic_regression,0,0.031085101177424104,0
test,logistic_regression,0,0.03103106935398318,0
test,logistic_regression,0,0.3306401114799989,0
test,logistic_regression,1,0.9087618670012674,1
test,logistic_regression,0,0.044999777128092805,0
test,logistic_regression,0,0.01844931089735916,0
test,logistic_regression,0,0.005463358508055289,0
test,logistic_regression,0,0.20405599713822045,0
test,logistic_regression,0,0.003254965300432845,0
test,logistic_regression,1,0.8110399462943382,1
test,logistic_regression,0,0.38538052868004374,0
test,logistic_regression,0,0.06742071846833071,0
test,logistic_regression,0,0.6435914471592059,0
test,logistic_regression,1,0.9782618096490812,1
test,logistic_regression,1,0.9491960797952003,1
test,logistic_regression,0,0.27334084156570954,0
test,logistic_regression,0,0.02405589925919078,0
test,logistic_regression,1,0.8797382721664397,1
test,logistic_regression,0,0.06835950026486878,0
test,logistic_regression,0,0.368506198452549,0
test,logistic_regression,0,0.6915086329933471,1
test,logistic_regression,0,0.7947833988736379,1
test,logistic_regression,0,0.0005616544145265401,0
test,logistic_regression,1,0.7814281556133371,1
test,logistic_regression,0,0.8240682625595621,1
test,logistic_regression,0,0.003390924012627321,0
test,logistic_regression,1,0.689222513252658,1
test,logistic_regression,0,0.8457655403577992,1
test,logistic_regression,0,0.37291073809711195,0
test,logistic_regression,0,0.2769482868640365,0
test,logistic_regression,1,0.9687372768357346,1
test,logistic_regression,0,0.11950064214354825,0
test,logistic_regression,0,0.006486400470653397,0
test,logistic_regression,0,0.32837084389932447,0
test,logistic_regression,0,0.06684007506703124,0
test,logistic_regression,0,0.013722186917157457,0
test,logistic_regression,0,0.04625041392232193,0
test,logistic_regression,0,0.07108800002304655,0
test,logistic_regression,0,0.23955824871062978,0
test,logistic_regression,0,0.170228775318009,0
test,logistic_regression,0,0.025897867282082453,0
test,logistic_regression,1,0.8629099907681856,1
test,logistic_regression,0,0.2805662652748494,0
test,logistic_regression,0,0.022554278166207992,0
test,logistic_regression,0,0.7328886598168577,1
test,logistic_regression,0,0.14868248225132283,0
test,logistic_regression,0,0.0009534880140106746,0
test,logistic_regression,0,0.19114189085711916,0
test,logistic_regression,0,0.8432197011702544,1
test,logistic_regression,1,0.07123220977082774,0
test,logistic_regression,0,0.058709178140111444,0
test,logistic_regression,0,0.0014498780907105369,0
test,logistic_regression,0,0.04167458629617136,0
test,logistic_regression,1,0.8978744547893927,1
test,logistic_regression,0,0.030626744107373358,0
test,logistic_regression,0,0.8144442126930943,1
test,logistic_regression,0,0.4779070847071731,0
test,logistic_regression,0,0.030519547051927387,0
test,logistic_regression,0,0.016278669241387843,0
test,logistic_regression,0,0.0090107817023611,0
test,logistic_regression,0,0.0008024664092904883,0
test,logistic_regression,1,0.8822012933010389,1
test,logistic_regression,1,0.9346920698120735,1
test,logistic_regression,0,0.0018181064544872184,0
test,logistic_regression,0,0.11968038795206673,0
test,logistic_regression,0,0.9646881130118435,1
test,logistic_regression,0,0.015896402094291242,0
test,logistic_regression,0,0.33836636248367113,0
test,logistic_regression,0,0.598953458616928,0
test,logistic_regression,0,0.7137010159354851,1
test,logistic_regression,0,0.04548170257845382,0
test,logistic_regression,0,0.46785127548201333,0
test,logistic_regression,0,0.0026895063065469605,0
test,logistic_regression,1,0.8254314063340683,1
test,logistic_regression,0,0.7665007325196785,1
test,logistic_regression,0,0.006466207899584525,0
test,logistic_regression,0,0.02176569937391071,0
test,logistic_regression,0,0.29569127075552415,0
test,logistic_regression,0,0.1339739242974603,0
test,logistic_regression,1,0.8786137278674612,1
test,logistic_regression,1,0.890174655921891,1
test,logistic_regression,0,0.23721355207209072,0
test,logistic_regression,0,0.28876931054601856,0
test,logistic_regression,0,0.017846747990923204,0
test,logistic_regression,0,0.9822932226813377,1
test,logistic_regression,0,0.37044010120162363,0
test,logistic_regression,0,0.12055619120462172,0
test,logistic_regression,1,0.5572574172898319,0
test,logistic_regression,0,0.5913880892913397,0
test,logistic_regression,1,0.8802707960216457,1
test,logistic_regression,0,0.01039240266053621,0
test,logistic_regression,0,0.06560567237187617,0
test,logistic_regression,0,0.5664808032871477,0
test,logistic_regression,1,0.4779827845945977,0
test,logistic_regression,0,0.004356543616082009,0
test,logistic_regression,0,0.0112490251906989,0
test,logistic_regression,0,0.6865882845892064,1
test,logistic_regression,0,0.11500319138561083,0
test,logistic_regression,1,0.7785085636040572,1
test,logistic_regression,0,0.0009798760254401788,0
test,logistic_regression,1,0.9845382227727864,1
test,logistic_regression,0,0.767898268907738,1
test,logistic_regression,0,0.5043189907036423,0
test,logistic_regression,0,0.008681371385336669,0
test,logistic_regression,0,0.02599917760490424,0
test,logistic_regression,0,0.02652379543579387,0
test,logistic_regression,0,0.09522778129033407,0
test,logistic_regression,0,0.15195637103124826,0
test,logistic_regression,0,0.010884699570983914,0
test,logistic_regression,0,0.0004456983626439378,0
test,logistic_regression,0,0.3714209887513583,0
test,logistic_regression,0,0.17656417975657687,0
test,logistic_regression,0,0.7712065090205974,1
test,logistic_regression,0,0.06903681888436025,0
test,logistic_regression,0,0.01579221239151542,0
test,logistic_regression,0,0.828853790140846,1
test,logistic_regression,0,0.1064650529551116,0
test,logistic_regression,0,0.023802575327606917,0
test,logistic_regression,0,0.617210477383974,0
test,logistic_regression,0,0.3313352769558774,0
test,logistic_regression,0,0.0034802508472594105,0
test,logistic_regression,0,0.01740386178815264,0
test,logistic_regression,0,0.5687591626588396,0
test,logistic_regression,0,0.005980210423826135,0
test,logistic_regression,0,0.07208857720479252,0
test,logistic_regression,0,0.003400472046825151,0
test,logistic_regression,1,0.7021262657854057,1
test,logistic_regression,0,0.01721959431804344,0
test,logistic_regression,0,0.00146068813588849,0
test,logistic_regression,1,0.8266474578255485,1
test,logistic_regression,0,0.8407013129422936,1
test,logistic_regression,1,0.37862243346860536,0
test,logistic_regression,0,0.6259503694670615,0
test,logistic_regression,0,0.7822542943549415,1
test,logistic_regression,0,0.004535700233944543,0
test,logistic_regression,0,0.03204501317753912,0
test,logistic_regression,0,0.14445664695813742,0
test,logistic_regression,0,0.4471912232273364,0
test,logistic_regression,0,0.45892586107420863,0
test,logistic_regression,0,0.8318296476907721,1
test,logistic_regression,0,0.0024920940067656894,0
test,logistic_regression,0,0.7853476210120458,1
test,logistic_regression,0,0.08580876296096163,0
test,logistic_regression,0,0.008853134511427715,0
test,logistic_regression,0,0.4582922710620853,0
test,logistic_regression,0,0.011441173860653235,0
test,logistic_regression,0,0.4061523200778219,0
test,logistic_regression,0,0.021306488605286868,0
test,logistic_regression,0,0.9622533002126257,1
test,logistic_regression,0,0.0017630801462808579,0
test,logistic_regression,0,0.16028436315850209,0
test,logistic_regression,0,0.003254972813440792,0
test,logistic_regression,0,0.05690045923322738,0
test,logistic_regression,0,0.014588713398625018,0
test,logistic_regression,0,0.42916419333372624,0
test,logistic_regression,0,0.7833754249594341,1
test,logistic_regression,0,0.025880843313334633,0
test,logistic_regression,0,0.10762757126710497,0
test,logistic_regression,0,0.45247909140256015,0
test,logistic_regression,0,0.3287427274756687,0
test,logistic_regression,0,0.10456557465812272,0
test,logistic_regression,0,0.15871369141403138,0
test,logistic_regression,0,0.6906986406495195,1
test,logistic_regression,0,0.017827918580075004,0
test,logistic_regression,0,0.04168501493573558,0
test,logistic_regression,1,0.8416404982891739,1
test,logistic_regression,0,0.1676216643046596,0
test,logistic_regression,0,0.0011073523995375825,0
test,logistic_regression,0,0.021209893811275478,0
test,logistic_regression,0,0.5444188010489196,0
test,logistic_regression,0,0.3070465851705466,0
test,logistic_regression,0,0.6792847894520526,0
test,logistic_regression,0,0.9793602141152417,1
test,logistic_regression,0,0.30233240165455466,0
test,logistic_regression,1,0.4932685207104592,0
test,logistic_regression,0,0.6700745864186953,0
test,logistic_regression,0,0.16857891126748914,0
test,logistic_regression,0,0.0039562393950781476,0
test,logistic_regression,1,0.720551100161524,1
test,logistic_regression,0,0.04255121911978816,0
test,logistic_regression,0,0.6682039917227209,0
test,logistic_regression,1,0.8999770873782906,1
test,logistic_regression,0,0.6672354407368619,0
test,logistic_regression,1,0.5023163107677959,0
test,logistic_regression,0,0.011034087362345806,0
test,logistic_regression,0,0.5159689890366496,0
test,logistic_regression,0,0.163191083716447,0
test,logistic_regression,0,0.8777882223898623,1
test,logistic_regression,0,0.057524860437703475,0
test,logistic_regression,0,0.9186814767459278,1
test,logistic_regression,0,0.9192497129305346,1
test,logistic_regression,0,0.10100083398285639,0
test,logistic_regression,0,0.07337587326487571,0
test,logistic_regression,0,0.2856869199540699,0
test,logistic_regression,0,0.7224838087189076,1
test,logistic_regression,0,0.33552966640070325,0
test,logistic_regression,0,0.6636917446865468,0
test,logistic_regression,1,0.5566672680827703,0
test,logistic_regression,0,0.33043726980209676,0
test,logistic_regression,0,0.07990868749114258,0
test,logistic_regression,0,0.7373846884207967,1
test,logistic_regression,0,0.6214928978420312,0
test,logistic_regression,0,0.05199675568977834,0
test,logistic_regression,0,0.6940156328184921,1
test,logistic_regression,0,0.24356803312243913,0
test,logistic_regression,0,0.005340363761462669,0
test,logistic_regression,0,0.14755554697724177,0
test,logistic_regression,0,0.219761694423217,0
test,logistic_regression,0,0.21630879106754985,0
test,logistic_regression,1,0.8847087850751375,1
test,logistic_regression,0,0.5168668404189428,0
test,logistic_regression,0,0.3216157257208177,0
test,logistic_regression,1,0.738063516670585,1
test,logistic_regression,0,0.48081681564045153,0
test,logistic_regression,0,0.0003121736096202108,0
test,logistic_regression,0,0.023545923195780718,0
test,logistic_regression,1,0.740429147078559,1
test,logistic_regression,0,0.12765176465774938,0
test,logistic_regression,0,0.06269850576392763,0
test,logistic_regression,0,0.2237712321574101,0
test,logistic_regression,0,0.02643796756771685,0
test,logistic_regression,0,0.23697827798502577,0
test,logistic_regression,0,0.40093516071811486,0
test,logistic_regression,0,0.7928542763285956,1
test,logistic_regression,0,0.03339477706571277,0
test,logistic_regression,0,0.12317960377866682,0
test,logistic_regression,0,0.03792621803157585,0
test,logistic_regression,0,0.050276022851650747,0
test,logistic_regression,0,0.849512462594627,1
test,logistic_regression,0,0.14299850345161544,0
test,logistic_regression,0,0.9594675844147884,1
test,logistic_regression,0,0.012978683658506792,0
test,logistic_regression,0,0.007307699367338176,0
test,logistic_regression,0,0.014712089540855927,0
test,logistic_regression,0,0.01321127964929893,0
test,logistic_regression,0,0.8498942395027468,1
test,logistic_regression,0,0.515895405690002,0
test,logistic_regression,0,0.07573807348423374,0
test,logistic_regression,0,0.119296045683287,0
test,logistic_regression,1,0.9332457811415068,1
test,logistic_regression,0,0.9405410945674152,1
test,logistic_regression,0,0.09518982641458988,0
test,logistic_regression,0,0.028298988714248862,0
test,logistic_regression,0,0.4210330538085694,0
test,logistic_regression,0,0.039221363767523026,0
test,logistic_regression,0,0.026043051555622046,0
test,logistic_regression,0,0.4826017091851799,0
test,logistic_regression,0,0.7230984882491461,1
test,logistic_regression,1,0.8242786895286099,1
test,logistic_regression,0,0.44475134602130056,0
test,logistic_regression,0,0.5678294365162696,0
test,logistic_regression,0,0.3175718551654582,0
test,logistic_regression,0,0.0839954566046743,0
test,logistic_regression,0,0.0011923904443349833,0
test,logistic_regression,0,0.8111081850102335,1
test,logistic_regression,0,0.35175938029276044,0
test,logistic_regression,0,0.12573278096021534,0
test,logistic_regression,0,0.5492819787313787,0
test,logistic_regression,1,0.3292550679135857,0
test,logistic_regression,0,0.22199889183513574,0
test,logistic_regression,0,0.8415618374483342,1
test,logistic_regression,0,0.2001691234108219,0
test,logistic_regression,0,0.0015124162123588182,0
test,logistic_regression,0,0.5177223689530636,0
test,logistic_regression,0,0.116511777903888,0
test,logistic_regression,0,0.13715664095138902,0
test,logistic_regression,0,0.020097449363824883,0
test,logistic_regression,1,0.9779266488835578,1
test,logistic_regression,0,0.030076177755867357,0
test,logistic_regression,0,0.15029023759418594,0
test,logistic_regression,0,0.15908340954814118,0
test,logistic_regression,0,0.001142008465798486,0
test,logistic_regression,1,0.9664810496378811,1
test,logistic_regression,0,0.04486308986670405,0
test,logistic_regression,0,0.04805906501325789,0
test,logistic_regression,0,0.0018392170580614946,0
test,logistic_regression,0,0.39109227191570684,0
test,logistic_regression,0,0.09857567047027688,0
test,logistic_regression,0,0.00015332791453760475,0
test,logistic_regression,1,0.6399250956047519,0
test,logistic_regression,1,0.7302137366284105,1
test,logistic_regression,0,0.36588620078494605,0
test,logistic_regression,0,0.5077329879896332,0
test,logistic_regression,0,0.09331808064096975,0
test,logistic_regression,0,0.0051689826500143626,0
test,logistic_regression,0,0.06456653500634771,0
test,logistic_regression,0,0.5588771194606763,0
test,logistic_regression,1,0.7788639765728774,1
test,logistic_regression,0,0.0004897752911597307,0
test,logistic_regression,1,0.8782897160306351,1
test,logistic_regression,1,0.8874542311438246,1
test,logistic_regression,0,0.028638368079628242,0
test,logistic_regression,0,0.40367984134793516,0
test,logistic_regression,0,0.060125319948793186,0
test,logistic_regression,1,0.5315408501009926,0
test,logistic_regression,0,0.39079885962524497,0
test,logistic_regression,0,0.020478849424796643,0
test,logistic_regression,0,0.846379952033508,1
test,logistic_regression,0,0.0867912761196448,0
test,logistic_regression,0,0.008010646164105689,0
test,logistic_regression,0,0.053941967207076384,0
test,logistic_regression,0,0.14676520062597703,0
test,logistic_regression,0,0.004845923006719939,0
test,logistic_regression,0,0.033955231715107594,0
test,logistic_regression,0,0.8741005760264794,1
test,logistic_regression,1,0.9952080452809507,1
test,logistic_regression,1,0.976301604115915,1
test,logistic_regression,0,0.163915735777848,0
test,logistic_regression,0,0.003439195870631737,0
test,logistic_regression,0,0.04051569899376295,0
test,logistic_regression,0,0.08752903473034475,0
test,logistic_regression,0,0.652734514524339,0
test,logistic_regression,1,0.7499347285050351,1
test,logistic_regression,0,0.024130690178290927,0
test,logistic_regression,0,0.011777197566321425,0
test,logistic_regression,0,0.47541727265312905,0
test,logistic_regression,0,0.665258677576124,0
test,logistic_regression,0,0.0010641044535901426,0
test,logistic_regression,0,0.3633986772291785,0
test,logistic_regression,0,0.07195632619795976,0
test,logistic_regression,0,0.8029585478195412,1
test,logistic_regression,0,0.042053965454110234,0
test,logistic_regression,0,0.015764712510410565,0
test,logistic_regression,0,0.1329591376290455,0
test,logistic_regression,0,0.09338479326582563,0
test,logistic_regression,1,0.6687563763221381,0
test,logistic_regression,0,0.2059299175980691,0
test,logistic_regression,1,0.7723511116819413,1
test,logistic_regression,0,0.11655151667807519,0
test,logistic_regression,0,0.8931665932364801,1
test,logistic_regression,0,0.1367066569836632,0
test,logistic_regression,0,0.0006664169118714704,0
test,logistic_regression,0,0.008463034997551397,0
test,logistic_regression,0,0.9293401327880042,1
test,logistic_regression,0,0.02741842563489863,0
test,logistic_regression,0,0.09213789686578205,0
test,logistic_regression,0,0.08962556104599133,0
test,logistic_regression,0,0.12157128235199517,0
test,logistic_regression,0,0.0583612516128164,0
test,logistic_regression,0,0.1509130171122092,0
test,logistic_regression,0,0.7620576623785508,1
test,logistic_regression,0,0.146116497228599,0
test,logistic_regression,0,0.00367146713593047,0
test,logistic_regression,0,0.003143396717946922,0
test,logistic_regression,0,0.14548492165511567,0
test,logistic_regression,0,0.03709159484417259,0
test,logistic_regression,0,0.6923812106003419,1
test,logistic_regression,0,0.4635147811925667,0
test,logistic_regression,0,0.3708036138163558,0
test,logistic_regression,0,0.04078431729375728,0
test,logistic_regression,0,0.7427102027934847,1
test,logistic_regression,0,0.05886510815859139,0
test,logistic_regression,0,0.06134402539489605,0
test,logistic_regression,0,0.716299024199704,1
test,logistic_regression,0,0.010143562707572563,0
test,logistic_regression,0,0.020112866998355378,0
test,logistic_regression,0,0.40340561453967916,0
test,logistic_regression,0,0.37241370187871653,0
test,logistic_regression,1,0.9547198489748098,1
test,logistic_regression,1,0.2760575551626372,0
test,logistic_regression,0,0.014357646452053147,0
test,logistic_regression,0,0.002807297256344956,0
test,logistic_regression,0,0.0002686718938162358,0
test,logistic_regression,0,0.2470336832113398,0
test,logistic_regression,0,0.007223370026969019,0
test,logistic_regression,0,0.04498605155824275,0
test,logistic_regression,0,0.031825622687649956,0
test,logistic_regression,0,4.729802830783906e-05,0
test,logistic_regression,0,0.7187853231124007,1
test,logistic_regression,1,0.5553539707728943,0
test,logistic_regression,0,0.5499770398149663,0
test,logistic_regression,0,0.006837575321435716,0
test,logistic_regression,0,0.7534137690241274,1
test,logistic_regression,1,0.9205438403883404,1
test,logistic_regression,0,0.26549569188776256,0
test,logistic_regression,0,0.9398263133791553,1
test,logistic_regression,0,0.009883118519826737,0
test,logistic_regression,0,0.4207107830607016,0
test,logistic_regression,0,0.24257549799526734,0
test,logistic_regression,0,0.0025790267351000363,0
test,logistic_regression,0,0.0007577850823532798,0
test,logistic_regression,0,0.011530572107420534,0
test,logistic_regression,0,0.00036685060701846116,0
test,logistic_regression,0,0.016811788137868374,0
test,logistic_regression,0,0.02611698384360336,0
test,logistic_regression,0,0.4583505659517374,0
test,logistic_regression,0,0.2292679981646466,0
test,logistic_regression,1,0.933438575845957,1
test,logistic_regression,0,0.14997391220973796,0
test,logistic_regression,0,0.015298494904697306,0
test,logistic_regression,1,0.43710571293625156,0
test,logistic_regression,0,0.2099555290194039,0
test,logistic_regression,0,0.5158223756081199,0
test,logistic_regression,0,0.5298300090467482,0
test,logistic_regression,0,0.001195149032760668,0
test,logistic_regression,0,0.004643721729589341,0
test,logistic_regression,1,0.049578727605550876,0
test,logistic_regression,0,0.7967092280132307,1
test,logistic_regression,1,0.6603705508432253,0
test,logistic_regression,0,0.01024109183785035,0
test,logistic_regression,0,0.4107219272264562,0
test,logistic_regression,0,0.0012093168157296698,0
test,logistic_regression,0,0.9479018738958747,1
test,logistic_regression,1,0.9091146313577787,1
test,logistic_regression,0,0.35422562774587324,0
test,logistic_regression,0,0.47184783346504144,0
test,logistic_regression,0,0.7659910868010321,1
test,logistic_regression,0,0.059084707362943856,0
test,logistic_regression,0,0.38590622863147284,0
test,logistic_regression,0,0.7551428063463682,1
test,logistic_regression,1,0.9421330575628125,1
test,logistic_regression,0,0.14144805173402042,0
test,logistic_regression,1,0.889323425215978,1
test,logistic_regression,1,0.556753207327673,0
test,logistic_regression,0,0.0008192712840034412,0
test,logistic_regression,0,0.2788699685300208,0
test,logistic_regression,0,0.17793282925344336,0
test,logistic_regression,0,0.1306671626181049,0
test,logistic_regression,0,0.20851100357536995,0
test,logistic_regression,0,0.07280324706948732,0
test,logistic_regression,0,0.02690893729725744,0
test,logistic_regression,0,0.06819057488528253,0
test,logistic_regression,0,0.1664618119767165,0
test,logistic_regression,0,0.01160554424991669,0
test,logistic_regression,0,0.016629714004560307,0
test,logistic_regression,0,0.11328182625888739,0
test,logistic_regression,0,0.0006060916554395376,0
test,logistic_regression,0,0.00343831410297949,0
test,logistic_regression,0,0.0207651529341903,0
test,logistic_regression,0,0.7040694027599905,1
test,logistic_regression,0,0.44860510230747985,0
test,logistic_regression,0,0.6359276765325467,0
test,logistic_regression,0,0.7504277413517946,1
test,logistic_regression,0,0.14886889373231557,0
test,logistic_regression,0,0.15087152738883036,0
test,logistic_regression,0,0.01247769478026653,0
test,logistic_regression,0,0.29384925603053874,0
test,logistic_regression,0,0.07657393613154366,0
test,logistic_regression,0,0.2637905696860792,0
test,logistic_regression,0,0.30914443388332324,0
test,logistic_regression,0,0.8384219095101654,1
test,logistic_regression,1,0.9842585014561174,1
test,logistic_regression,0,0.35455817523335015,0
test,logistic_regression,0,0.009692714125161293,0
test,logistic_regression,0,0.22867222067168871,0
test,logistic_regression,0,0.14109681036319308,0
test,logistic_regression,0,0.02512721758715457,0
test,logistic_regression,0,0.034040534715345225,0
test,logistic_regression,0,0.15165008981438827,0
test,logistic_regression,0,0.004691429123367781,0
test,logistic_regression,1,0.951753094502673,1
test,logistic_regression,0,0.10661593192983054,0
test,logistic_regression,1,0.3574091123949808,0
test,logistic_regression,0,0.7085848280944077,1
test,logistic_regression,0,0.02429949869670955,0
test,logistic_regression,0,0.06994657030507867,0
test,logistic_regression,0,0.1674511811756789,0
test,logistic_regression,0,0.0961397599357398,0
test,logistic_regression,0,0.3961346080554249,0
test,logistic_regression,0,0.2295462912605473,0
test,logistic_regression,0,0.01187666736374795,0
test,logistic_regression,0,0.3235846779236713,0
test,logistic_regression,0,0.02721629068272429,0
test,logistic_regression,0,0.0073671395437629175,0
test,logistic_regression,0,0.0012136931667461744,0
test,logistic_regression,0,0.7019305613373582,1
test,logistic_regression,0,0.027599789532246486,0
test,logistic_regression,0,0.18479607939671258,0
test,logistic_regression,0,0.01079456660885881,0
test,logistic_regression,1,0.7880299069185496,1
test,logistic_regression,0,0.0021273440427702064,0
test,logistic_regression,0,0.10052579530262287,0
test,logistic_regression,0,0.8248532954212435,1
test,logistic_regression,0,0.7957882106653331,1
test,logistic_regression,0,0.030251811482025468,0
test,logistic_regression,0,0.7648139780687994,1
test,logistic_regression,1,0.559983196431401,0
test,logistic_regression,0,0.04764774163526494,0
test,logistic_regression,1,0.9613535489842813,1
test,logistic_regression,0,0.05770039708033416,0
test,logistic_regression,0,0.739094772227205,1
test,logistic_regression,1,0.8001145082345605,1
test,logistic_regression,0,0.07456398538157412,0
test,logistic_regression,1,0.752861187816463,1
test,logistic_regression,0,0.60447970858285,0
test,logistic_regression,0,0.5271633255007689,0
test,logistic_regression,1,0.5395706439674864,0
test,logistic_regression,0,0.018404793979078415,0
test,logistic_regression,1,0.8354133604510842,1
test,logistic_regression,0,0.007797003863031696,0
test,logistic_regression,0,0.003679468947041695,0
test,logistic_regression,0,0.0015036196113660518,0
test,logistic_regression,0,0.0014077466043582163,0
test,logistic_regression,1,0.9003768413010746,1
test,logistic_regression,0,0.2857160243704738,0
test,logistic_regression,0,0.04342363193867073,0
test,logistic_regression,0,0.06524906474221005,0
test,logistic_regression,0,0.4860066135766363,0
test,logistic_regression,0,0.4776027217125191,0
test,logistic_regression,0,0.08618712130135942,0
test,logistic_regression,0,0.24235313575599385,0
test,logistic_regression,0,0.03241684634451956,0
test,logistic_regression,0,0.026755542898459966,0
test,logistic_regression,0,0.11474872581340687,0
test,logistic_regression,1,0.40346176063855316,0
test,logistic_regression,0,0.007394519277566153,0
test,logistic_regression,0,0.0007075070896772334,0
test,logistic_regression,0,0.10756562679164254,0
test,logistic_regression,0,0.19341822923852264,0
test,logistic_regression,0,0.4825184933928199,0
test,logistic_regression,0,0.14411035152365306,0
test,logistic_regression,0,0.02716811870508615,0
test,logistic_regression,1,0.9044473602538418,1
test,logistic_regression,0,0.008844517171424258,0
test,logistic_regression,0,0.027048234305915703,0
test,logistic_regression,0,0.747215194972449,1
test,logistic_regression,1,0.31204145347597,0
test,logistic_regression,0,0.783094861173695,1
test,logistic_regression,1,0.4352596634180682,0
test,logistic_regression,0,0.2808896970392243,0
test,logistic_regression,1,0.2134702470630017,0
test,logistic_regression,1,0.559353929338383,0
test,logistic_regression,1,0.70000833566692,1
test,logistic_regression,1,0.9667208577117635,1
test,logistic_regression,1,0.9672725917163669,1
test,logistic_regression,0,0.0042363441492684045,0
test,logistic_regression,0,0.13646882059682022,0
test,logistic_regression,0,0.07826398361673931,0
test,logistic_regression,0,0.3277828314462198,0
test,logistic_regression,0,0.055430336728590976,0
test,logistic_regression,0,0.009036974071455582,0
test,logistic_regression,0,0.8951918124906727,1
test,logistic_regression,0,0.06528649155962918,0
test,logistic_regression,0,0.2329583396601892,0
test,logistic_regression,0,0.0028207896752124964,0
test,logistic_regression,0,0.03426656308094025,0
test,logistic_regression,0,0.3566327926903898,0
test,logistic_regression,0,0.002490382986059909,0
test,logistic_regression,0,0.21745274586201602,0
test,logistic_regression,0,0.07712512821470686,0
test,logistic_regression,0,0.6039831247442147,0
test,logistic_regression,0,0.03727875458128696,0
test,logistic_regression,0,0.04146072594002939,0
test,logistic_regression,0,0.11032099689234548,0
test,logistic_regression,0,0.8848145732114557,1
test,logistic_regression,0,0.07078757405966767,0
test,logistic_regression,0,0.6402392001133788,0
test,logistic_regression,1,0.9564677718365195,1
test,logistic_regression,0,0.004769500919988772,0
test,logistic_regression,0,0.6467759192731081,0
test,logistic_regression,0,0.005327109490240675,0
test,logistic_regression,1,0.05394510268480907,0
test,logistic_regression,0,0.06554377817752766,0
test,logistic_regression,0,0.043999396953006635,0
test,logistic_regression,0,0.007374662629029472,0
test,logistic_regression,0,0.0011556249630267181,0
test,logistic_regression,0,0.002184032031818091,0
test,logistic_regression,0,0.41241858735220827,0
test,logistic_regression,0,0.09864851083493878,0
test,logistic_regression,0,0.3595739783160227,0
test,logistic_regression,1,0.9355307756420136,1
test,logistic_regression,0,0.36724394269421545,0
test,logistic_regression,0,0.00790710839115871,0
test,logistic_regression,0,0.8214093701326347,1
test,logistic_regression,0,0.024966779643836895,0
test,logistic_regression,0,0.05141565537998324,0
test,logistic_regression,0,0.598489900227168,0
test,logistic_regression,1,0.7408130833716753,1
test,logistic_regression,0,0.04987117148964715,0
test,logistic_regression,1,0.7048240471835868,1
test,logistic_regression,0,0.01860330143299035,0
test,logistic_regression,0,0.07658543493753192,0
test,logistic_regression,0,0.2584892754315493,0
test,logistic_regression,0,0.08092848927562696,0
test,logistic_regression,0,0.1381868091947845,0
test,logistic_regression,0,0.7676994147464895,1
test,logistic_regression,0,0.23314865126245898,0
test,logistic_regression,0,0.06415660933497108,0
test,logistic_regression,0,0.06419812564272935,0
test,logistic_regression,0,0.0033394217765521407,0
test,logistic_regression,1,0.5815800462992373,0
test,logistic_regression,0,0.4247371197027618,0
test,logistic_regression,0,0.01835055176799704,0
test,logistic_regression,1,0.9183275939921267,1
test,logistic_regression,1,0.38532134814015095,0
test,logistic_regression,0,0.0073131316954537185,0
test,logistic_regression,0,0.08717659170484299,0
test,logistic_regression,0,0.6018079739095636,0
test,logistic_regression,0,0.6914575464003304,1
test,logistic_regression,0,0.015975787653529177,0
test,logistic_regression,0,0.5134975876755853,0
test,logistic_regression,0,0.007783270588886779,0
test,logistic_regression,0,0.40573494603720234,0
test,logistic_regression,0,0.10239871174700706,0
test,logistic_regression,0,0.7599380329239939,1
test,logistic_regression,0,0.8816441999744081,1
test,logistic_regression,0,0.04425515347851891,0
test,logistic_regression,0,0.6312623652643584,0
test,logistic_regression,0,0.19573247285012735,0
test,logistic_regression,0,0.7873054472982655,1
test,logistic_regression,0,0.4506065145592259,0
test,logistic_regression,0,0.02369466748480232,0
test,logistic_regression,0,0.22755778027935206,0
test,logistic_regression,1,0.47781109523089116,0
test,logistic_regression,0,0.2739057214772096,0
test,logistic_regression,0,0.0007550470628468247,0
test,logistic_regression,0,0.7946574720660303,1
test,logistic_regression,0,0.13745527601459323,0
test,logistic_regression,0,0.0030490784060214363,0
test,logistic_regression,0,0.5560679180501117,0
test,logistic_regression,0,0.297087473564103,0
test,logistic_regression,1,0.6775600365061986,0
test,logistic_regression,0,0.04303328278346267,0
test,logistic_regression,0,0.07584683625694595,0
test,logistic_regression,0,0.17375738136908303,0
test,logistic_regression,0,0.0010212927411149763,0
test,logistic_regression,0,0.017467291634739642,0
test,logistic_regression,0,0.08542923885387932,0
test,logistic_regression,1,0.9171776053827863,1
test,logistic_regression,0,0.510091043817777,0
test,logistic_regression,0,0.000289332362904043,0
test,logistic_regression,0,0.10735811940542507,0
test,logistic_regression,0,0.02299388793334112,0
test,logistic_regression,1,0.49324488604400557,0
test,logistic_regression,0,0.0053414949474504606,0
test,logistic_regression,0,0.02474887048146564,0
test,logistic_regression,0,0.8708001611092554,1
test,logistic_regression,0,0.20551057244511511,0
test,logistic_regression,0,0.4961836316337379,0
test,logistic_regression,1,0.8732678468675094,1
test,logistic_regression,0,0.09553495305966143,0
test,logistic_regression,1,0.3452451770008783,0
test,logistic_regression,0,0.05068052992978068,0
test,logistic_regression,0,0.024611191362700083,0
test,logistic_regression,0,0.7043620887335625,1
test,logistic_regression,0,0.00804336314452117,0
test,logistic_regression,0,0.0071969985867207905,0
test,logistic_regression,0,0.5172651606824411,0
test,logistic_regression,1,0.9848441685998182,1
test,logistic_regression,0,0.592147150036804,0
test,logistic_regression,0,0.0028396058892667564,0
test,logistic_regression,0,0.052312031793352906,0
test,logistic_regression,0,0.5878009616097827,0
test,logistic_regression,0,0.01931519422018788,0
test,logistic_regression,0,0.03917084690211042,0
test,logistic_regression,0,0.3765989171702731,0
test,logistic_regression,0,0.19454854928051593,0
test,logistic_regression,0,0.11327002812421422,0
test,logistic_regression,0,0.18015748814230237,0
test,logistic_regression,0,0.024451612109856337,0
test,logistic_regression,0,0.16258840024730686,0
test,logistic_regression,0,0.3304711767933145,0
test,logistic_regression,0,0.6717293239782577,0
test,logistic_regression,0,0.10212766862760636,0
test,logistic_regression,1,0.8771852021139908,1
test,logistic_regression,0,0.011831294105165672,0
test,logistic_regression,0,0.07578808206630519,0
test,logistic_regression,0,0.01451107665848337,0
test,logistic_regression,0,0.09587553693035596,0
test,logistic_regression,0,0.0714991843462801,0
test,logistic_regression,1,0.4486399350720292,0
test,logistic_regression,1,0.6092757374930526,0
test,logistic_regression,0,0.4308797308032375,0
test,logistic_regression,1,0.39238822970010045,0
test,logistic_regression,1,0.08481335953166007,0
test,logistic_regression,0,0.44421265060777054,0
test,logistic_regression,0,0.15318905956162795,0
test,logistic_regression,0,0.004604686602614783,0
test,logistic_regression,0,0.20995238966400936,0
test,logistic_regression,1,0.7877265312131396,1
test,logistic_regression,0,0.30936946826979217,0
test,logistic_regression,1,0.9433374737862625,1
test,logistic_regression,0,0.05881272053884192,0
test,logistic_regression,0,0.17978126390582075,0
test,logistic_regression,1,0.7478357899519286,1
test,logistic_regression,0,0.895343239253267,1
test,logistic_regression,1,0.9348522281296042,1
test,logistic_regression,0,0.1642856225270388,0
test,logistic_regression,0,0.019685683790728804,0
test,logistic_regression,1,0.9774463941567759,1
test,logistic_regression,1,0.9836694957243467,1
test,logistic_regression,0,0.35824598466856705,0
test,logistic_regression,0,0.017539866803940294,0
test,logistic_regression,0,0.009627061863604172,0
test,logistic_regression,0,0.6827701825064494,1
test,logistic_regression,0,0.000835919100001477,0
test,logistic_regression,1,0.7563893999103589,1
test,logistic_regression,0,0.4685582183156923,0
test,logistic_regression,1,0.6514937100755555,0
test,logistic_regression,0,0.0021514642243415615,0
test,logistic_regression,1,0.9626190432845639,1
test,logistic_regression,0,0.07420880615922652,0
test,logistic_regression,0,0.20100682609532386,0
test,logistic_regression,1,0.7189600504975998,1
test,logistic_regression,0,0.03777594204088917,0
test,logistic_regression,0,0.07768448424282119,0
test,logistic_regression,0,0.05261616076055539,0
test,logistic_regression,0,0.41318801107584147,0
test,logistic_regression,0,0.46238536722422924,0
test,logistic_regression,0,0.20728834162893361,0
test,logistic_regression,0,0.07955992774744353,0
test,logistic_regression,0,0.00199092343372633,0
test,logistic_regression,0,0.48737902333826466,0
test,logistic_regression,0,0.00030664423161356076,0
test,logistic_regression,0,0.062476982237830915,0
test,logistic_regression,1,0.8713745908329453,1
test,logistic_regression,1,0.797892479004263,1
test,logistic_regression,1,0.6862455892716668,1
test,logistic_regression,1,0.9914742817248565,1
test,logistic_regression,0,0.475879338583682,0
test,logistic_regression,0,0.04809163631369295,0
test,logistic_regression,0,0.08288969407515315,0
test,logistic_regression,1,0.9635440662398963,1
test,logistic_regression,0,0.045482578987264176,0
test,logistic_regression,0,0.19408787624407553,0
test,logistic_regression,0,0.1062270965594144,0
test,logistic_regression,0,0.3782109994908702,0
test,logistic_regression,0,0.1394292306614058,0
test,logistic_regression,1,0.924969649243417,1
test,logistic_regression,0,0.3272607308759325,0
test,logistic_regression,0,0.675093988644287,0
test,logistic_regression,0,0.4210880189045029,0
test,logistic_regression,0,0.006037561830347783,0
test,logistic_regression,0,0.04368400158012468,0
test,logistic_regression,0,0.08550773826916643,0
test,logistic_regression,0,0.1385594263867466,0
test,logistic_regression,0,0.11476299064387376,0
test,logistic_regression,0,0.16539446202633729,0
test,logistic_regression,0,0.036531880302601315,0
test,logistic_regression,0,0.0038905941858395007,0
test,logistic_regression,1,0.6012268488400832,0
test,logistic_regression,0,0.004097359079482213,0
test,logistic_regression,0,0.0021998878406915934,0
test,logistic_regression,1,0.6739479605196018,0
test,logistic_regression,0,0.017953207156047167,0
test,logistic_regression,0,0.020474533095327697,0
test,logistic_regression,0,0.006331806830901924,0
test,logistic_regression,0,0.12674800109964396,0
test,logistic_regression,0,0.01196543260042733,0
test,logistic_regression,0,0.6565690275916463,0
test,logistic_regression,0,0.1969121775377827,0
test,logistic_regression,0,0.19564048369953144,0
test,logistic_regression,0,0.7931328794655765,1
test,logistic_regression,0,0.028869676296959985,0
test,logistic_regression,0,0.27721735529683145,0
test,logistic_regression,0,0.10087245006323144,0
test,logistic_regression,0,0.7670933351312212,1
test,logistic_regression,0,0.025806784343305862,0
test,logistic_regression,0,0.0329195795488647,0
test,logistic_regression,0,0.6803739572783528,1
test,logistic_regression,0,0.10978855360288696,0
test,logistic_regression,0,0.0012187699757462444,0
test,logistic_regression,0,0.05808716369575379,0
test,logistic_regression,0,0.22240850775939897,0
test,logistic_regression,0,0.007170801793291369,0
test,logistic_regression,0,0.03890676015454432,0
test,logistic_regression,0,0.8337852032889841,1
test,logistic_regression,0,0.9506483551292453,1
test,logistic_regression,1,0.9593602555563822,1
test,logistic_regression,0,0.4268727351535646,0
test,logistic_regression,0,0.524372087767455,0
test,logistic_regression,0,0.4479263617760907,0
test,logistic_regression,1,0.8769613593985167,1
test,logistic_regression,1,0.8129086059411872,1
test,logistic_regression,0,0.00046250569383157996,0
test,logistic_regression,0,0.03812555388918303,0
test,logistic_regression,0,0.029860471707868482,0
test,logistic_regression,0,0.00302782634737109,0
test,logistic_regression,1,0.9613397003562326,1
test,logistic_regression,0,0.06529519351097177,0
test,logistic_regression,0,0.21771191827041078,0
test,logistic_regression,0,0.08976963189758377,0
test,logistic_regression,1,0.8203899534462175,1
test,logistic_regression,0,0.6998222270380453,1
test,logistic_regression,0,0.3280393819008966,0
test,logistic_regression,0,0.5959387181263313,0
test,logistic_regression,1,0.8402420807439129,1
test,logistic_regression,0,0.13259922453268552,0
test,logistic_regression,0,0.0014549859706327122,0
test,logistic_regression,1,0.7793477778306002,1
test,logistic_regression,1,0.9675204396060146,1
test,logistic_regression,0,0.7018584744441263,1
test,logistic_regression,0,0.7911805629377995,1
test,logistic_regression,0,0.025968221961334626,0
test,logistic_regression,0,0.06528818483154504,0
test,logistic_regression,0,0.03515467237816525,0
test,logistic_regression,0,0.12785183460136973,0
test,logistic_regression,1,0.3934985976962592,0
test,logistic_regression,0,0.8796714521889673,1
test,logistic_regression,0,0.005032689807341247,0
test,logistic_regression,0,0.1874780816292968,0
test,logistic_regression,0,0.14721416306455634,0
test,logistic_regression,0,0.08130411447125546,0
test,logistic_regression,0,0.28399822191510515,0
test,logistic_regression,0,0.011310201595833605,0
test,logistic_regression,0,0.9319132844018341,1
test,logistic_regression,0,0.21929075860837668,0
test,logistic_regression,0,0.018232991579231923,0
test,logistic_regression,0,0.9873233218003064,1
test,logistic_regression,0,0.8026201758680548,1
test,logistic_regression,1,0.9759316139760507,1
test,logistic_regression,1,0.8409665364997579,1
test,logistic_regression,0,0.4768823286576513,0
test,logistic_regression,1,0.9380682623449328,1
test,logistic_regression,0,0.27171976652156526,0
test,logistic_regression,0,0.02307493863914419,0
test,logistic_regression,0,0.002152244972876002,0
test,logistic_regression,0,0.00034229915484784804,0
test,logistic_regression,0,0.8656819711959106,1
test,logistic_regression,0,0.17050916490604104,0
test,logistic_regression,0,0.8921600136210378,1
test,logistic_regression,0,0.19614348592173525,0
test,logistic_regression,0,8.236497760071963e-05,0
test,logistic_regression,1,0.6966821386043912,1
test,logistic_regression,0,0.9713653381412444,1
test,logistic_regression,0,4.483048179154955e-05,0
test,logistic_regression,0,0.03936605891505703,0
test,logistic_regression,0,0.462810826392366,0
test,logistic_regression,0,0.44635763883747087,0
test,logistic_regression,0,0.5509545273270442,0
test,logistic_regression,0,0.027892599306631613,0
test,logistic_regression,1,0.6862228009650745,1
test,logistic_regression,0,0.0009804376472384738,0
test,logistic_regression,0,0.0012418179470423585,0
test,logistic_regression,0,0.0001936068198401118,0
test,logistic_regression,1,0.8942537227950073,1
test,logistic_regression,0,0.19116310737840544,0
test,logistic_regression,1,0.3878955211669182,0
test,logistic_regression,0,0.00021574519650228373,0
test,logistic_regression,0,0.6504356735006938,0
test,logistic_regression,0,0.01222594724104122,0
test,logistic_regression,1,0.6387615666020133,0
test,logistic_regression,0,0.03890957244558645,0
test,logistic_regression,0,0.04252251552973437,0
test,logistic_regression,0,0.0009552920309309314,0
test,logistic_regression,0,0.35759174130627513,0
test,logistic_regression,0,0.000982667040885618,0
test,logistic_regression,1,0.7731346052536733,1
test,logistic_regression,0,0.05503823691668379,0
test,logistic_regression,0,0.0959134697795131,0
test,logistic_regression,1,0.8958947463110419,1
test,logistic_regression,0,0.1960750249777079,0
test,logistic_regression,0,0.030871298655330563,0
test,logistic_regression,0,0.0029838640359007833,0
test,logistic_regression,0,0.6423563242293145,0
test,logistic_regression,0,0.32850928771831406,0
test,logistic_regression,0,0.10517441340341269,0
test,logistic_regression,0,0.8023296570984884,1
test,logistic_regression,0,0.47482113626799083,0
test,logistic_regression,0,0.5123806015331946,0
test,logistic_regression,0,0.00039215068668178583,0
test,logistic_regression,0,0.0005413623545556174,0
test,logistic_regression,0,0.7925299310085284,1
test,logistic_regression,0,0.08979734643452278,0
test,logistic_regression,0,0.8414123237877751,1
test,logistic_regression,1,0.9728066131522506,1
test,logistic_regression,0,0.15968217237731241,0
test,logistic_regression,0,0.900835068226529,1
test,logistic_regression,0,0.04689860692586863,0
test,logistic_regression,0,0.06249910744558916,0
test,logistic_regression,0,0.5210876424776811,0
test,logistic_regression,0,0.16597841447333392,0
test,logistic_regression,0,0.12698876637930093,0
test,logistic_regression,0,0.37542859473439993,0
test,logistic_regression,0,0.9045458050635462,1
test,logistic_regression,0,0.014554388705141143,0
test,logistic_regression,1,0.49979705205105024,0
test,logistic_regression,0,0.03434378938496037,0
test,logistic_regression,1,0.8738341602244108,1
test,logistic_regression,0,0.5429671617348233,0
test,logistic_regression,1,0.6218951682167447,0
test,logistic_regression,0,0.5051007615200123,0
test,logistic_regression,0,0.3664611443777266,0
test,logistic_regression,0,0.1298544815416387,0
test,logistic_regression,0,0.059331944225737815,0
test,logistic_regression,0,0.7723703742227609,1
test,logistic_regression,0,0.022017878522873523,0
test,logistic_regression,1,0.8691285862366651,1
test,logistic_regression,0,0.13680429631159807,0
test,logistic_regression,0,0.10440746782809736,0
test,logistic_regression,0,0.3179477438438757,0
test,logistic_regression,0,0.09394570880704191,0
test,logistic_regression,1,0.9052057028941838,1
test,logistic_regression,0,0.07491124233096697,0
test,logistic_regression,0,0.2707294149681343,0
test,logistic_regression,1,0.9682723967986663,1
test,logistic_regression,0,0.013150058652506246,0
test,logistic_regression,0,0.0038804927516516226,0
test,logistic_regression,0,0.028472163801118083,0
test,logistic_regression,0,0.7295795995102711,1
test,logistic_regression,0,0.1508841923902553,0
test,logistic_regression,1,0.7541389069943282,1
test,logistic_regression,0,0.5805085877720146,0
test,logistic_regression,0,0.7413968298623833,1
test,logistic_regression,0,0.8166290023258913,1
test,logistic_regression,0,0.015707262459804368,0
test,logistic_regression,0,0.05089890487165806,0
test,logistic_regression,0,0.5216278526322424,0
test,logistic_regression,1,0.9713258895759285,1
test,logistic_regression,0,0.0009853951036178563,0
test,logistic_regression,0,0.005787099948937533,0
test,logistic_regression,0,0.14902000256289336,0
test,logistic_regression,0,0.7681672881689962,1
test,logistic_regression,0,0.27194505018773846,0
test,logistic_regression,0,0.0214264577763064,0
test,logistic_regression,0,0.26469629350685736,0
test,logistic_regression,0,0.7396730561581774,1
test,logistic_regression,0,0.012320639594149153,0
test,logistic_regression,0,0.004300846217325557,0
test,logistic_regression,0,0.1751719462652094,0
test,logistic_regression,0,0.13011695557689332,0
test,logistic_regression,1,0.9213098820955634,1
test,logistic_regression,0,0.34152624536365794,0
test,logistic_regression,0,6.123230195864102e-05,0
test,logistic_regression,0,0.3516427929383675,0
test,logistic_regression,0,0.8033787967491894,1
test,logistic_regression,0,0.7686908723858596,1
test,logistic_regression,0,0.013230179443308019,0
test,logistic_regression,1,0.9389666409864312,1
test,logistic_regression,0,0.010780665331347,0
test,logistic_regression,0,0.06570437043401088,0
test,logistic_regression,0,0.2873858787537312,0
test,logistic_regression,0,0.014929905259048542,0
test,logistic_regression,0,0.03704137306341213,0
test,logistic_regression,0,0.4073879757690223,0
test,logistic_regression,0,0.5153261723030259,0
test,logistic_regression,0,0.10728863812305103,0
test,logistic_regression,0,0.006953585718467893,0
test,logistic_regression,0,0.03387844135646126,0
test,logistic_regression,0,0.03385066364251973,0
test,logistic_regression,1,0.7147352008810883,1
test,logistic_regression,0,0.6607187527571645,0
test,logistic_regression,0,0.01506554023852387,0
test,logistic_regression,0,0.06624331279778889,0
test,logistic_regression,0,0.7776489046639139,1
test,logistic_regression,0,0.01581275187245411,0
test,logistic_regression,0,0.03295534769561348,0
test,logistic_regression,0,0.840919339442543,1
test,logistic_regression,0,0.15517412471283165,0
test,logistic_regression,0,0.004015631981391597,0
test,logistic_regression,0,0.9019827431771468,1
test,logistic_regression,0,0.10854068571887857,0
test,logistic_regression,0,0.8337969261480365,1
test,logistic_regression,0,0.009202757949596043,0
test,logistic_regression,0,0.005660200608746114,0
test,logistic_regression,0,0.22133089461593744,0
test,logistic_regression,0,0.10704817875079031,0
test,logistic_regression,0,0.15767706184621746,0
test,logistic_regression,0,0.6440992735809021,0
test,logistic_regression,0,0.8586228596002192,1
test,logistic_regression,1,0.7999068045930933,1
test,logistic_regression,1,0.7446257777416033,1
test,logistic_regression,0,0.08650290847628105,0
test,logistic_regression,0,0.07509902457320651,0
test,logistic_regression,0,0.011301808648024828,0
test,logistic_regression,0,0.4332150947575972,0
test,logistic_regression,0,0.02327324508581318,0
test,logistic_regression,0,0.004747280870370678,0
test,logistic_regression,0,0.09351737924981281,0
test,logistic_regression,0,0.038343707921650635,0
test,logistic_regression,0,0.046768756855348946,0
test,logistic_regression,0,0.04641117147462862,0
test,logistic_regression,0,0.0009737772512408493,0
test,logistic_regression,0,0.6031886026947078,0
test,logistic_regression,1,0.8691369300319194,1
test,logistic_regression,0,0.1503935966988121,0
test,logistic_regression,1,0.943674001454903,1
test,logistic_regression,0,0.2198254927928794,0
test,logistic_regression,1,0.8286897460472834,1
test,logistic_regression,0,0.3143705568439533,0
test,logistic_regression,1,0.7768124924614963,1
test,logistic_regression,0,0.7745094803199666,1
test,logistic_regression,0,0.09006979810216391,0
test,logistic_regression,0,0.012123297242920964,0
test,logistic_regression,1,0.1654125060289781,0
test,logistic_regression,0,0.004211909491485283,0
test,logistic_regression,0,0.02238383143123416,0
test,logistic_regression,0,0.12075274032505384,0
test,logistic_regression,0,0.08543668143286201,0
test,logistic_regression,0,0.018767296063608968,0
test,logistic_regression,0,0.3918699501667376,0
test,logistic_regression,0,0.000301122766803385,0
test,logistic_regression,0,0.01391341530151649,0
test,logistic_regression,0,0.07305859484566105,0
test,logistic_regression,0,0.13098413137511594,0
test,logistic_regression,0,0.5373426517718817,0
test,logistic_regression,0,0.012870781548272944,0
test,logistic_regression,0,0.12127124904046914,0
test,logistic_regression,0,0.43280581110765526,0
test,logistic_regression,0,0.4876057535747831,0
test,logistic_regression,0,0.004301035264876049,0
test,logistic_regression,0,0.18038255536248288,0
test,logistic_regression,0,0.000892261465045646,0
test,logistic_regression,0,0.0017654957755860784,0
test,logistic_regression,0,0.00886706111044456,0
test,logistic_regression,0,0.4257711493352613,0
test,logistic_regression,0,0.01071076984294995,0
test,logistic_regression,0,0.10380238748436886,0
test,logistic_regression,0,0.002385657828329615,0
test,logistic_regression,0,0.07788317275998151,0
test,logistic_regression,1,0.9309387748477704,1
test,logistic_regression,0,0.8669771975054549,1
test,logistic_regression,0,0.01825796814052021,0
test,logistic_regression,0,0.025482936675709996,0
test,logistic_regression,0,0.11929088871618372,0
test,logistic_regression,0,0.03298799879518294,0
test,logistic_regression,1,0.5545329317763736,0
test,logistic_regression,0,0.0017329979757946864,0
test,logistic_regression,0,0.00024320420047623737,0
test,logistic_regression,0,0.007634513614257682,0
test,logistic_regression,0,0.2596484496778565,0
test,logistic_regression,0,0.48789999994018163,0
test,logistic_regression,0,0.213627773649164,0
test,logistic_regression,0,0.15083050910198084,0
test,logistic_regression,0,0.0038061429364156982,0
test,logistic_regression,0,0.013694098988866931,0
test,logistic_regression,0,0.19765562977456222,0
test,logistic_regression,0,0.6953619649348607,1
test,logistic_regression,0,0.008225605589178474,0
test,logistic_regression,0,0.45905140379412324,0
test,logistic_regression,0,0.3251645335424398,0
test,logistic_regression,0,0.6479199660085959,0
test,logistic_regression,0,0.0202835040560738,0
test,logistic_regression,0,0.21990696060238304,0
test,logistic_regression,0,0.4082823790596719,0
test,logistic_regression,0,0.19339986329854375,0
test,logistic_regression,0,0.7699481587643063,1
test,logistic_regression,0,0.27889397735661603,0
test,logistic_regression,0,0.01430710615569681,0
test,logistic_regression,0,0.000404594943883777,0
test,logistic_regression,0,0.028034952400383117,0
test,logistic_regression,0,0.00844552118951102,0
test,logistic_regression,0,0.009446521576883084,0
test,logistic_regression,0,0.015818279460986896,0
test,logistic_regression,0,0.010153104733110496,0
test,logistic_regression,0,0.42608768144052955,0
test,logistic_regression,1,0.9174829848677583,1
test,logistic_regression,1,0.16194325657272443,0
test,logistic_regression,1,0.9327426027400851,1
test,logistic_regression,0,0.5357874782752489,0
test,logistic_regression,0,0.5732290786935182,0
test,logistic_regression,0,0.19261212482744425,0
test,logistic_regression,0,0.06292473725781697,0
test,logistic_regression,1,0.8640789882417159,1
test,logistic_regression,0,0.14524377697396493,0
test,logistic_regression,0,0.9084370454857335,1
test,logistic_regression,0,0.1501522953353939,0
test,logistic_regression,0,0.4163647749201261,0
test,logistic_regression,0,0.31001633099768056,0
test,logistic_regression,1,0.8216583548530317,1
test,logistic_regression,1,0.8654194316155127,1
test,logistic_regression,0,0.8586692060078833,1
test,logistic_regression,0,0.8933539266002872,1
test,logistic_regression,1,0.6516458865697132,0
test,logistic_regression,0,0.10683843908929498,0
test,logistic_regression,0,0.8406543752762037,1
test,logistic_regression,0,0.4462041911229606,0
test,logistic_regression,1,0.9660900133364542,1
test,logistic_regression,0,0.9048440394071732,1
test,logistic_regression,1,0.9807463606405921,1
test,logistic_regression,1,0.7887699367404307,1
test,logistic_regression,1,0.8538870724365607,1
test,logistic_regression,0,0.06475136856759017,0
test,logistic_regression,0,0.5159639234927156,0
test,logistic_regression,0,0.820286435792526,1
test,logistic_regression,0,0.027764267442141187,0
test,logistic_regression,0,0.1465701119781011,0
test,logistic_regression,0,0.265035515861938,0
test,logistic_regression,0,0.2693654100775037,0
test,logistic_regression,0,0.503920040505386,0
test,logistic_regression,0,0.28381282986446277,0
test,logistic_regression,0,0.7953649221341019,1
test,logistic_regression,0,0.5753908137026195,0
test,logistic_regression,0,0.7683117559545477,1
test,logistic_regression,0,0.0009261165115413764,0
test,logistic_regression,0,0.08014279640597723,0
test,logistic_regression,0,0.007721210480646762,0
test,logistic_regression,1,0.9441329151821692,1
test,logistic_regression,1,0.8395269848830103,1
test,logistic_regression,0,0.038528159345267855,0
test,logistic_regression,0,0.15286825506476887,0
test,logistic_regression,0,0.007198025840298629,0
test,logistic_regression,0,0.023548122022496554,0
test,logistic_regression,0,0.8115251413230916,1
test,logistic_regression,0,0.08645480819785868,0
test,logistic_regression,0,0.14258365698284897,0
test,logistic_regression,0,0.7462324141659306,1
test,logistic_regression,0,0.046545470576943145,0
test,logistic_regression,0,0.0017667119952133343,0
test,logistic_regression,0,0.0018808547867587338,0
test,logistic_regression,0,0.2279421651468088,0
test,logistic_regression,0,0.119572689283004,0
test,logistic_regression,0,0.0017762272803834777,0
test,logistic_regression,0,0.3095038937717927,0
test,logistic_regression,0,0.007464711491722337,0
test,logistic_regression,0,0.0024191603751969057,0
test,logistic_regression,0,0.002027558698055684,0
test,logistic_regression,0,0.254399714171821,0
test,logistic_regression,1,0.05115497614794625,0
test,logistic_regression,1,0.6066068531102233,0
test,logistic_regression,0,0.2721797970577847,0
test,logistic_regression,0,0.7735066791840982,1
test,logistic_regression,0,0.13622248535980816,0
test,logistic_regression,0,0.2142395944603642,0
test,logistic_regression,0,0.0019243265280030255,0
test,logistic_regression,0,0.0139663337308972,0
test,logistic_regression,0,0.0868834028845118,0
test,logistic_regression,0,0.03123268711099332,0
test,logistic_regression,0,0.009252408187409055,0
test,logistic_regression,0,0.010016844935075632,0
test,logistic_regression,0,0.690594533835855,1
test,logistic_regression,0,0.15401318663107183,0
test,logistic_regression,0,0.014387646197767518,0
test,logistic_regression,0,0.6656987377566377,0
test,logistic_regression,0,0.1070896518883472,0
test,logistic_regression,0,0.024623506574004972,0
test,logistic_regression,0,0.03223922485311624,0
test,logistic_regression,0,0.4101617717735671,0
test,logistic_regression,1,0.9908856376412326,1
test,logistic_regression,0,0.30046782668462463,0
test,logistic_regression,0,0.005543443015649961,0
test,logistic_regression,0,0.19110244187100286,0
test,logistic_regression,0,0.47701695689348106,0
test,logistic_regression,0,0.002228258768381177,0
test,logistic_regression,0,0.12169024503895481,0
test,logistic_regression,0,0.011102116246473687,0
test,logistic_regression,0,0.019586005346644526,0
test,logistic_regression,0,0.015532975216088903,0
test,logistic_regression,0,0.00848366895179989,0
test,logistic_regression,0,0.8666454880064179,1
test,logistic_regression,0,0.3125515382861083,0
test,logistic_regression,0,0.07109303848363739,0
test,logistic_regression,0,0.014737296602280748,0
test,logistic_regression,0,0.00017022261068392903,0
test,logistic_regression,1,0.9834992529650642,1
test,logistic_regression,0,0.004384783263256025,0
test,logistic_regression,0,0.27832646240127284,0
test,logistic_regression,0,0.02598101380059918,0
test,logistic_regression,0,0.04263242009468536,0
test,logistic_regression,0,0.620452963830692,0
test,logistic_regression,0,0.7238776773238618,1
test,logistic_regression,0,0.5064492514678669,0
test,logistic_regression,0,0.3202217916602032,0
test,logistic_regression,0,0.42683652614526735,0
test,logistic_regression,0,0.4518095003348891,0
test,logistic_regression,1,0.9246174402991187,1
test,logistic_regression,0,0.21641472939844852,0
test,logistic_regression,0,0.02749123866076273,0
test,logistic_regression,0,0.008225892188578061,0
test,logistic_regression,0,0.003122016413328381,0
test,logistic_regression,0,0.009408218050967605,0
test,logistic_regression,0,0.060259110924392345,0
test,logistic_regression,0,0.05932153435204921,0
test,logistic_regression,1,0.9272600240676798,1
test,logistic_regression,0,0.3200998586321345,0
test,logistic_regression,0,0.5368852711127177,0
test,logistic_regression,0,0.06698108890899881,0
test,logistic_regression,0,0.3496295710724041,0
test,logistic_regression,1,0.9464900529636623,1
test,logistic_regression,0,0.3047225489639178,0
test,logistic_regression,0,0.24386572869233256,0
test,logistic_regression,0,0.9029769273465352,1
test,logistic_regression,0,0.06200319974421853,0
test,logistic_regression,0,0.03272675884261458,0
test,logistic_regression,0,0.001218981531870702,0
test,logistic_regression,0,0.1316144457987227,0
test,logistic_regression,0,0.07708369618003619,0
test,logistic_regression,0,0.947174075212778,1
test,logistic_regression,0,0.03749046124359873,0
test,logistic_regression,1,0.7536325712679854,1
test,logistic_regression,1,0.9687954340795604,1
test,logistic_regression,0,0.07485299258701782,0
test,logistic_regression,0,0.02983715330221291,0
test,logistic_regression,0,0.0009818692238596862,0
test,logistic_regression,0,0.06698616543758891,0
test,logistic_regression,0,0.8177031527694268,1
test,logistic_regression,0,0.0687327791561431,0
test,logistic_regression,0,0.02725583456673593,0
test,logistic_regression,0,0.0029136201231009483,0
test,logistic_regression,0,0.003317288823001477,0
test,logistic_regression,0,0.06924307986276926,0
test,logistic_regression,0,0.16140493602986736,0
test,logistic_regression,0,0.06595208876382572,0
test,logistic_regression,0,0.7120856290554763,1
test,logistic_regression,0,0.002005460929804794,0
test,logistic_regression,0,0.825616225700887,1
test,logistic_regression,0,0.009058138764769606,0
test,logistic_regression,1,0.7916866623171969,1
test,logistic_regression,0,0.4864761280917963,0
test,logistic_regression,0,0.4866850240943329,0
test,logistic_regression,0,0.49143324151222173,0
test,logistic_regression,0,0.8510121404922576,1
test,logistic_regression,0,0.5056605184455897,0
test,logistic_regression,0,0.29100882632863734,0
test,logistic_regression,0,0.024362596837233633,0
test,logistic_regression,0,0.7635954224790654,1
test,logistic_regression,0,0.12083679103218783,0
test,logistic_regression,0,0.6442353400552714,0
test,logistic_regression,1,0.6559294242372449,0
test,logistic_regression,0,0.8584256543851753,1
test,logistic_regression,0,0.007660138525171603,0
test,logistic_regression,0,0.1437666134333668,0
test,logistic_regression,0,0.25075827607613504,0
test,logistic_regression,0,0.670387540519125,0
test,logistic_regression,0,0.6564128549343121,0
test,logistic_regression,0,0.008390265217823151,0
test,logistic_regression,0,0.03298380667314555,0
test,logistic_regression,1,0.9454279706015424,1
test,logistic_regression,1,0.9745184987740783,1
test,logistic_regression,0,0.036577998015007,0
test,logistic_regression,0,0.09012396479678697,0
test,logistic_regression,1,0.5519624670233692,0
test,logistic_regression,0,0.7052493164036422,1
test,logistic_regression,0,0.013089555548134752,0
test,logistic_regression,1,0.870193387382045,1
test,logistic_regression,0,0.00722143815470112,0
test,logistic_regression,0,0.0031200573378182203,0
test,logistic_regression,0,0.44743614841591234,0
test,logistic_regression,0,0.013904781706604205,0
test,logistic_regression,0,0.629380270235692,0
test,logistic_regression,0,0.16549361366560975,0
test,logistic_regression,0,0.20518952100157142,0
test,logistic_regression,0,0.05634122135564118,0
test,logistic_regression,0,0.4702829809235608,0
test,logistic_regression,1,0.6154202031368302,0
test,logistic_regression,0,0.011827221678287958,0
test,logistic_regression,0,0.7519427500701932,1
test,logistic_regression,0,0.5349419507484954,0
test,logistic_regression,0,0.042656298477762714,0
test,logistic_regression,0,0.002214139759210012,0
test,logistic_regression,0,0.06577124265661266,0
test,logistic_regression,0,0.02298497014223755,0
test,logistic_regression,0,0.051324512681498305,0
test,logistic_regression,0,0.1807574095121087,0
test,logistic_regression,0,0.37781536228000906,0
test,logistic_regression,0,0.00963689806121894,0
test,logistic_regression,0,0.1265623546182752,0
test,logistic_regression,0,0.0026086905147881707,0
test,logistic_regression,0,0.016066929180248456,0
test,logistic_regression,0,0.7293599738971769,1
test,logistic_regression,0,0.5191162916408872,0
test,logistic_regression,1,0.7394726753873976,1
test,logistic_regression,0,0.3056589212005626,0
test,logistic_regression,0,0.4287298179064473,0
test,logistic_regression,0,0.6386129008874234,0
test,logistic_regression,0,0.10382630479227589,0
test,logistic_regression,0,0.03450792041389572,0
test,logistic_regression,0,0.00503823826741991,0
test,logistic_regression,0,0.11623337139502704,0
test,logistic_regression,0,0.3196164973484519,0
test,logistic_regression,0,0.00875264398622907,0
test,logistic_regression,0,0.008856928645332787,0
test,logistic_regression,0,0.024742996434043443,0
test,logistic_regression,0,0.058656535229691505,0
test,logistic_regression,0,0.019808709125037516,0
test,logistic_regression,0,0.07982829015119372,0
test,logistic_regression,0,0.04755963576943824,0
test,logistic_regression,0,0.29975365872766646,0
test,logistic_regression,0,0.0002457642473810713,0
test,logistic_regression,0,0.000557342944429354,0
test,logistic_regression,0,0.8762742578953483,1
test,logistic_regression,1,0.7091226373025443,1
test,logistic_regression,1,0.4608241804231932,0
test,logistic_regression,0,0.0023954051257702304,0
test,logistic_regression,0,0.12168536766084789,0
test,logistic_regression,1,0.9539842030262076,1
test,logistic_regression,1,0.3285261524401454,0
test,logistic_regression,1,0.8507925732565618,1
test,logistic_regression,0,0.515050421698471,0
test,logistic_regression,0,0.023807623090624654,0
test,logistic_regression,0,0.8560445081286274,1
test,logistic_regression,0,0.3823174634973904,0
test,logistic_regression,0,0.29849131466850215,0
test,logistic_regression,0,0.822865740279074,1
test,logistic_regression,0,0.1425510030360659,0
test,logistic_regression,0,0.14989316112002474,0
test,logistic_regression,0,0.5187432441231379,0
test,logistic_regression,0,0.011206782190802449,0
test,logistic_regression,0,0.27511239578484126,0
test,logistic_regression,0,0.3505440576418596,0
test,logistic_regression,0,0.02447648284303558,0
test,logistic_regression,1,0.9796391289240469,1
test,logistic_regression,0,0.22987032260975765,0
test,logistic_regression,0,0.20880932743665687,0
test,logistic_regression,0,0.16717204947599812,0
test,logistic_regression,0,0.8877683468954394,1
test,logistic_regression,1,0.6949213213732743,1
test,logistic_regression,1,0.9716342758896421,1
test,logistic_regression,0,0.006648062321260224,0
test,logistic_regression,0,0.42649154964005803,0
test,logistic_regression,0,0.06556294670346874,0
test,logistic_regression,0,0.00393257190289762,0
test,logistic_regression,0,0.05150630123741049,0
test,logistic_regression,0,0.08202514628348599,0
test,logistic_regression,0,0.6510159214728839,0
test,logistic_regression,0,0.02765644767541233,0
test,logistic_regression,0,0.02930711035940729,0
test,logistic_regression,0,0.007824236501254732,0
test,logistic_regression,0,0.001877562307753058,0
test,logistic_regression,0,0.035807105723885777,0
test,logistic_regression,0,0.14983333041039334,0
test,logistic_regression,0,0.03502769075627335,0
test,logistic_regression,0,0.0019082713910119635,0
test,logistic_regression,0,0.08234325128255184,0
test,logistic_regression,0,0.7651483368303603,1
test,logistic_regression,0,0.013103438494560915,0
test,logistic_regression,1,0.9647267076881201,1
test,logistic_regression,0,0.21457624134069847,0
test,logistic_regression,0,0.34634904949793693,0
test,logistic_regression,0,0.745506913515825,1
test,logistic_regression,0,3.8470698857728594e-05,0
test,logistic_regression,0,0.8770578174042702,1
test,logistic_regression,0,0.8897111022735391,1
test,logistic_regression,0,0.000206035340930841,0
test,logistic_regression,0,0.554354250741051,0
test,logistic_regression,1,0.22610880598302832,0
test,logistic_regression,0,0.3379766557672066,0
test,logistic_regression,1,0.9355718105579683,1
test,logistic_regression,0,0.3521977075168086,0
test,logistic_regression,0,0.10862730558706399,0
test,logistic_regression,0,0.08095130308744998,0
test,logistic_regression,0,0.4901076103567935,0
test,logistic_regression,0,0.5249452086521843,0
test,logistic_regression,0,0.0007242184312124612,0
test,logistic_regression,0,0.07309332671648504,0
test,logistic_regression,0,0.5833238439813901,0
test,logistic_regression,0,0.042603036115083134,0
test,logistic_regression,0,0.006165637980213073,0
test,logistic_regression,0,0.8013425358132678,1
test,logistic_regression,0,0.8730353748818088,1
test,logistic_regression,1,0.3650800524099344,0
test,logistic_regression,0,0.20208769545180733,0
test,logistic_regression,0,0.13398122945688606,0
test,logistic_regression,1,0.24177286270200893,0
test,logistic_regression,0,0.6902651156140722,1
test,logistic_regression,0,0.27411171114494404,0
test,logistic_regression,0,0.26786288121962254,0
test,logistic_regression,0,0.3923325687673438,0
test,logistic_regression,0,0.03628338718867659,0
test,logistic_regression,0,0.05372193361090361,0
test,logistic_regression,1,0.9426927733612024,1
test,logistic_regression,0,0.012738789397055998,0
test,logistic_regression,1,0.8338962510723296,1
test,logistic_regression,0,0.1396597736834319,0
test,logistic_regression,0,0.32845454606004976,0
test,logistic_regression,0,0.028050725339186493,0
test,logistic_regression,0,0.007270127235417073,0
test,logistic_regression,0,0.5765278169803321,0
test,logistic_regression,0,0.04692558203625454,0
test,logistic_regression,0,0.012998022928808558,0
test,logistic_regression,0,0.14813138661061176,0
test,logistic_regression,0,0.012587721951723207,0
test,logistic_regression,1,0.956180824614526,1
test,logistic_regression,0,0.6464848294676292,0
test,logistic_regression,0,0.6930018235754405,1
test,logistic_regression,0,0.6321835112388221,0
test,logistic_regression,0,0.2782227145708297,0
test,logistic_regression,0,0.02286414603348829,0
test,logistic_regression,0,0.011181683166990584,0
test,logistic_regression,0,0.03854722138605583,0
test,logistic_regression,0,0.9478408717529554,1
test,logistic_regression,0,0.1267477946692599,0
test,logistic_regression,0,0.23542729164097168,0
test,logistic_regression,1,0.507580364216663,0
test,logistic_regression,0,0.9255386278011263,1
test,logistic_regression,0,0.37488993818842703,0
test,logistic_regression,1,0.274011525549257,0
test,logistic_regression,0,0.008737369183174736,0
test,logistic_regression,0,0.3723671606924866,0
test,logistic_regression,1,0.9326241835488154,1
test,logistic_regression,1,0.8408860310622313,1
test,logistic_regression,0,0.633793336295948,0
test,logistic_regression,0,0.175222131836092,0
test,logistic_regression,0,0.3849559928781082,0
test,logistic_regression,0,0.07866537359146847,0
test,logistic_regression,0,0.06700201695825803,0
test,logistic_regression,0,0.009101007487191361,0
test,logistic_regression,0,0.004378899850660019,0
test,logistic_regression,0,0.19683311800320125,0
test,logistic_regression,0,0.017384989125675147,0
test,logistic_regression,0,0.03439857556028532,0
test,logistic_regression,0,0.31042063341694076,0
test,logistic_regression,0,0.6573565437643842,0
test,logistic_regression,0,0.418840078913026,0
test,logistic_regression,0,0.017222724005107593,0
test,logistic_regression,0,0.2371063046678894,0
test,logistic_regression,0,0.6725335326887457,0
test,logistic_regression,0,0.11437854601811752,0
test,logistic_regression,0,0.017119452110984475,0
test,logistic_regression,0,0.04814868143471177,0
test,logistic_regression,0,0.10279139832677445,0
test,logistic_regression,0,0.009128728415379303,0
test,logistic_regression,0,0.02659513264583779,0
test,logistic_regression,1,0.7321359907810338,1
test,logistic_regression,0,0.4320613205553202,0
test,logistic_regression,0,0.3147145016907807,0
test,logistic_regression,0,0.05288480391021954,0
test,logistic_regression,0,0.18031389804695477,0
test,logistic_regression,0,0.046635381729745365,0
test,logistic_regression,1,0.9344611127273538,1
test,logistic_regression,0,0.7338053137583459,1
test,logistic_regression,0,0.00247510195471249,0
test,logistic_regression,0,0.018748026602263455,0
test,logistic_regression,0,0.07382415343993594,0
test,logistic_regression,1,0.8923792062431398,1
test,logistic_regression,0,0.42930026004198635,0
test,logistic_regression,0,0.005651965047022474,0
test,logistic_regression,0,0.4578384869025622,0
test,logistic_regression,0,0.7142999269345369,1
test,logistic_regression,0,0.0498741892940375,0
test,logistic_regression,0,0.4005541346975758,0
test,logistic_regression,0,0.1572678298981433,0
test,logistic_regression,0,0.215082837851336,0
test,logistic_regression,0,0.7289162001540505,1
test,logistic_regression,0,0.03787285424250552,0
test,logistic_regression,0,0.03471701005416212,0
test,logistic_regression,0,0.4043182743728807,0
test,logistic_regression,1,0.7653819229266279,1
test,logistic_regression,0,0.5591660654569145,0
test,logistic_regression,1,0.9769367241294873,1
test,logistic_regression,0,0.4910029355725113,0
test,logistic_regression,0,0.54054833242906,0
test,logistic_regression,0,0.5577649293354537,0
test,logistic_regression,0,0.06364781264141514,0
test,logistic_regression,0,0.4297247603279232,0
test,logistic_regression,0,0.420211765964892,0
test,logistic_regression,0,0.17740876743879272,0
test,logistic_regression,0,0.7475662454619045,1
test,logistic_regression,1,0.9655474257651139,1
validation,random_forest,0,0.004423670859445933,0
validation,random_forest,0,0.0,0
validation,random_forest,0,0.14385380896473282,0
validation,random_forest,0,0.09163446221548083,0
validation,random_forest,0,0.2962340331587125,1
validation,random_forest,0,0.033741056390854715,0
validation,random_forest,0,0.07318958095702813,0
validation,random_forest,0,0.004418458677048801,0
validation,random_forest,0,0.07184713797434139,0
validation,random_forest,0,0.46139423432588045,1
validation,random_forest,0,0.005545531488369702,0
validation,random_forest,0,0.032588815385475624,0
validation,random_forest,0,0.020544455445796778,0
validation,random_forest,0,0.0429682022884869,0
validation,random_forest,0,0.4325946633745539,1
validation,random_forest,0,0.0019495002978357268,0
validation,random_forest,0,0.012731398725019064,0
validation,random_forest,0,0.002394252827303095,0
validation,random_forest,0,0.07380681715798654,0
validation,random_forest,0,0.045644046967176985,0
validation,random_forest,0,0.07577974713409195,0
validation,random_forest,0,0.033009557709884174,0
validation,random_forest,0,0.0,0
validation,random_forest,0,0.004147542620844535,0
validation,random_forest,0,0.006552557532306602,0
validation,random_forest,0,0.05898709845534486,0
validation,random_forest,0,0.35169058488146127,1
validation,random_forest,0,0.008782734445603442,0
validation,random_forest,0,0.026198119301208887,0
validation,random_forest,1,0.3289956659386546,1
validation,random_forest,0,0.0584428479751566,0
validation,random_forest,0,0.02787451103291559,0
validation,random_forest,0,0.16621225936569659,0
validation,random_forest,1,0.639453876729123,1
validation,random_forest,0,0.11665786990294816,0
validation,random_forest,0,0.2626757733185934,0
validation,random_forest,0,0.0,0
validation,random_forest,0,0.022287685200913492,0
validation,random_forest,0,0.03220234577953228,0
validation,random_forest,0,0.1791359390880254,0
validation,random_forest,0,0.681243240981485,1
validation,random_forest,0,0.004404569632495164,0
validation,random_forest,0,0.014216149380257538,0
validation,random_forest,0,0.01826285489628986,0
validation,random_forest,0,0.020518945203781374,0
validation,random_forest,0,0.00806128043275452,0
validation,random_forest,0,0.02206047169183427,0
validation,random_forest,0,0.499815924354722,1
validation,random_forest,0,0.0024252873563218396,0
validation,random_forest,0,0.06705129353950431,0
validation,random_forest,0,0.09854594553833702,0
validation,random_forest,0,0.027653634572392272,0
validation,random_forest,0,0.2583557298664268,0
validation,random_forest,0,0.014534935240469749,0
validation,random_forest,0,0.12570268282211583,0
validation,random_forest,0,0.15675183799920767,0
validation,random_forest,0,0.07913601529622781,0
validation,random_forest,0,0.015430299134921522,0
validation,random_forest,0,0.010803568559381051,0
validation,random_forest,1,0.3300304333906017,1
validation,random_forest,0,0.014941099940129815,0
validation,random_forest,0,0.0755220476863664,0
validation,random_forest,0,0.1397296469687336,0
validation,random_forest,1,0.34287456534025806,1
validation,random_forest,0,0.059147224596394515,0
validation,random_forest,0,0.08028985063384363,0
validation,random_forest,0,0.02661623254075815,0
validation,random_forest,0,0.06842825985033088,0
validation,random_forest,0,0.07574666429127973,0
validation,random_forest,0,0.11953486282186811,0
validation,random_forest,0,0.12204454695768235,0
validation,random_forest,0,0.019000677274813593,0
validation,random_forest,0,0.07185717168833791,0
validation,random_forest,0,0.4036330369232911,1
validation,random_forest,0,0.4695705128059862,1
validation,random_forest,0,0.1030204907567841,0
validation,random_forest,1,0.22310659589788862,0
validation,random_forest,0,0.004240357142857143,0
validation,random_forest,0,0.0,0
validation,random_forest,0,0.023445139766326593,0
validation,random_forest,0,0.0,0
validation,random_forest,0,0.0,0
validation,random_forest,0,0.0,0
validation,random_forest,0,0.40060766685313853,1
validation,random_forest,0,0.0,0
validation,random_forest,0,0.0629851183426901,0
validation,random_forest,0,0.0,0
validation,random_forest,0,0.8356926909776906,1
validation,random_forest,0,0.004106365614798694,0
validation,random_forest,0,0.006485317578596267,0
validation,random_forest,0,0.0019860279441117766,0
validation,random_forest,0,0.28652083081399043,0
validation,random_forest,0,0.22529733026321377,0
validation,random_forest,0,0.05175869511107086,0
validation,random_forest,0,0.10508124299015784,0
validation,random_forest,0,0.19734711758214374,0
validation,random_forest,0,0.0025,0
validation,random_forest,0,0.023234685216065674,0
validation,random_forest,0,0.09263658002117948,0
validation,random_forest,0,0.09139067389710753,0
validation,random_forest,0,0.6156073346845139,1
validation,random_forest,0,0.16504536980231763,0
validation,random_forest,0,0.0,0
validation,random_forest,0,0.03794737482919583,0
validation,random_forest,0,0.10625196038729348,0
validation,random_forest,0,0.11150994090120488,0
validation,random_forest,0,0.0269781800082219,0
validation,random_forest,0,0.013788396211672044,0
validation,random_forest,0,0.024804699615764356,0
validation,random_forest,1,0.4225796582844149,1
validation,random_forest,0,0.008054363734119864,0
validation,random_forest,0,0.3953269732399384,1
validation,random_forest,0,0.09109269893004857,0
validation,random_forest,0,0.655337162326355,1
validation,random_forest,0,0.034590038123649886,0
validation,random_forest,0,0.004476744186046512,0
validation,random_forest,0,0.10636757743717866,0
validation,random_forest,0,0.0,0
validation,random_forest,0,0.21434957390057746,0
validation,random_forest,0,0.13101015028915539,0
validation,random_forest,0,0.06022469680122017,0
validation,random_forest,0,0.08485668669013456,0
validation,random_forest,1,0.24838733590528886,0
validation,random_forest,0,0.13408868935982346,0
validation,random_forest,1,0.7397920761488425,1
validation,random_forest,0,0.563216500714225,1
validation,random_forest,0,0.02744191234491587,0
validation,random_forest,0,0.04570776282699262,0
validation,random_forest,0,0.39422184324786236,1
validation,random_forest,1,0.411206370288899,1
validation,random_forest,0,0.01849790381781236,0
validation,random_forest,0,0.0,0
validation,random_forest,0,0.11669494125825158,0
validation,random_forest,0,0.02949699075519098,0
validation,random_forest,0,0.003009004329004329,0
validation,random_forest,0,0.14694845808225387,0
validation,random_forest,0,0.1769171621086572,0
validation,random_forest,0,0.10898601070808214,0
validation,random_forest,0,0.20289396372621227,0
validation,random_forest,0,0.005847932330827068,0
validation,random_forest,0,0.06548298504682247,0
validation,random_forest,0,0.06972393301274248,0
validation,random_forest,0,0.14521013798366608,0
validation,random_forest,0,0.37974176679149346,1
validation,random_forest,0,0.0162668037927274,0
validation,random_forest,0,0.04030629229165406,0
validation,random_forest,0,0.2605343375601881,0
validation,random_forest,0,0.008956513443191674,0
validation,random_forest,0,0.002132142857142857,0
validation,random_forest,0,0.4288099686448208,1
validation,random_forest,0,0.4024055048260566,1
validation,random_forest,0,0.004255714285714286,0
validation,random_forest,0,0.1904239205016229,0
validation,random_forest,0,0.0044179146751637454,0
validation,random_forest,0,0.0037257317073170725,0
validation,random_forest,0,0.04395348493641497,0
validation,random_forest,0,0.1572397508244622,0
validation,random_forest,0,0.014728903954446789,0
validation,random_forest,0,0.19762548464985283,0
validation,random_forest,0,0.030164249643782566,0
validation,random_forest,0,0.012648370510208196,0
validation,random_forest,0,0.22728288804047034,0
validation,random_forest,0,0.008934026588511237,0
validation,random_forest,0,0.003591386977609836,0
validation,random_forest,1,0.15635930791812677,0
validation,random_forest,0,0.03413193724816997,0
validation,random_forest,0,0.007693514883097807,0
validation,random_forest,0,0.009723426737389143,0
validation,random_forest,0,0.24696001444794,0
validation,random_forest,0,0.010487964293524102,0
validation,random_forest,1,0.31012159807069883,1
validation,random_forest,0,0.015336166134407674,0
validation,random_forest,0,0.5675164009633992,1
validation,random_forest,0,0.05923226263631923,0
validation,random_forest,0,0.16206940190645244,0
validation,random_forest,0,0.09328020015691246,0
validation,random_forest,0,0.5541027139050452,1
validation,random_forest,0,0.487590013728187,1
validation,random_forest,0,0.05349509448098258,0
validation,random_forest,0,0.14692853341394507,0
validation,random_forest,1,0.5587519885580985,1
validation,random_forest,0,0.023071201356539114,0
validation,random_forest,0,0.038300170794923837,0
validation,random_forest,0,0.002296671043484977,0
validation,random_forest,0,0.0,0
validation,random_forest,0,0.10783524000496522,0
validation,random_forest,0,0.006491263562991878,0
validation,random_forest,0,0.11517559516547302,0
validation,random_forest,0,0.0,0
validation,random_forest,0,0.003760789473684211,0
validation,random_forest,0,0.01909579513061194,0
validation,random_forest,0,0.29667075652081193,1
validation,random_forest,1,0.46434067605515944,1
validation,random_forest,0,0.10314879278256255,0
validation,random_forest,1,0.5745980351188585,1
validation,random_forest,0,0.49083779695012686,1
validation,random_forest,0,0.0022983404091084523,0
validation,random_forest,0,0.004584137676434099,0
validation,random_forest,0,0.2656229318325116,0
validation,random_forest,0,0.056418773581442386,0
validation,random_forest,0,0.004082527086774254,0
validation,random_forest,0,0.0021110714285714287,0
validation,random_forest,0,0.06631790369046939,0
validation,random_forest,0,0.0068724066244978356,0
validation,random_forest,0,0.17039376891078664,0
validation,random_forest,0,0.006265699648914873,0
validation,random_forest,0,0.1420451603525324,0
validation,random_forest,0,0.02512991605611432,0
validation,random_forest,0,0.5006817059233551,1
validation,random_forest,0,0.0018418930653765042,0
validation,random_forest,1,0.47079561931996194,1
validation,random_forest,0,0.0734120044086265,0
validation,random_forest,1,0.7912450869451172,1
validation,random_forest,0,0.0,0
validation,random_forest,1,0.35333957560447665,1
validation,random_forest,0,0.014242333237423837,0
validation,random_forest,0,0.009469554981153212,0
validation,random_forest,0,0.0,0
validation,random_forest,0,0.00888392857142857,0
validation,random_forest,0,0.31373249606206377,1
validation,random_forest,0,0.0021210714285714288,0
validation,random_forest,0,0.4691215843116025,1
validation,random_forest,0,0.2810015057141172,0
validation,random_forest,0,0.0369292976950817,0
validation,random_forest,0,0.20416149581607532,0
validation,random_forest,0,0.00235550361240969,0
validation,random_forest,0,0.0,0
validation,random_forest,0,0.028781230135333968,0
validation,random_forest,0,0.01775265756255597,0
validation,random_forest,1,0.635289199503562,1
validation,random_forest,0,0.0,0
validation,random_forest,0,0.05035129913361646,0
validation,random_forest,0,0.0,0
validation,random_forest,0,0.2048384658206754,0
validation,random_forest,0,0.4303286860169595,1
validation,random_forest,0,0.07031346359437575,0
validation,random_forest,0,0.014451466112894183,0
validation,random_forest,0,0.4434468476922154,1
validation,random_forest,0,0.01607200319071254,0
validation,random_forest,1,0.3597932022865327,1
validation,random_forest,0,0.09451583653901466,0
validation,random_forest,0,0.03607831998573305,0
validation,random_forest,0,0.04957034426131573,0
validation,random_forest,0,0.24453355112616798,0
validation,random_forest,0,0.0,0
validation,random_forest,1,0.3949874048728836,1
validation,random_forest,0,0.021087127404957984,0
validation,random_forest,0,0.011527151413730043,0
validation,random_forest,0,0.006819779596224492,0
validation,random_forest,0,0.20253636345787623,0
validation,random_forest,0,0.07047370715830156,0
validation,random_forest,1,0.41961817080275277,1
validation,random_forest,0,0.32730008486548423,1
validation,random_forest,0,0.016757199844733554,0
validation,random_forest,0,0.010557304307526404,0
validation,random_forest,0,0.004239568545416517,0
validation,random_forest,1,0.6400862513333166,1
validation,random_forest,0,0.06105582043236799,0
validation,random_forest,1,0.5682893618087027,1
validation,random_forest,0,0.44522336807741975,1
validation,random_forest,0,0.18195427528612215,0
validation,random_forest,0,0.12156710954224621,0
validation,random_forest,1,0.5466390959997589,1
validation,random_forest,1,0.6736326154144092,1
validation,random_forest,0,0.12004583733932465,0
validation,random_forest,0,0.025726217391512027,0
validation,random_forest,0,0.006203228801888891,0
validation,random_forest,0,0.02484044139931612,0
validation,random_forest,0,0.041523188852286896,0
validation,random_forest,0,0.10211428078143074,0
validation,random_forest,0,0.45894220558983667,1
validation,random_forest,0,0.16136243536960448,0
validation,random_forest,1,0.5370393322244204,1
validation,random_forest,0,0.4946705653203349,1
validation,random_forest,0,0.033077767750337356,0
validation,random_forest,1,0.4580779920286915,1
validation,random_forest,0,0.0117304275713976,0
validation,random_forest,0,0.25724017446181074,0
validation,random_forest,0,0.004424421984483101,0
validation,random_forest,1,0.3406866131851982,1
validation,random_forest,0,0.015115220187754972,0
validation,random_forest,0,0.04887991431152745,0
validation,random_forest,0,0.0,0
validation,random_forest,1,0.5577100711509169,1
validation,random_forest,0,0.2615145218314705,0
validation,random_forest,1,0.09748865855523489,0
validation,random_forest,0,0.039454043163569104,0
validation,random_forest,0,0.31685923597434557,1
validation,random_forest,0,0.047974846518402406,0
validation,random_forest,0,0.04411458935836585,0
validation,random_forest,0,0.026983597526313942,0
validation,random_forest,0,0.6861767200337415,1
validation,random_forest,0,0.03671346849795462,0
validation,random_forest,0,0.6905101993953245,1
validation,random_forest,1,0.4767742789550843,1
validation,random_forest,0,0.007946142667452897,0
validation,random_forest,0,0.12773513459451186,0
validation,random_forest,0,0.02198594624706733,0
validation,random_forest,1,0.5380492320304993,1
validation,random_forest,0,0.09803401358144388,0
validation,random_forest,0,0.05872862449290487,0
validation,random_forest,0,0.035448780566816336,0
validation,random_forest,0,0.047842253919892164,0
validation,random_forest,0,0.031204219702075847,0
validation,random_forest,0,0.023897292364482778,0
validation,random_forest,0,0.17255239284732066,0
validation,random_forest,1,0.08070722675067105,0
validation,random_forest,0,0.0,0
validation,random_forest,0,0.09281323179862495,0
validation,random_forest,0,0.0021303571428571426,0
validation,random_forest,0,0.0018760940235058765,0
validation,random_forest,0,0.008853214285714285,0
validation,random_forest,1,0.2885161205656941,0
validation,random_forest,0,0.032059484595832625,0
validation,random_forest,0,0.19596070122637463,0
validation,random_forest,0,0.180820784243502,0
validation,random_forest,1,0.5617848511629028,1
validation,random_forest,0,0.18734660627604063,0
validation,random_forest,0,0.2112961581796773,0
validation,random_forest,0,0.1320846473891482,0
validation,random_forest,0,0.0017052023121387283,0
validation,random_forest,0,0.17814017534358506,0
validation,random_forest,0,0.004249642857142857,0
validation,random_forest,0,0.002135714285714286,0
validation,random_forest,0,0.07279564351937345,0
validation,random_forest,0,0.0076066942883449016,0
validation,random_forest,0,0.0,0
validation,random_forest,0,0.04490800153126756,0
validation,random_forest,1,0.08049481731363421,0
validation,random_forest,0,0.12059249179590718,0
validation,random_forest,0,0.08490833188917021,0
validation,random_forest,1,0.14214030540152747,0
validation,random_forest,1,0.08577900518430032,0
validation,random_forest,0,0.15427117844622923,0
validation,random_forest,0,0.11943655199637539,0
validation,random_forest,0,0.16974268351892044,0
validation,random_forest,0,0.15601043995773464,0
validation,random_forest,0,0.48219966011019266,1
validation,random_forest,0,0.5358014740481787,1
validation,random_forest,0,0.008757057886031311,0
validation,random_forest,0,0.0,0
validation,random_forest,0,0.3063812916570722,1
validation,random_forest,0,0.2409292701848442,0
validation,random_forest,0,0.09256538447707159,0
validation,random_forest,0,0.02347496122129168,0
validation,random_forest,0,0.04706493781504461,0
validation,random_forest,0,0.05427145632293838,0
validation,random_forest,0,0.12535817536816307,0
validation,random_forest,0,0.24259404618995226,0
validation,random_forest,0,0.004241071428571428,0
validation,random_forest,0,0.006110625929598414,0
validation,random_forest,0,0.06500299041160297,0
validation,random_forest,0,0.0,0
validation,random_forest,0,0.2798650429608005,0
validation,random_forest,1,0.703901522805297,1
validation,random_forest,0,0.6441013624041765,1
validation,random_forest,0,0.28606032751510024,0
validation,random_forest,0,0.09748829157158687,0
validation,random_forest,0,0.196104110544453,0
validation,random_forest,0,0.0039742381780127,0
validation,random_forest,0,0.44612853618813214,1
validation,random_forest,0,0.11982448718324858,0
validation,random_forest,0,0.05320539035943906,0
validation,random_forest,0,0.2195235428409191,0
validation,random_forest,0,0.0021264285714285716,0
validation,random_forest,1,0.6885759616536562,1
validation,random_forest,1,0.24380084873861513,0
validation,random_forest,1,0.4765554375639149,1
validation,random_forest,0,0.02856868724097742,0
validation,random_forest,0,0.01335708350396671,0
validation,random_forest,0,0.024264099027126895,0
validation,random_forest,1,0.42823541870799375,1
validation,random_forest,0,0.0025,0
validation,random_forest,0,0.0,0
validation,random_forest,0,0.016715752139525756,0
validation,random_forest,0,0.06001010712797683,0
validation,random_forest,0,0.42238455875765263,1
validation,random_forest,0,0.11737544394881658,0
validation,random_forest,0,0.020998817510857252,0
validation,random_forest,0,0.0,0
validation,random_forest,0,0.0746835930769299,0
validation,random_forest,0,0.13916734736630992,0
validation,random_forest,0,0.01103901999637733,0
validation,random_forest,0,0.0313445760901322,0
validation,random_forest,0,0.0018456667494412716,0
validation,random_forest,0,0.014995888150377508,0
validation,random_forest,0,0.06094680376975441,0
validation,random_forest,0,0.1429006084579954,0
validation,random_forest,0,0.017582342296403146,0
validation,random_forest,0,0.1862124318269312,0
validation,random_forest,0,0.0,0
validation,random_forest,0,0.03791414350184796,0
validation,random_forest,0,0.01506016718832057,0
validation,random_forest,0,0.37944093576616594,1
validation,random_forest,0,0.15745587436520747,0
validation,random_forest,1,0.5213271371814748,1
validation,random_forest,0,0.28487227897342204,0
validation,random_forest,0,0.07392547059777733,0
validation,random_forest,0,0.1942829648200465,0
validation,random_forest,0,0.007733461482369531,0
validation,random_forest,0,0.01251846631291033,0
validation,random_forest,0,0.0,0
validation,random_forest,0,0.0023012568432415757,0
validation,random_forest,0,0.15470907901071637,0
validation,random_forest,0,0.18704598629376268,0
validation,random_forest,0,0.5067701752193459,1
validation,random_forest,0,0.10200581008008555,0
validation,random_forest,0,0.05464373566309482,0
validation,random_forest,0,0.03825131745109913,0
validation,random_forest,1,0.5705285652886277,1
validation,random_forest,0,0.01519193810688237,0
validation,random_forest,0,0.001851069119840875,0
validation,random_forest,0,0.02267990873861236,0
validation,random_forest,0,0.31339173347266025,1
validation,random_forest,0,0.2464043388408697,0
validation,random_forest,0,0.008104130873854547,0
validation,random_forest,0,0.07667092536111272,0
validation,random_forest,0,0.011371071428571428,0
validation,random_forest,0,0.1310441402269435,0
validation,random_forest,0,0.3535769321401128,1
validation,random_forest,0,0.002299174319006096,0
validation,random_forest,0,0.048220036815077465,0
validation,random_forest,0,0.5995277487646847,1
validation,random_forest,0,0.02355992663737061,0
validation,random_forest,0,0.16912134520185468,0
validation,random_forest,0,0.01039079445944379,0
validation,random_forest,0,0.6159345371115739,1
validation,random_forest,0,0.011349196080708217,0
validation,random_forest,0,0.32421486573658065,1
validation,random_forest,0,0.002142857142857143,0
validation,random_forest,1,0.7575862274584633,1
validation,random_forest,0,0.6089651224573562,1
validation,random_forest,0,0.3019460833959866,1
validation,random_forest,1,0.3482026641332655,1
validation,random_forest,1,0.460003980322492,1
validation,random_forest,0,0.0,0
validation,random_forest,0,0.10375862875103829,0
validation,random_forest,0,0.0,0
validation,random_forest,0,0.0047842954686530105,0
validation,random_forest,0,0.0,0
validation,random_forest,0,0.17872913721674102,0
validation,random_forest,0,0.01384279082500956,0
validation,random_forest,0,0.041669487292917175,0
validation,random_forest,0,0.25353133151479235,0
validation,random_forest,0,0.10525902736413772,0
validation,random_forest,0,0.08061469275858706,0
validation,random_forest,0,0.006343214285714286,0
validation,random_forest,0,0.0,0
validation,random_forest,1,0.10874111128122593,0
validation,random_forest,0,0.009631873445849213,0
validation,random_forest,1,0.09574435007681113,0
validation,random_forest,1,0.2976176681609314,1
validation,random_forest,0,0.0041501634038777595,0
validation,random_forest,0,0.06105316662574212,0
validation,random_forest,0,0.004599995343930921,0
validation,random_forest,0,0.06905279340987194,0
validation,random_forest,0,0.011803245603710986,0
validation,random_forest,1,0.099268280233559,0
validation,random_forest,0,0.014746063607649953,0
validation,random_forest,1,0.5648974549585418,1
validation,random_forest,0,0.0,0
validation,random_forest,0,0.0,0
validation,random_forest,0,0.21827339707686375,0
validation,random_forest,0,0.008548682820987273,0
validation,random_forest,0,0.0,0
validation,random_forest,0,0.26191803846524375,0
validation,random_forest,0,0.0,0
validation,random_forest,0,0.32065808167880844,1
validation,random_forest,0,0.00373689465801298,0
validation,random_forest,0,0.004338125929598413,0
validation,random_forest,0,0.015599121383081836,0
validation,random_forest,1,0.860120153502556,1
validation,random_forest,0,0.004588301339226185,0
validation,random_forest,0,0.01513872685572203,0
validation,random_forest,0,0.011660475549944321,0
validation,random_forest,0,0.0,0
validation,random_forest,1,0.5678800050687645,1
validation,random_forest,0,0.0,0
validation,random_forest,0,0.01614866954779443,0
validation,random_forest,0,0.02922466155004231,0
validation,random_forest,1,0.4218226198306826,1
validation,random_forest,0,0.0,0
validation,random_forest,1,0.6432535590610895,1
validation,random_forest,0,0.7651511327664781,1
validation,random_forest,1,0.49087625950593794,1
validation,random_forest,0,0.23256940841729784,0
validation,random_forest,0,0.08514605107983472,0
validation,random_forest,0,0.0773337913161479,0
validation,random_forest,0,0.00960852241248703,0
validation,random_forest,0,0.0,0
validation,random_forest,0,0.13465132275087316,0
validation,random_forest,0,0.006218493337629598,0
validation,random_forest,0,0.006663101609736003,0
validation,random_forest,0,0.042072758603499405,0
validation,random_forest,0,0.02514859612433165,0
validation,random_forest,0,0.690158019704824,1
validation,random_forest,0,0.45992537468805816,1
validation,random_forest,1,0.19359332018556752,0
validation,random_forest,0,0.1120242313301192,0
validation,random_forest,0,0.1123280951295215,0
validation,random_forest,0,0.0045976444854405945,0
validation,random_forest,0,0.0,0
validation,random_forest,0,0.33096019759692186,1
validation,random_forest,0,0.006934755682505471,0
validation,random_forest,1,0.6881127225851078,1
validation,random_forest,0,0.11165434991285275,0
validation,random_forest,1,0.3860558393725858,1
validation,random_forest,0,0.01709407256256286,0
validation,random_forest,1,0.5627610342332665,1
validation,random_forest,0,0.0,0
validation,random_forest,0,0.16415520310525403,0
validation,random_forest,0,0.14945533823659274,0
validation,random_forest,0,0.16890622107589823,0
validation,random_forest,0,0.008714890394579514,0
validation,random_forest,0,0.029247021338811175,0
validation,random_forest,0,0.002124285714285714,0
validation,random_forest,0,0.012324931145298494,0
validation,random_forest,0,0.08820357260307649,0
validation,random_forest,0,0.01245800272944304,0
validation,random_forest,0,0.0021082142857142857,0
validation,random_forest,0,0.03580618809620418,0
validation,random_forest,1,0.453215734720975,1
validation,random_forest,0,0.012170195964157358,0
validation,random_forest,0,0.2859508770124842,0
validation,random_forest,0,0.0021196428571428573,0
validation,random_forest,0,0.017626474798627598,0
validation,random_forest,1,0.4535267636201386,1
validation,random_forest,0,0.030284424997758488,0
validation,random_forest,0,0.03686562287052921,0
validation,random_forest,0,0.05490611461400231,0
validation,random_forest,0,0.037899571454259394,0
validation,random_forest,1,0.6626881174042732,1
validation,random_forest,0,0.014078160214821665,0
validation,random_forest,1,0.37092353890126445,1
validation,random_forest,0,0.17266945149242452,0
validation,random_forest,0,0.014763040052105316,0
validation,random_forest,0,0.0,0
validation,random_forest,0,0.008395063503910925,0
validation,random_forest,0,0.10140854980117574,0
validation,random_forest,0,0.015200134230238329,0
validation,random_forest,0,0.3385007527118493,1
validation,random_forest,1,0.7592452236485733,1
validation,random_forest,1,0.6962160027593532,1
validation,random_forest,0,0.014155889705001947,0
validation,random_forest,0,0.0023012568432415757,0
validation,random_forest,0,0.03835383493487376,0
validation,random_forest,0,0.01581678037155644,0
validation,random_forest,0,0.09534759487193697,0
validation,random_forest,0,0.0,0
validation,random_forest,0,0.022176889189132697,0
validation,random_forest,0,0.062031468676942446,0
validation,random_forest,0,0.019594279938933687,0
validation,random_forest,0,0.17377462797423224,0
validation,random_forest,0,0.003701058707865511,0
validation,random_forest,0,0.0169758493527061,0
validation,random_forest,0,0.0,0
validation,random_forest,0,0.010375299382881216,0
validation,random_forest,0,0.046177436623228665,0
validation,random_forest,0,0.1584517857048132,0
validation,random_forest,0,0.0157107970360432,0
validation,random_forest,0,0.49832524570826414,1
validation,random_forest,0,0.006491807503791715,0
validation,random_forest,0,0.09783991510093273,0
validation,random_forest,0,0.0878532091328781,0
validation,random_forest,0,0.04845128336974982,0
validation,random_forest,0,0.05277599641142234,0
validation,random_forest,0,0.17652325767139174,0
validation,random_forest,0,0.09803951244605584,0
validation,random_forest,1,0.8022737312895286,1
validation,random_forest,0,0.04841367634160675,0
validation,random_forest,0,0.0341994612623859,0
validation,random_forest,0,0.017514209990763883,0
validation,random_forest,1,0.4127834792673389,1
validation,random_forest,0,0.015821412116703692,0
validation,random_forest,0,0.17421231293281533,0
validation,random_forest,0,0.006025468585468586,0
validation,random_forest,0,0.04862111756084632,0
validation,random_forest,0,0.0774903019211222,0
validation,random_forest,0,0.22625372717243178,0
validation,random_forest,0,0.09579546100179435,0
validation,random_forest,0,0.056712978557642325,0
validation,random_forest,0,0.0,0
validation,random_forest,0,0.009918816328580883,0
validation,random_forest,0,0.041145944420142834,0
validation,random_forest,1,0.4690520202343522,1
validation,random_forest,0,0.0,0
validation,random_forest,0,0.37695965590247127,1
validation,random_forest,0,0.012330891160714926,0
validation,random_forest,0,0.2384150832178809,0
validation,random_forest,0,0.376857460308332,1
validation,random_forest,0,0.04473719199517861,0
validation,random_forest,0,0.02919522122514433,0
validation,random_forest,0,0.15484195461269892,0
validation,random_forest,0,0.0714551020807415,0
validation,random_forest,1,0.1753134505661489,0
validation,random_forest,0,0.019759935874297835,0
validation,random_forest,0,0.3304053323456047,1
validation,random_forest,0,0.12422884823504765,0
validation,random_forest,0,0.074672776108333,0
validation,random_forest,0,0.35470521957070217,1
validation,random_forest,0,0.0061084843847817325,0
validation,random_forest,0,0.0836785630863422,0
validation,random_forest,0,0.10864310972598996,0
validation,random_forest,0,0.38199481531480955,1
validation,random_forest,1,0.4471219950684475,1
validation,random_forest,0,0.011363571428571428,0
validation,random_forest,0,0.5126667379173084,1
validation,random_forest,0,0.33197370396249243,1
validation,random_forest,0,0.04528189760952528,0
validation,random_forest,0,0.14509415792052138,0
validation,random_forest,0,0.06895637611267641,0
validation,random_forest,0,0.003695695650713951,0
validation,random_forest,0,0.19962277109611035,0
validation,random_forest,0,0.27867013072349556,0
validation,random_forest,0,0.010571152089083468,0
validation,random_forest,0,0.023550542180729002,0
validation,random_forest,0,0.19995832377986947,0
validation,random_forest,0,0.35874756181081624,1
validation,random_forest,0,0.027623066901195856,0
validation,random_forest,1,0.18246685727360717,0
validation,random_forest,0,0.11818619155061523,0
validation,random_forest,0,0.04277626261598161,0
validation,random_forest,0,0.0913622596379939,0
validation,random_forest,1,0.546197004963614,1
validation,random_forest,0,0.02841006910486319,0
validation,random_forest,0,0.10897744130718864,0
validation,random_forest,0,0.11198233468677359,0
validation,random_forest,0,0.20171504470003002,0
validation,random_forest,0,0.07192226210657773,0
validation,random_forest,1,0.24541414580665094,0
validation,random_forest,1,0.4187451009604865,1
validation,random_forest,0,0.03651928879982915,0
validation,random_forest,0,0.06539624252100552,0
validation,random_forest,0,0.28537109343381295,0
validation,random_forest,0,0.035851358311878787,0
validation,random_forest,0,0.005598037551339464,0
validation,random_forest,0,0.0025,0
validation,random_forest,0,0.002125357142857143,0
validation,random_forest,0,0.0,0
validation,random_forest,0,0.046205858980717975,0
validation,random_forest,0,0.019848833726178787,0
validation,random_forest,0,0.005433682465562651,0
validation,random_forest,1,0.6911446186304553,1
validation,random_forest,0,0.0,0
validation,random_forest,0,0.11501016678344746,0
validation,random_forest,1,0.36932346233465124,1
validation,random_forest,0,0.44751435832947495,1
validation,random_forest,0,0.40404142004611876,1
validation,random_forest,0,0.030744176252273183,0
validation,random_forest,0,0.037908248212363375,0
validation,random_forest,0,0.00636989815839223,0
validation,random_forest,0,0.024821211924756913,0
validation,random_forest,0,0.09297394538063695,0
validation,random_forest,0,0.05498943038033285,0
validation,random_forest,0,0.26970865468029287,0
validation,random_forest,0,0.04532809222198729,0
validation,random_forest,0,0.0016569767441860464,0
validation,random_forest,0,0.0018231225296442687,0
validation,random_forest,0,0.006324122676843744,0
validation,random_forest,0,0.18741210264169708,0
validation,random_forest,0,0.0,0
validation,random_forest,0,0.04926763654475068,0
validation,random_forest,0,0.004601071428571429,0
validation,random_forest,1,0.5222946996264471,1
validation,random_forest,1,0.6024807568274929,1
validation,random_forest,0,0.08513095159136984,0
validation,random_forest,0,0.4049290720642228,1
validation,random_forest,0,0.12044641829788016,0
validation,random_forest,0,0.028311845529734526,0
validation,random_forest,0,0.330172964418531,1
validation,random_forest,0,0.0,0
validation,random_forest,0,0.026143784864471616,0
validation,random_forest,0,0.06353127785596449,0
validation,random_forest,0,0.022745631484152998,0
validation,random_forest,0,0.21762720869421034,0
validation,random_forest,1,0.7432455666188386,1
validation,random_forest,0,0.028652045040946317,0
validation,random_forest,0,0.004249285714285714,0
validation,random_forest,0,0.005,0
validation,random_forest,0,0.001853233830845771,0
validation,random_forest,0,0.32265895624149704,1
validation,random_forest,1,0.6087300510086561,1
validation,random_forest,0,0.0062329222465065445,0
validation,random_forest,0,0.13022923547897772,0
validation,random_forest,1,0.56949145335908,1
validation,random_forest,1,0.048429783794210736,0
validation,random_forest,0,0.011193621703147963,0
validation,random_forest,1,0.1433883219121218,0
validation,random_forest,0,0.47408141161650386,1
validation,random_forest,1,0.6812255525863218,1
validation,random_forest,0,0.030240954913305557,0
validation,random_forest,0,0.4555190672506979,1
validation,random_forest,0,0.1898784342017105,0
validation,random_forest,1,0.4786305522436892,1
validation,random_forest,0,0.0046271428571428574,0
validation,random_forest,0,0.006721694488591562,0
validation,random_forest,1,0.11586788928889843,0
validation,random_forest,0,0.024082227552686443,0
validation,random_forest,0,0.003962835132064755,0
validation,random_forest,1,0.9424855636098394,1
validation,random_forest,0,0.1168951299847511,0
validation,random_forest,0,0.03225595008023229,0
validation,random_forest,0,0.03977609637789049,0
validation,random_forest,0,0.07743615955565851,0
validation,random_forest,0,0.01099869503910031,0
validation,random_forest,0,0.005843769322418304,0
validation,random_forest,0,0.41903247455000014,1
validation,random_forest,0,0.11953643456437374,0
validation,random_forest,0,0.6517554882927544,1
validation,random_forest,0,0.013316013929201988,0
validation,random_forest,0,0.05096910152107991,0
validation,random_forest,0,0.0,0
validation,random_forest,0,0.0,0
validation,random_forest,0,0.20728329290547837,0
validation,random_forest,0,0.2724187200623821,0
validation,random_forest,0,0.010016811104145039,0
validation,random_forest,0,0.20157390524981225,0
validation,random_forest,0,0.0025,0
validation,random_forest,0,0.014361427244857537,0
validation,random_forest,0,0.0164786216463087,0
validation,random_forest,1,0.4849955792272392,1
validation,random_forest,0,0.01893470244051834,0
validation,random_forest,0,0.18379284030745782,0
validation,random_forest,0,0.0096908959501933,0
validation,random_forest,0,0.1526435845936432,0
validation,random_forest,0,0.15172032198655988,0
validation,random_forest,0,0.14058388069206124,0
validation,random_forest,0,0.20920916817162982,0
validation,random_forest,0,0.04160032637429035,0
validation,random_forest,0,0.004229642857142857,0
validation,random_forest,0,0.1648894880576512,0
validation,random_forest,0,0.6472712127096537,1
validation,random_forest,0,0.0025,0
validation,random_forest,0,0.006328214285714287,0
validation,random_forest,0,0.46180137964041224,1
validation,random_forest,0,0.18964521805089696,0
validation,random_forest,0,0.040569746737235464,0
validation,random_forest,0,0.20728413322846997,0
validation,random_forest,0,0.011207507714263674,0
validation,random_forest,0,0.2840811079329123,0
validation,random_forest,1,0.6220294463791706,1
validation,random_forest,0,0.029635799248281868,0
validation,random_forest,0,0.13487629053717426,0
validation,random_forest,0,0.058640826219377724,0
validation,random_forest,0,0.01830882224770972,0
validation,random_forest,0,0.08472301613718772,0
validation,random_forest,0,0.012154253401649509,0
validation,random_forest,0,0.5938529621933689,1
validation,random_forest,0,0.04261633255019121,0
validation,random_forest,0,0.022597387926693337,0
validation,random_forest,0,0.3767770068103865,1
validation,random_forest,0,0.25731880269742086,0
validation,random_forest,0,0.13349965494355978,0
validation,random_forest,1,0.9096089638555215,1
validation,random_forest,0,0.08427943387959753,0
validation,random_forest,0,0.0046857278144711405,0
validation,random_forest,0,0.005631174429681584,0
validation,random_forest,0,0.10495439672929427,0
validation,random_forest,1,0.7368493872461841,1
validation,random_forest,0,0.3228695382769301,1
validation,random_forest,0,0.012781651421289784,0
validation,random_forest,0,0.13978586781485403,0
validation,random_forest,0,0.05088667361427238,0
validation,random_forest,1,0.25968585413286727,0
validation,random_forest,0,0.09471595545107006,0
validation,random_forest,0,0.0184630008680759,0
validation,random_forest,0,0.1529770698662526,0
validation,random_forest,0,0.015037259160754548,0
validation,random_forest,0,0.018888778815405682,0
validation,random_forest,0,0.4236906169034827,1
validation,random_forest,0,0.014021509260360618,0
validation,random_forest,0,0.17222048941373178,0
validation,random_forest,0,0.396894380373353,1
validation,random_forest,0,0.013619377252202178,0
validation,random_forest,0,0.008467754235947467,0
validation,random_forest,0,0.16457937289151417,0
validation,random_forest,0,0.15009109507984758,0
validation,random_forest,0,0.02873094937756791,0
validation,random_forest,1,0.824602728144521,1
validation,random_forest,0,0.07355372784421041,0
validation,random_forest,0,0.8546885516416027,1
validation,random_forest,0,0.648127834858513,1
validation,random_forest,1,0.7436947651921453,1
validation,random_forest,0,0.007706835633231357,0
validation,random_forest,0,0.004262857142857143,0
validation,random_forest,0,0.16237984376525436,0
validation,random_forest,0,0.0517134073069174,0
validation,random_forest,0,0.0021310714285714284,0
validation,random_forest,0,0.096971129127044,0
validation,random_forest,1,0.184336516620023,0
validation,random_forest,0,0.5887917817590423,1
validation,random_forest,0,0.060175642977472445,0
validation,random_forest,0,0.016752544401080725,0
validation,random_forest,0,0.054964623255588846,0
validation,random_forest,0,0.00936852710921035,0
validation,random_forest,0,0.016240107565241108,0
validation,random_forest,1,0.5759416837519852,1
validation,random_forest,0,0.004159084736556219,0
validation,random_forest,0,0.5186936146722898,1
validation,random_forest,0,0.0036714155982573173,0
validation,random_forest,0,0.00626018635502362,0
validation,random_forest,1,0.18377484061145097,0
validation,random_forest,0,0.10931080859456489,0
validation,random_forest,0,0.6302162111771472,1
validation,random_forest,0,0.0,0
validation,random_forest,0,0.014504510866305505,0
validation,random_forest,0,0.1085928968812028,0
validation,random_forest,0,0.008224103778667426,0
validation,random_forest,1,0.38658696296260253,1
validation,random_forest,0,0.009336249512039315,0
validation,random_forest,0,0.04186221103171584,0
validation,random_forest,0,0.15761564992272295,0
validation,random_forest,0,0.1367796858881948,0
validation,random_forest,0,0.01087683579237873,0
validation,random_forest,1,0.3538491818853611,1
validation,random_forest,0,0.03495321862410579,0
validation,random_forest,0,0.06335918455059597,0
validation,random_forest,0,0.008874989925794878,0
validation,random_forest,0,0.03132183681692984,0
validation,random_forest,0,0.3810098321458421,1
validation,random_forest,0,0.00478303058531284,0
validation,random_forest,0,0.0,0
validation,random_forest,0,0.017881722844759373,0
validation,random_forest,0,0.0,0
validation,random_forest,1,0.3002182909712233,1
validation,random_forest,1,0.36046215347601146,1
validation,random_forest,1,0.5334085911874712,1
validation,random_forest,0,0.48865709314966954,1
validation,random_forest,0,0.060432335650368166,0
validation,random_forest,0,0.0,0
validation,random_forest,0,0.27142399507771553,0
validation,random_forest,0,0.28109503000846553,0
validation,random_forest,0,0.006803230526598676,0
validation,random_forest,0,0.035205062598405765,0
validation,random_forest,0,0.06371205829053218,0
validation,random_forest,0,0.0021217857142857145,0
validation,random_forest,1,0.20466771762274857,0
validation,random_forest,1,0.6345771848347579,1
validation,random_forest,1,0.9069982682983286,1
validation,random_forest,0,0.08242415068931669,0
validation,random_forest,0,0.024883164856894357,0
validation,random_forest,0,0.4915812197980114,1
validation,random_forest,0,0.008761820843198976,0
validation,random_forest,0,0.08188110917630959,0
validation,random_forest,1,0.6421782082162495,1
validation,random_forest,0,0.17185979313748867,0
validation,random_forest,0,0.017432635653794274,0
validation,random_forest,0,0.006313066147040236,0
validation,random_forest,0,0.21375287592757586,0
validation,random_forest,0,0.43876718632749323,1
validation,random_forest,0,0.03755145157714174,0
validation,random_forest,0,0.2658306941774399,0
validation,random_forest,0,0.037926693317946764,0
validation,random_forest,0,0.3221221024025688,1
validation,random_forest,0,0.0,0
validation,random_forest,0,0.0,0
validation,random_forest,0,0.09962522280893175,0
validation,random_forest,1,0.1786677740161056,0
validation,random_forest,0,0.08408466216074034,0
validation,random_forest,0,0.12712050683539308,0
validation,random_forest,1,0.33197598700180575,1
validation,random_forest,0,0.006043473801285219,0
validation,random_forest,0,0.08561417501497091,0
validation,random_forest,0,0.029997447005853762,0
validation,random_forest,0,0.12020023377529576,0
validation,random_forest,0,0.14675756785989771,0
validation,random_forest,0,0.0967601508516,0
validation,random_forest,0,0.4898105220502958,1
validation,random_forest,0,0.11574311850728519,0
validation,random_forest,1,0.6073437375329509,1
validation,random_forest,0,0.00211,0
validation,random_forest,0,0.23921408524760973,0
validation,random_forest,0,0.28306549691012217,0
validation,random_forest,1,0.5293808673392388,1
validation,random_forest,0,0.07377075786115284,0
validation,random_forest,1,0.6673399954864808,1
validation,random_forest,0,0.05303855052598928,0
validation,random_forest,0,0.10522589242061871,0
validation,random_forest,0,0.3686068327915543,1
validation,random_forest,0,0.00425657116034246,0
validation,random_forest,0,0.007273330509806323,0
validation,random_forest,0,0.0018440486533449177,0
validation,random_forest,0,0.0460652019885685,0
validation,random_forest,0,0.1838979637060681,0
validation,random_forest,0,0.18256507327762148,0
validation,random_forest,0,0.1929331973248992,0
validation,random_forest,1,0.6399698512393107,1
validation,random_forest,0,0.1144197071904957,0
validation,random_forest,0,0.09901655803987003,0
validation,random_forest,1,0.08856226550120791,0
validation,random_forest,0,0.023773969864918875,0
validation,random_forest,1,0.8140149950797705,1
validation,random_forest,0,0.0334114413216933,0
validation,random_forest,0,0.179592001682179,0
validation,random_forest,0,0.37438211706878005,1
validation,random_forest,0,0.12219805139495556,0
validation,random_forest,0,0.0,0
validation,random_forest,0,0.16858074302194248,0
validation,random_forest,0,0.05656649396381301,0
validation,random_forest,0,0.0023012568432415757,0
validation,random_forest,0,0.018741352848752394,0
validation,random_forest,0,0.07814251334223646,0
validation,random_forest,0,0.0664519237840381,0
validation,random_forest,0,0.16938384767465428,0
validation,random_forest,1,0.6301085669034464,1
validation,random_forest,0,0.01105359484033361,0
validation,random_forest,0,0.1389704655291841,0
validation,random_forest,0,0.0023549107142857143,0
validation,random_forest,0,0.0021303571428571426,0
validation,random_forest,0,0.08147562104135235,0
validation,random_forest,0,0.07255859560197743,0
validation,random_forest,0,0.13000187500177707,0
validation,random_forest,0,0.0021310714285714284,0
validation,random_forest,0,0.09536663046203969,0
validation,random_forest,0,0.18580458353056173,0
validation,random_forest,0,0.0,0
validation,random_forest,0,0.18499916883231923,0
validation,random_forest,0,0.024767537784521582,0
validation,random_forest,0,0.6452024226641826,1
validation,random_forest,0,0.0,0
validation,random_forest,0,0.0,0
validation,random_forest,0,0.16391363435394857,0
validation,random_forest,0,0.11134038236039491,0
validation,random_forest,0,0.062053012276328985,0
validation,random_forest,0,0.03312551647799187,0
validation,random_forest,0,0.03483940012467221,0
validation,random_forest,0,0.0102350083757016,0
validation,random_forest,0,0.02148272247658364,0
validation,random_forest,0,0.35348523228438444,1
validation,random_forest,0,0.48876327085767735,1
validation,random_forest,0,0.0061191191332681145,0
validation,random_forest,0,0.011036147346325586,0
validation,random_forest,0,0.019746222859500576,0
validation,random_forest,0,0.008352152198281232,0
validation,random_forest,0,0.13232836584390834,0
validation,random_forest,1,0.8834774348094392,1
validation,random_forest,0,0.009378633823151034,0
validation,random_forest,0,0.039760729729508906,0
validation,random_forest,0,0.007302504816955684,0
validation,random_forest,1,0.9006381473279841,1
validation,random_forest,1,0.7229279649384074,1
validation,random_forest,0,0.19827033544240036,0
validation,random_forest,0,0.010230715581163945,0
validation,random_forest,0,0.07058768568660803,0
validation,random_forest,0,0.5715061261785085,1
validation,random_forest,0,0.03990052826621191,0
validation,random_forest,0,0.019161275749380865,0
validation,random_forest,0,0.031897653095259396,0
validation,random_forest,0,0.35897011970922754,1
validation,random_forest,0,0.007000326310078509,0
validation,random_forest,0,0.006270100421834666,0
validation,random_forest,0,0.04056587930160825,0
validation,random_forest,0,0.2668289939165264,0
validation,random_forest,0,0.012410944252313044,0
validation,random_forest,0,0.12341236348712338,0
validation,random_forest,0,0.024748817952741933,0
validation,random_forest,0,0.001633981542518128,0
validation,random_forest,0,0.3879718241363982,1
validation,random_forest,0,0.48538245791194856,1
validation,random_forest,0,0.0025,0
validation,random_forest,1,0.49578221763663693,1
validation,random_forest,0,0.30699692607840096,1
validation,random_forest,0,0.05528400531834498,0
validation,random_forest,0,0.0,0
validation,random_forest,1,0.10554313322937457,0
validation,random_forest,0,0.024927390835864843,0
validation,random_forest,0,0.002119285714285714,0
validation,random_forest,0,0.11309385008926083,0
validation,random_forest,0,0.09769909239453613,0
validation,random_forest,1,0.8831680523287162,1
validation,random_forest,0,0.15914296591254293,0
validation,random_forest,0,0.02601438852877652,0
validation,random_forest,0,0.08140777545535811,0
validation,random_forest,0,0.004059142900606315,0
validation,random_forest,0,0.0,0
validation,random_forest,0,0.0,0
validation,random_forest,0,0.1964916370424924,0
validation,random_forest,0,0.033385835332284945,0
validation,random_forest,0,0.05831795889988902,0
validation,random_forest,0,0.09053015225034283,0
validation,random_forest,0,0.16623121813410371,0
validation,random_forest,0,0.004457328385899815,0
validation,random_forest,1,0.7139796958368564,1
validation,random_forest,0,0.04169464301495436,0
validation,random_forest,1,0.8947929573680838,1
validation,random_forest,1,0.23751976288599452,0
validation,random_forest,0,0.007695797877936175,0
validation,random_forest,0,0.08895185822161912,0
validation,random_forest,0,0.7668600877767656,1
validation,random_forest,0,0.007928153809635739,0
validation,random_forest,0,0.20669166283760895,0
validation,random_forest,0,0.024511197498216588,0
validation,random_forest,0,0.0908153321968993,0
validation,random_forest,0,0.4027783972704755,1
validation,random_forest,0,0.23833203063633263,0
validation,random_forest,0,0.053056254612138316,0
validation,random_forest,0,0.004487733669676048,0
validation,random_forest,0,0.0,0
validation,random_forest,0,0.04026820744603999,0
validation,random_forest,1,0.7607257240617054,1
validation,random_forest,0,0.08473024634623544,0
validation,random_forest,1,0.5448149742541579,1
validation,random_forest,0,0.007122142857142857,0
validation,random_forest,1,0.39485974578257504,1
validation,random_forest,0,0.4670338779156545,1
validation,random_forest,1,0.4348996057834855,1
validation,random_forest,0,0.1342439646697321,0
validation,random_forest,1,0.17040663434229109,0
validation,random_forest,0,0.004497289326695405,0
validation,random_forest,0,0.14837262890466826,0
validation,random_forest,0,0.12685218700041287,0
validation,random_forest,0,0.0021303571428571426,0
validation,random_forest,0,0.014857807442911137,0
validation,random_forest,0,0.09199217010193332,0
validation,random_forest,0,0.27449284855361183,0
validation,random_forest,0,0.002141071428571429,0
validation,random_forest,0,0.06250563203381442,0
validation,random_forest,1,0.6242175986460556,1
validation,random_forest,1,0.06490930236329481,0
validation,random_forest,0,0.0021207142857142857,0
validation,random_forest,0,0.0,0
validation,random_forest,0,0.43138570221899253,1
validation,random_forest,0,0.08471163163618281,0
validation,random_forest,0,0.7037075990558493,1
validation,random_forest,0,0.5694162187839853,1
validation,random_forest,0,0.7190328092958777,1
validation,random_forest,1,0.14256122118811654,0
validation,random_forest,0,0.006907769499083825,0
validation,random_forest,0,0.009136178662376725,0
validation,random_forest,0,0.0,0
validation,random_forest,0,0.08213912310296326,0
validation,random_forest,1,0.07519919071277906,0
validation,random_forest,1,0.7444143520047191,1
validation,random_forest,0,0.02042642494563843,0
validation,random_forest,0,0.0022964622277151245,0
validation,random_forest,1,0.20107346045793775,0
validation,random_forest,0,0.016792241797922106,0
validation,random_forest,0,0.01657073448250883,0
validation,random_forest,0,0.0018418930653765042,0
validation,random_forest,0,0.5032596044310119,1
validation,random_forest,0,0.17554998152829057,0
validation,random_forest,0,0.006638303542535169,0
validation,random_forest,0,0.015478869647060457,0
validation,random_forest,0,0.5432721209491074,1
validation,random_forest,0,0.0037821535415750113,0
validation,random_forest,0,0.0478884576801859,0
validation,random_forest,1,0.6682565296326527,1
validation,random_forest,0,0.021043829071116654,0
validation,random_forest,0,0.012217450368730542,0
validation,random_forest,0,0.016442616877090636,0
validation,random_forest,0,0.056398325286438525,0
validation,random_forest,0,0.6025929236888871,1
validation,random_forest,0,0.07969736607981263,0
validation,random_forest,0,0.5933128253374134,1
validation,random_forest,0,0.009149172979988532,0
validation,random_forest,0,0.013512433220173148,0
validation,random_forest,1,0.05090826852516753,0
validation,random_forest,0,0.015454054662692427,0
validation,random_forest,0,0.014662054180664595,0
validation,random_forest,0,0.03207967505583221,0
validation,random_forest,0,0.0199517325379944,0
validation,random_forest,1,0.30067814316658464,1
validation,random_forest,0,0.09839971211166323,0
validation,random_forest,0,0.04726429256197571,0
validation,random_forest,0,0.00326777461782117,0
validation,random_forest,1,0.29446146206754564,1
validation,random_forest,0,0.020951271226649998,0
validation,random_forest,0,0.0799433530968585,0
validation,random_forest,0,0.019056625926888022,0
validation,random_forest,0,0.03138081884219323,0
validation,random_forest,1,0.07489522243331137,0
validation,random_forest,0,0.18110290290024034,0
validation,random_forest,1,0.714791743823496,1
validation,random_forest,0,0.002303751637007935,0
validation,random_forest,0,0.0,0
validation,random_forest,0,0.22199345269367465,0
validation,random_forest,1,0.022586393417139777,0
validation,random_forest,0,0.0,0
validation,random_forest,0,0.0,0
validation,random_forest,0,0.2533503770924618,0
validation,random_forest,0,0.016537448382261427,0
validation,random_forest,0,0.0,0
validation,random_forest,0,0.03358959284779543,0
validation,random_forest,1,0.9259508094238227,1
validation,random_forest,0,0.0,0
validation,random_forest,0,0.02735761324444002,0
validation,random_forest,0,0.0,0
validation,random_forest,0,0.15959770904203724,0
validation,random_forest,0,0.027246997652160366,0
validation,random_forest,0,0.1257328337202382,0
validation,random_forest,0,0.040889731602023145,0
validation,random_forest,0,0.35102711474404613,1
validation,random_forest,0,0.0,0
validation,random_forest,0,0.0021325,0
validation,random_forest,0,0.0046375,0
validation,random_forest,0,0.08518344438575484,0
validation,random_forest,0,0.0,0
validation,random_forest,0,0.015405682358704136,0
validation,random_forest,0,0.3197825365051833,1
validation,random_forest,0,0.47134036794943523,1
validation,random_forest,0,0.5451869169008963,1
validation,random_forest,1,0.4215796664236986,1
validation,random_forest,1,0.8505082864785427,1
validation,random_forest,0,0.020724426176768264,0
validation,random_forest,0,0.012603383964427338,0
validation,random_forest,1,0.6748532153205169,1
validation,random_forest,1,0.46924336987951754,1
validation,random_forest,0,0.05713578999451362,0
validation,random_forest,0,0.0,0
validation,random_forest,0,0.38582361547418614,1
validation,random_forest,0,0.04401991228231873,0
validation,random_forest,0,0.005812755331744443,0
validation,random_forest,1,0.4068987772436386,1
validation,random_forest,1,0.17794129951156668,0
validation,random_forest,0,0.24379663720203223,0
validation,random_forest,0,0.09162445449576039,0
validation,random_forest,0,0.0074883763434221255,0
validation,random_forest,0,0.3762019282355218,1
validation,random_forest,0,0.14823890366384074,0
validation,random_forest,0,0.12840806435676608,0
validation,random_forest,0,0.0018657228389671945,0
validation,random_forest,0,0.3308555239379827,1
validation,random_forest,0,0.04518597022836876,0
validation,random_forest,0,0.04947834187632207,0
validation,random_forest,0,0.009005885023442451,0
validation,random_forest,0,0.13583687486767146,0
validation,random_forest,1,0.49285440289508103,1
validation,random_forest,0,0.027214416562349658,0
validation,random_forest,1,0.31298557185623843,1
validation,random_forest,1,0.4818164412451938,1
validation,random_forest,0,0.0,0
validation,random_forest,0,0.0021182142857142858,0
validation,random_forest,0,0.047538453353505726,0
validation,random_forest,0,0.10797129370527353,0
validation,random_forest,0,0.0,0
validation,random_forest,1,0.5114892995865944,1
validation,random_forest,0,0.13450738079785343,0
validation,random_forest,0,0.0,0
validation,random_forest,1,0.7097344019732321,1
validation,random_forest,1,0.8242193402080114,1
validation,random_forest,1,0.2444490773474659,0
validation,random_forest,1,0.20631848276030584,0
validation,random_forest,0,0.1024069541686893,0
validation,random_forest,0,0.02335048462672423,0
validation,random_forest,0,0.013078546352142813,0
validation,random_forest,1,0.4813964867205636,1
validation,random_forest,0,0.006769642857142857,0
validation,random_forest,0,0.3647201126596057,1
validation,random_forest,0,0.1492099333888769,0
validation,random_forest,0,0.08724479624385269,0
validation,random_forest,0,0.5370216348743757,1
validation,random_forest,0,0.004141227318867225,0
validation,random_forest,0,0.034703038505544015,0
validation,random_forest,0,0.14211973832085545,0
validation,random_forest,0,0.03722687040400981,0
validation,random_forest,0,0.27586215899186234,0
validation,random_forest,1,0.1519983243886057,0
validation,random_forest,0,0.0,0
validation,random_forest,0,0.0018766412404651745,0
validation,random_forest,0,0.26735388273507144,0
validation,random_forest,0,0.004273571428571429,0
validation,random_forest,0,0.28361383112388827,0
validation,random_forest,0,0.21364464584275994,0
validation,random_forest,0,0.6030032648690387,1
validation,random_forest,0,0.008265804340673422,0
validation,random_forest,1,0.5478181395362993,1
validation,random_forest,0,0.09004701970870505,0
validation,random_forest,0,0.04503819244768346,0
validation,random_forest,0,0.004106742229826063,0
validation,random_forest,0,0.15592201955549356,0
validation,random_forest,0,0.05571771368215164,0
validation,random_forest,1,0.5643623202019664,1
validation,random_forest,0,0.022130612023674834,0
validation,random_forest,0,0.1373714404016474,0
validation,random_forest,0,0.20520323192601775,0
validation,random_forest,0,0.0590672457193068,0
validation,random_forest,1,0.33431145145768026,1
validation,random_forest,0,0.018954790094944364,0
validation,random_forest,0,0.0,0
validation,random_forest,0,0.268842677060861,0
validation,random_forest,1,0.008674387037207867,0
validation,random_forest,0,0.2245929456586706,0
validation,random_forest,0,0.06072261087330125,0
validation,random_forest,0,0.03602611328572132,0
validation,random_forest,0,0.02666531336273373,0
validation,random_forest,0,0.03235712745518597,0
validation,random_forest,0,0.03387185105255179,0
validation,random_forest,0,0.08835421293739647,0
validation,random_forest,1,0.06630974063128134,0
validation,random_forest,0,0.004261071428571428,0
validation,random_forest,1,0.5189498822175875,1
validation,random_forest,0,0.06881214829479297,0
validation,random_forest,0,0.04912428356986878,0
validation,random_forest,0,0.03252029811253909,0
validation,random_forest,0,0.7170356394615596,1
validation,random_forest,0,0.49992842282543065,1
validation,random_forest,0,0.014198771760324504,0
validation,random_forest,0,0.24319752274598155,0
validation,random_forest,0,0.07638304696361742,0
validation,random_forest,0,0.0,0
validation,random_forest,0,0.010853731158623186,0
validation,random_forest,1,0.4218222485111838,1
validation,random_forest,0,0.07669369951984749,0
validation,random_forest,0,0.006072286051422183,0
validation,random_forest,0,0.034622096870521306,0
validation,random_forest,1,0.46080472461753785,1
validation,random_forest,0,0.2646531806466276,0
validation,random_forest,0,0.2913907564495785,1
validation,random_forest,0,0.06596843132113019,0
validation,random_forest,0,0.00793182646344751,0
validation,random_forest,0,0.016840550386487258,0
validation,random_forest,0,0.15185316219136455,0
validation,random_forest,1,0.5523651622797897,1
validation,random_forest,0,0.037399873156127666,0
validation,random_forest,0,0.004273571428571429,0
validation,random_forest,0,0.18612098444957803,0
validation,random_forest,0,0.08971644043307066,0
validation,random_forest,0,0.15392213158902515,0
validation,random_forest,0,0.03814907458619125,0
validation,random_forest,0,0.48526737479483634,1
validation,random_forest,0,0.019883118899461535,0
validation,random_forest,0,0.06077126902810994,0
validation,random_forest,0,0.032116180637451405,0
validation,random_forest,0,0.014689285472552296,0
validation,random_forest,1,0.42616475391152436,1
validation,random_forest,0,0.011385863672390589,0
validation,random_forest,1,0.6192621834550319,1
validation,random_forest,0,0.08824476622472346,0
validation,random_forest,0,0.0025,0
validation,random_forest,1,0.7679002939396955,1
validation,random_forest,1,0.33886940450696473,1
validation,random_forest,0,0.017020042687835787,0
validation,random_forest,0,0.8270459972200617,1
validation,random_forest,0,0.48869882828759587,1
validation,random_forest,0,0.13566243461607314,0
validation,random_forest,0,0.016875128926383064,0
validation,random_forest,1,0.28914995666534116,0
validation,random_forest,0,0.0039739481165600565,0
validation,random_forest,0,0.059982990401566114,0
validation,random_forest,0,0.00211,0
validation,random_forest,1,0.632312631955267,1
validation,random_forest,0,0.021191810504601546,0
validation,random_forest,0,0.06633159619889391,0
validation,random_forest,0,0.006025881631490371,0
validation,random_forest,0,0.18540425765172436,0
validation,random_forest,0,0.006385714285714285,0
validation,random_forest,0,0.0559835569941566,0
validation,random_forest,0,0.02676364515753726,0
validation,random_forest,1,0.9244338800302251,1
validation,random_forest,1,0.48244165494968755,1
validation,random_forest,0,0.009237500000000001,0
validation,random_forest,0,0.0,0
validation,random_forest,0,0.06395974883069669,0
validation,random_forest,0,0.007921989261080519,0
validation,random_forest,1,0.5215279168006071,1
validation,random_forest,0,0.0177661397244537,0
validation,random_forest,0,0.03779287149252682,0
validation,random_forest,0,0.0,0
validation,random_forest,0,0.017477131184340487,0
validation,random_forest,1,0.7162436252044713,1
validation,random_forest,0,0.010905740994345265,0
validation,random_forest,0,0.5335596439177605,1
validation,random_forest,0,0.3854152774189696,1
validation,random_forest,0,0.18100843585991874,0
validation,random_forest,0,0.16009235200554678,0
validation,random_forest,0,0.3447630826487207,1
validation,random_forest,0,0.0,0
validation,random_forest,0,0.31549029190048883,1
validation,random_forest,0,0.16194370067439842,0
validation,random_forest,0,0.5034704230054654,1
validation,random_forest,1,0.8554966196770356,1
validation,random_forest,0,0.06447843022265003,0
validation,random_forest,0,0.015487166304861967,0
validation,random_forest,0,0.002417071197411003,0
validation,random_forest,0,0.0,0
validation,random_forest,1,0.5604239048405842,1
validation,random_forest,1,0.3579124740060362,1
validation,random_forest,0,0.01472872234362189,0
validation,random_forest,0,0.1343438123319784,0
validation,random_forest,0,0.018838849737866415,0
validation,random_forest,0,0.0023559479553903347,0
validation,random_forest,0,0.27437518481078327,0
validation,random_forest,0,0.015882339254729948,0
validation,random_forest,1,0.09053743373644313,0
validation,random_forest,0,0.021389044140865288,0
validation,random_forest,0,0.09169056794498597,0
validation,random_forest,0,0.0,0
validation,random_forest,0,0.04917717497268972,0
validation,random_forest,0,0.002142142857142857,0
validation,random_forest,0,0.006703091832064687,0
validation,random_forest,0,0.011782456545245483,0
validation,random_forest,0,0.25311330794604625,0
validation,random_forest,1,0.6362468602354936,1
validation,random_forest,0,0.04811094986216969,0
validation,random_forest,0,0.2771070056537712,0
validation,random_forest,0,0.043888677828545164,0
validation,random_forest,0,0.2457309837138263,0
validation,random_forest,0,0.012977664850503463,0
validation,random_forest,0,0.07437943435060428,0
validation,random_forest,1,0.3952677228144051,1
validation,random_forest,0,0.01643731601463906,0
validation,random_forest,0,0.16385249958505377,0
validation,random_forest,0,0.0025,0
validation,random_forest,0,0.02391218154157386,0
validation,random_forest,0,0.015709592929625826,0
validation,random_forest,0,0.39822604444344883,1
validation,random_forest,0,0.006362069039374394,0
validation,random_forest,0,0.09485667860652672,0
validation,random_forest,0,0.012653977390497166,0
validation,random_forest,1,0.46584560494945365,1
validation,random_forest,0,0.07191951462642106,0
validation,random_forest,0,0.006694693584682058,0
validation,random_forest,1,0.6340524257569848,1
validation,random_forest,0,0.1688060189315993,0
validation,random_forest,0,0.0039681922749218975,0
validation,random_forest,1,0.4993449679725767,1
validation,random_forest,1,0.2020047400109942,0
validation,random_forest,0,0.0175529864521478,0
validation,random_forest,0,0.12086942047691912,0
validation,random_forest,0,0.008632142857142857,0
validation,random_forest,0,0.0037182236268526593,0
validation,random_forest,0,0.04947690176606,0
validation,random_forest,1,0.15503362921220756,0
validation,random_forest,0,0.008562780564515865,0
validation,random_forest,0,0.01899085204632039,0
validation,random_forest,0,0.085015805450964,0
validation,random_forest,0,0.08450087376637345,0
validation,random_forest,0,0.06752119424583075,0
validation,random_forest,0,0.004415870450841933,0
validation,random_forest,0,0.023675403151985113,0
validation,random_forest,1,0.7552902074041569,1
validation,random_forest,0,0.031317485819362376,0
validation,random_forest,0,0.06574038459085212,0
validation,random_forest,0,0.005693627961852326,0
validation,random_forest,0,0.481475719733894,1
validation,random_forest,0,0.05408666353094155,0
validation,random_forest,0,0.058034208940033895,0
validation,random_forest,1,0.4353238676156453,1
validation,random_forest,0,0.008083913856248454,0
validation,random_forest,0,0.14770726605153656,0
validation,random_forest,0,0.03644144452383195,0
validation,random_forest,0,0.42234458837679995,1
validation,random_forest,1,0.6597949905836,1
validation,random_forest,0,0.678944422088084,1
validation,random_forest,1,0.42133385808873797,1
validation,random_forest,0,0.0,0
validation,random_forest,0,0.004219642857142858,0
validation,random_forest,0,0.0,0
validation,random_forest,0,0.06814863574677249,0
validation,random_forest,0,0.06631472064450537,0
validation,random_forest,0,0.10310492109465416,0
validation,random_forest,0,0.0018602840413604086,0
validation,random_forest,0,0.0,0
validation,random_forest,0,0.18653404905810875,0
validation,random_forest,1,0.4969566915440059,1
validation,random_forest,0,0.23135740434515714,0
validation,random_forest,0,0.015570803117237719,0
validation,random_forest,0,0.017158200880965823,0
validation,random_forest,0,0.003731703506692041,0
validation,random_forest,1,0.9404966141932792,1
validation,random_forest,0,0.2679665527279031,0
validation,random_forest,0,0.004622500000000001,0
validation,random_forest,0,0.014576980085727243,0
validation,random_forest,0,0.42676261916133,1
validation,random_forest,1,0.7040945768961943,1
validation,random_forest,0,0.008956429340732505,0
validation,random_forest,1,0.6352825952664994,1
validation,random_forest,1,0.83547660611826,1
validation,random_forest,0,0.33688776637956286,1
validation,random_forest,0,0.018418813639809555,0
validation,random_forest,1,0.6389294946414691,1
validation,random_forest,0,0.0,0
validation,random_forest,0,0.02066452303990978,0
validation,random_forest,0,0.08693947337582676,0
validation,random_forest,0,0.012989385808972654,0
validation,random_forest,1,0.5558680795504467,1
validation,random_forest,0,0.0,0
validation,random_forest,0,0.5748538837348787,1
validation,random_forest,0,0.39239854145012293,1
validation,random_forest,0,0.04071902451244636,0
validation,random_forest,1,0.10608942666931614,0
validation,random_forest,0,0.0,0
validation,random_forest,1,0.6376117425989364,1
validation,random_forest,0,0.030879718947255847,0
validation,random_forest,0,0.14197964825230983,0
validation,random_forest,0,0.051170698682103645,0
validation,random_forest,0,0.0,0
validation,random_forest,0,0.023975676131789955,0
validation,random_forest,0,0.00896826773187841,0
validation,random_forest,0,0.21240186348582288,0
validation,random_forest,1,0.26273281616132144,0
validation,random_forest,0,0.044408187094804125,0
validation,random_forest,0,0.10441884472867917,0
validation,random_forest,1,0.05657579940104043,0
validation,random_forest,0,0.18366128425654998,0
validation,random_forest,0,0.0022956266419409672,0
validation,random_forest,0,0.1456333362219306,0
validation,random_forest,0,0.12829690982969544,0
validation,random_forest,0,0.5554830715745532,1
validation,random_forest,0,0.11419529133199491,0
validation,random_forest,0,0.06850488498952503,0
validation,random_forest,0,0.008585849239857373,0
validation,random_forest,0,0.004243214285714286,0
validation,random_forest,0,0.004579106294447358,0
validation,random_forest,0,0.05899559669616273,0
validation,random_forest,1,0.5872992456930608,1
validation,random_forest,1,0.680875663208477,1
validation,random_forest,0,0.08679042540384387,0
validation,random_forest,0,0.2317348285075789,0
validation,random_forest,0,0.21454407324255328,0
validation,random_forest,0,0.08243909155821165,0
validation,random_forest,0,0.3485328391455899,1
validation,random_forest,1,0.8458140574905382,1
validation,random_forest,0,0.011287021934758154,0
validation,random_forest,0,0.20891186693320735,0
validation,random_forest,0,0.028327836264044767,0
validation,random_forest,0,0.049271524022182274,0
validation,random_forest,0,0.19487374748288835,0
validation,random_forest,0,0.003978804471863633,0
validation,random_forest,1,0.6515792632981611,1
validation,random_forest,0,0.7111091337441429,1
validation,random_forest,0,0.008281212456172806,0
validation,random_forest,0,0.006215658084366023,0
validation,random_forest,0,0.0,0
validation,random_forest,0,0.04698348813663599,0
validation,random_forest,0,0.4406017804119514,1
validation,random_forest,1,0.5097318019502289,1
validation,random_forest,0,0.21087679098364684,0
validation,random_forest,1,0.7588839362955073,1
validation,random_forest,0,0.26602513644546755,0
validation,random_forest,0,0.008783446380618558,0
validation,random_forest,0,0.00407485744069287,0
validation,random_forest,0,0.0046375,0
validation,random_forest,0,0.04313410424315932,0
validation,random_forest,0,0.0,0
validation,random_forest,0,0.20255561134275035,0
validation,random_forest,1,0.3711663993773835,1
validation,random_forest,0,0.09792233169547301,0
validation,random_forest,0,0.05001306096925604,0
validation,random_forest,0,0.008699625461679954,0
validation,random_forest,0,0.4502434833390579,1
validation,random_forest,0,0.0980589044827422,0
validation,random_forest,0,0.025357679809814012,0
validation,random_forest,0,0.0033076763977788848,0
validation,random_forest,0,0.013010440320792486,0
validation,random_forest,0,0.002111785714285714,0
validation,random_forest,0,0.02041335152525612,0
validation,random_forest,1,0.4865005331553149,1
validation,random_forest,0,0.07945187019816365,0
validation,random_forest,0,0.0588512422498425,0
validation,random_forest,0,0.028137139491356766,0
validation,random_forest,0,0.0,0
validation,random_forest,0,0.1719209060681732,0
validation,random_forest,0,0.023403826697583292,0
validation,random_forest,0,0.058806572514254904,0
validation,random_forest,1,0.32015359281498595,1
validation,random_forest,1,0.24449151929241517,0
validation,random_forest,0,0.022826079474516526,0
validation,random_forest,1,0.5066884955094741,1
validation,random_forest,0,0.018091634058173378,0
validation,random_forest,0,0.0,0
validation,random_forest,0,0.008719313248893868,0
validation,random_forest,0,0.012148647130722522,0
validation,random_forest,0,0.1425337249959891,0
validation,random_forest,0,0.4816775593959277,1
validation,random_forest,1,0.5471068560942121,1
validation,random_forest,1,0.33980325973006176,1
validation,random_forest,0,0.4060529444980031,1
validation,random_forest,0,0.04970408922566185,0
validation,random_forest,1,0.6990554309763384,1
validation,random_forest,1,0.26274548075386667,0
validation,random_forest,1,0.4706800876538491,1
validation,random_forest,0,0.476569394525971,1
validation,random_forest,0,0.0,0
validation,random_forest,0,0.0497774809656118,0
validation,random_forest,0,0.21120997784296883,0
validation,random_forest,0,0.21139115025986427,0
validation,random_forest,0,0.07846833342372848,0
validation,random_forest,0,0.018578987448319456,0
validation,random_forest,0,0.0023920935861234368,0
validation,random_forest,0,0.006105983621870719,0
validation,random_forest,0,0.07069127526551575,0
validation,random_forest,0,0.3906825693315309,1
validation,random_forest,1,0.5352067658869291,1
validation,random_forest,0,0.0021239285714285717,0
validation,random_forest,0,0.004475866261398177,0
validation,random_forest,0,0.0057594843938298815,0
validation,random_forest,0,0.03329272796841502,0
validation,random_forest,0,0.044897121717210255,0
validation,random_forest,0,0.11220163171334935,0
validation,random_forest,0,0.0014366669909524274,0
validation,random_forest,0,0.004490984491759565,0
validation,random_forest,0,0.004568049161405353,0
validation,random_forest,0,0.1721554334225209,0
validation,random_forest,0,0.33005373078535494,1
validation,random_forest,0,0.06466406947899717,0
validation,random_forest,1,0.38476248764187665,1
validation,random_forest,0,0.003971644492436766,0
validation,random_forest,0,0.0,0
validation,random_forest,0,0.20166207833865266,0
test,random_forest,0,0.0021210714285714288,0
test,random_forest,0,0.0,0
test,random_forest,0,0.40134322247830423,1
test,random_forest,0,0.01728976304785504,0
test,random_forest,0,0.15810130683802234,0
test,random_forest,0,0.4021593391935299,1
test,random_forest,0,0.03143918755675921,0
test,random_forest,0,0.0023012568432415757,0
test,random_forest,0,0.014730463787525122,0
test,random_forest,1,0.5054741808624397,1
test,random_forest,0,0.09184900718468324,0
test,random_forest,0,0.11316843148959382,0
test,random_forest,0,0.1190702556221896,0
test,random_forest,1,0.9430618596193558,1
test,random_forest,0,0.3035045920940941,1
test,random_forest,0,0.08679007831403199,0
test,random_forest,0,0.0025,0
test,random_forest,1,0.031897195828232416,0
test,random_forest,0,0.02404089179492022,0
test,random_forest,0,0.20671685123620492,0
test,random_forest,0,0.15109266236688712,0
test,random_forest,0,0.13382984204217335,0
test,random_forest,0,0.08116701786255223,0
test,random_forest,0,0.036674232301676664,0
test,random_forest,0,0.0,0
test,random_forest,1,0.5752622675972006,1
test,random_forest,0,0.046284180377238776,0
test,random_forest,0,0.1721096611613263,0
test,random_forest,1,0.237903848720232,0
test,random_forest,0,0.01578047432182902,0
test,random_forest,0,0.1161169596974236,0
test,random_forest,0,0.0,0
test,random_forest,0,0.5719620642344538,1
test,random_forest,0,0.11504409553396103,0
test,random_forest,0,0.10615286648994862,0
test,random_forest,0,0.01025752825757742,0
test,random_forest,0,0.004513899610027079,0
test,random_forest,0,0.0,0
test,random_forest,0,0.04930590533354032,0
test,random_forest,0,0.058320223921284046,0
test,random_forest,0,0.06606598962742441,0
test,random_forest,0,0.005,0
test,random_forest,0,0.05917983426801257,0
test,random_forest,0,0.00233550979407333,0
test,random_forest,1,0.4558833866124119,1
test,random_forest,0,0.0046300000000000004,0
test,random_forest,0,0.15927924229380425,0
test,random_forest,0,0.003966156300334531,0
test,random_forest,1,0.37709443119634467,1
test,random_forest,1,0.2763144071327433,0
test,random_forest,0,0.001846206382714516,0
test,random_forest,0,0.028867257610463156,0
test,random_forest,1,0.7335425650361341,1
test,random_forest,0,0.0665692083680211,0
test,random_forest,0,0.008940336196211544,0
test,random_forest,0,0.002138214285714286,0
test,random_forest,0,0.012427050240052463,0
test,random_forest,0,0.059428215481145,0
test,random_forest,0,0.10071394677025423,0
test,random_forest,0,0.6522239734314794,1
test,random_forest,1,0.6113268961741444,1
test,random_forest,0,0.006595579642061556,0
test,random_forest,0,0.09650303850690164,0
test,random_forest,0,0.007746491514982717,0
test,random_forest,0,0.04284326547205917,0
test,random_forest,0,0.044077000348087,0
test,random_forest,0,0.008852072305686258,0
test,random_forest,0,0.015395036314462651,0
test,random_forest,0,0.24850612174325185,0
test,random_forest,0,0.1307590229045824,0
test,random_forest,0,0.22928299546892347,0
test,random_forest,0,0.0,0
test,random_forest,0,0.0189534159666018,0
test,random_forest,0,0.11137181694963641,0
test,random_forest,1,0.8191883966235021,1
test,random_forest,0,0.053962380858756175,0
test,random_forest,0,0.05762197284624336,0
test,random_forest,0,0.003931278839815425,0
test,random_forest,0,0.23651105253121443,0
test,random_forest,0,0.0021532142857142856,0
test,random_forest,1,0.3209132374475658,1
test,random_forest,0,0.3155552832020301,1
test,random_forest,0,0.014585575286850625,0
test,random_forest,0,0.442154462182578,1
test,random_forest,1,0.8189059432266386,1
test,random_forest,1,0.7857827702257271,1
test,random_forest,0,0.021708104718688084,0
test,random_forest,0,0.050337698405336105,0
test,random_forest,1,0.4569891685867398,1
test,random_forest,0,0.004596055047774296,0
test,random_forest,0,0.15782812945914665,0
test,random_forest,0,0.4272610048566036,1
test,random_forest,0,0.29421392847262373,1
test,random_forest,0,0.0,0
test,random_forest,1,0.1733956274917187,0
test,random_forest,0,0.2678857686253375,0
test,random_forest,0,0.02528028028901418,0
test,random_forest,1,0.2871724870363336,0
test,random_forest,0,0.6522093245307985,1
test,random_forest,0,0.26966003181592196,0
test,random_forest,0,0.0400672225814199,0
test,random_forest,1,0.8566337526628639,1
test,random_forest,0,0.06400823428348856,0
test,random_forest,0,0.012603390805496962,0
test,random_forest,0,0.26019868763955795,0
test,random_forest,0,0.0018306112348428604,0
test,random_forest,0,0.012697379185342054,0
test,random_forest,0,0.010211337161533463,0
test,random_forest,0,0.010329926898503266,0
test,random_forest,0,0.030551740326338558,0
test,random_forest,0,0.020419277550576903,0
test,random_forest,0,0.013316616441805495,0
test,random_forest,1,0.3357761873785122,1
test,random_forest,0,0.12176519853348033,0
test,random_forest,0,0.0042278571428571434,0
test,random_forest,0,0.18526554179551216,0
test,random_forest,0,0.08044505039163774,0
test,random_forest,0,0.01947160806038515,0
test,random_forest,0,0.087824116026399,0
test,random_forest,0,0.29838005787679106,1
test,random_forest,1,0.07264082970082207,0
test,random_forest,0,0.0322045708034758,0
test,random_forest,0,0.0,0
test,random_forest,0,0.01388607142857143,0
test,random_forest,1,0.35129210182015813,1
test,random_forest,0,0.027001568172631964,0
test,random_forest,0,0.4256748102103931,1
test,random_forest,0,0.1562518243773395,0
test,random_forest,0,0.04168401660067679,0
test,random_forest,0,0.0037624673960354187,0
test,random_forest,0,0.004619285714285715,0
test,random_forest,0,0.0018306112348428604,0
test,random_forest,1,0.8741060890311131,1
test,random_forest,1,0.6779288623427007,1
test,random_forest,0,0.019223339762632165,0
test,random_forest,0,0.3027399334694644,1
test,random_forest,0,0.6274734849760457,1
test,random_forest,0,0.0021207142857142857,0
test,random_forest,0,0.08436659182493772,0
test,random_forest,0,0.17622592233666687,0
test,random_forest,0,0.26400753172948355,0
test,random_forest,0,0.014279695156553265,0
test,random_forest,0,0.20992601046358594,0
test,random_forest,0,0.0016608449767132403,0
test,random_forest,1,0.449964235652278,1
test,random_forest,0,0.4047880265877915,1
test,random_forest,0,0.025713592163563382,0
test,random_forest,0,0.014833778832482348,0
test,random_forest,0,0.14398272707020368,0
test,random_forest,0,0.035507372336486716,0
test,random_forest,1,0.18928262302529894,0
test,random_forest,1,0.47827365184945253,1
test,random_forest,0,0.14551986197864825,0
test,random_forest,0,0.23814693194386924,0
test,random_forest,0,0.004250714285714286,0
test,random_forest,0,0.7976489750074073,1
test,random_forest,0,0.18828173494823652,0
test,random_forest,0,0.004788503253796096,0
test,random_forest,1,0.34541101290223936,1
test,random_forest,0,0.08996338133483983,0
test,random_forest,1,0.3989635410957257,1
test,random_forest,0,0.017028968494083366,0
test,random_forest,0,0.062498321322054975,0
test,random_forest,0,0.23102880915300134,0
test,random_forest,1,0.18844909421728587,0
test,random_forest,0,0.0,0
test,random_forest,0,0.031549231412135025,0
test,random_forest,0,0.17643118802674654,0
test,random_forest,0,0.1189582474525766,0
test,random_forest,1,0.5312553209900434,1
test,random_forest,0,0.0023124472087844585,0
test,random_forest,1,0.901858399203756,1
test,random_forest,0,0.33905809104411994,1
test,random_forest,0,0.01705443989427387,0
test,random_forest,0,0.004421256843241576,0
test,random_forest,0,0.01575403682545342,0
test,random_forest,0,0.02066168468426076,0
test,random_forest,0,0.08312957898898948,0
test,random_forest,0,0.009616428571428571,0
test,random_forest,0,0.00872620566870816,0
test,random_forest,0,0.0,0
test,random_forest,0,0.32807800272447507,1
test,random_forest,0,0.22225837261471912,0
test,random_forest,0,0.3993906817150071,1
test,random_forest,0,0.001633981542518128,0
test,random_forest,0,0.011237336810544068,0
test,random_forest,0,0.4764412947767327,1
test,random_forest,0,0.08924226701879133,0
test,random_forest,0,0.060221765270710076,0
test,random_forest,0,0.14092908526973247,0
test,random_forest,0,0.11742072845119284,0
test,random_forest,0,0.0021214285714285714,0
test,random_forest,0,0.015952881322785405,0
test,random_forest,0,0.013631411187678489,0
test,random_forest,0,0.05539913747979252,0
test,random_forest,0,0.0,0
test,random_forest,0,0.004244285714285714,0
test,random_forest,1,0.4004935862630421,1
test,random_forest,0,0.0022037422037422035,0
test,random_forest,0,0.0,0
test,random_forest,1,0.5242617865832154,1
test,random_forest,0,0.5124968530426917,1
test,random_forest,1,0.28686534843729616,0
test,random_forest,0,0.3325946832564646,1
test,random_forest,0,0.3451052912051594,1
test,random_forest,0,0.005887600421834666,0
test,random_forest,0,0.019590203916620762,0
test,random_forest,0,0.022036474413474574,0
test,random_forest,0,0.3425729773744937,1
test,random_forest,0,0.3513543272816322,1
test,random_forest,0,0.525671929769415,1
test,random_forest,0,0.0,0
test,random_forest,0,0.20523743461992322,0
test,random_forest,0,0.12568750364991263,0
test,random_forest,0,0.04265534032303494,0
test,random_forest,0,0.2519688882003463,0
test,random_forest,0,0.007915335924473466,0
test,random_forest,0,0.021310455916501544,0
test,random_forest,0,0.02119818419767946,0
test,random_forest,0,0.7317004311390387,1
test,random_forest,0,0.0,0
test,random_forest,0,0.209864400358647,0
test,random_forest,0,0.0,0
test,random_forest,0,0.0067244636500618715,0
test,random_forest,0,0.020776075483016597,0
test,random_forest,0,0.1424700731318089,0
test,random_forest,0,0.24535406376767907,0
test,random_forest,0,0.010371385021774825,0
test,random_forest,0,0.059225775266375916,0
test,random_forest,0,0.2353711018658841,0
test,random_forest,0,0.07330792452922748,0
test,random_forest,0,0.022174019916376936,0
test,random_forest,0,0.02707777687881539,0
test,random_forest,0,0.35166129655360073,1
test,random_forest,0,0.004251071428571429,0
test,random_forest,0,0.013351285018433945,0
test,random_forest,1,0.402075566964233,1
test,random_forest,0,0.15590014383188852,0
test,random_forest,0,0.0,0
test,random_forest,0,0.004572387406937535,0
test,random_forest,0,0.2136046457341019,0
test,random_forest,0,0.06996233561800531,0
test,random_forest,0,0.3442326337504574,1
test,random_forest,0,0.7542361836836381,1
test,random_forest,0,0.13468881692980786,0
test,random_forest,1,0.21106075366484656,0
test,random_forest,0,0.4660312742515458,1
test,random_forest,0,0.0670436459869007,0
test,random_forest,0,0.002303751637007935,0
test,random_forest,1,0.2462587630446099,0
test,random_forest,0,0.012680678859778739,0
test,random_forest,0,0.023357925259454237,0
test,random_forest,1,0.6389544105977896,1
test,random_forest,0,0.28171185358585094,0
test,random_forest,1,0.08121632679589665,0
test,random_forest,0,0.11177145149309724,0
test,random_forest,0,0.1293580451421575,0
test,random_forest,0,0.011381930448142672,0
test,random_forest,0,0.5437960240066089,1
test,random_forest,0,0.0022872422880173614,0
test,random_forest,0,0.5619283565674114,1
test,random_forest,0,0.5332702558202317,1
test,random_forest,0,0.026505682382049686,0
test,random_forest,0,0.004007117121128466,0
test,random_forest,0,0.14223832507332726,0
test,random_forest,0,0.2356575005475402,0
test,random_forest,0,0.14612835917949055,0
test,random_forest,0,0.1414992707128423,0
test,random_forest,1,0.31705307674577304,1
test,random_forest,0,0.01841917905638161,0
test,random_forest,0,0.017858599437113317,0
test,random_forest,0,0.39440736889326644,1
test,random_forest,0,0.27624108345144277,0
test,random_forest,0,0.012570308595535358,0
test,random_forest,0,0.1860678418185606,0
test,random_forest,0,0.22332453457032497,0
test,random_forest,0,0.012448203541124915,0
test,random_forest,0,0.0022872422880173614,0
test,random_forest,0,0.021073320600409673,0
test,random_forest,0,0.155494672648983,0
test,random_forest,1,0.4517797026918263,1
test,random_forest,0,0.2756540654656261,0
test,random_forest,0,0.14685399895765108,0
test,random_forest,1,0.4133787151789019,1
test,random_forest,0,0.47284033339242043,1
test,random_forest,0,0.0,0
test,random_forest,0,0.010268068079378825,0
test,random_forest,1,0.5060461481055648,1
test,random_forest,0,0.007978146288826888,0
test,random_forest,0,0.008971184877599136,0
test,random_forest,0,0.13565464178746417,0
test,random_forest,0,0.01496759592349914,0
test,random_forest,0,0.11961756161142295,0
test,random_forest,0,0.16767229395990782,0
test,random_forest,0,0.06149846360277043,0
test,random_forest,0,0.03516325946553349,0
test,random_forest,0,0.10533619084083391,0
test,random_forest,0,0.0,0
test,random_forest,0,0.01402085168011708,0
test,random_forest,0,0.34071684836209065,1
test,random_forest,0,0.11826104229977175,0
test,random_forest,0,0.6699085394069073,1
test,random_forest,0,0.03651589767508854,0
test,random_forest,0,0.0021310714285714284,0
test,random_forest,0,0.013229242164631972,0
test,random_forest,0,0.022913782318201924,0
test,random_forest,0,0.2645775103300298,0
test,random_forest,0,0.204000005891098,0
test,random_forest,0,0.006526613684732337,0
test,random_forest,0,0.039098596368158545,0
test,random_forest,1,0.5004791337356775,1
test,random_forest,0,0.7123617154602776,1
test,random_forest,0,0.017881846861526843,0
test,random_forest,0,0.0023932312651087835,0
test,random_forest,0,0.021246791697314985,0
test,random_forest,0,0.031186309738553932,0
test,random_forest,0,0.05552025240029401,0
test,random_forest,0,0.07608942453137986,0
test,random_forest,0,0.08234681600571549,0
test,random_forest,1,0.6835550505841591,1
test,random_forest,0,0.08421289184347623,0
test,random_forest,0,0.19136719565235308,0
test,random_forest,0,0.2606662105342433,0
test,random_forest,0,0.06249152080540424,0
test,random_forest,0,0.0065952333181867814,0
test,random_forest,0,0.2317762205002025,0
test,random_forest,0,0.03558972916883451,0
test,random_forest,0,0.05077273745809332,0
test,random_forest,0,0.08543667644667635,0
test,random_forest,1,0.10653473515051448,0
test,random_forest,0,0.14749935751499632,0
test,random_forest,0,0.5531670908807945,1
test,random_forest,0,0.06498508396852003,0
test,random_forest,0,0.04984857159369994,0
test,random_forest,0,0.3639643859404555,1
test,random_forest,0,0.03249697882862069,0
test,random_forest,0,0.009695200155471715,0
test,random_forest,0,0.03342997197420249,0
test,random_forest,1,0.8528998679460333,1
test,random_forest,0,0.025926944654770075,0
test,random_forest,0,0.1314908012344314,0
test,random_forest,0,0.02891321025886594,0
test,random_forest,0,0.0,0
test,random_forest,1,0.8397956783623515,1
test,random_forest,0,0.0595276147441423,0
test,random_forest,0,0.06656789601995754,0
test,random_forest,0,0.0018332920638851056,0
test,random_forest,0,0.14365861792232282,0
test,random_forest,0,0.013736522807131531,0
test,random_forest,0,0.0022305028605841613,0
test,random_forest,1,0.34621093842975326,1
test,random_forest,1,0.22734139528111058,0
test,random_forest,0,0.17382302552685933,0
test,random_forest,0,0.14022936000299946,0
test,random_forest,0,0.0021285714285714285,0
test,random_forest,0,0.013241123107021328,0
test,random_forest,0,0.032981037563531906,0
test,random_forest,0,0.004727062722844373,0
test,random_forest,1,0.3494564727746476,1
test,random_forest,0,0.0,0
test,random_forest,1,0.34072189680010057,1
test,random_forest,1,0.6991967302423641,1
test,random_forest,0,0.01355219236805684,0
test,random_forest,0,0.5084886655977467,1
test,random_forest,0,0.008641741062407842,0
test,random_forest,1,0.21225890500046127,0
test,random_forest,0,0.08742446225716691,0
test,random_forest,0,0.0021071428571428573,0
test,random_forest,0,0.3208889575337587,1
test,random_forest,0,0.04138882649906986,0
test,random_forest,0,0.0,0
test,random_forest,0,0.00879246628352982,0
test,random_forest,0,0.09900933867972422,0
test,random_forest,0,0.0,0
test,random_forest,0,0.03384839469230914,0
test,random_forest,0,0.5227374303082306,1
test,random_forest,1,0.751106777668011,1
test,random_forest,1,0.8054719572422495,1
test,random_forest,0,0.12799169573225455,0
test,random_forest,0,0.0,0
test,random_forest,0,0.01239247817900257,0
test,random_forest,0,0.20467088410679588,0
test,random_forest,0,0.02606785009772962,0
test,random_forest,1,0.4254898437700114,1
test,random_forest,0,0.01552022515128036,0
test,random_forest,0,0.017724859924365666,0
test,random_forest,0,0.40069171630656586,1
test,random_forest,0,0.30958024474867935,1
test,random_forest,0,0.0039425779276972255,0
test,random_forest,0,0.07186405929494881,0
test,random_forest,0,0.024473401185892602,0
test,random_forest,0,0.2595655007489435,0
test,random_forest,0,0.03202236109562895,0
test,random_forest,0,0.016217785973918396,0
test,random_forest,0,0.033091957511731177,0
test,random_forest,0,0.11292335094637469,0
test,random_forest,1,0.37137062755876044,1
test,random_forest,0,0.02717925566255726,0
test,random_forest,1,0.35007041951882395,1
test,random_forest,0,0.02526852833519174,0
test,random_forest,0,0.420136720748333,1
test,random_forest,0,0.04135442772288874,0
test,random_forest,0,0.004666737948192995,0
test,random_forest,0,0.021887221438921755,0
test,random_forest,0,0.6677040466890358,1
test,random_forest,0,0.005,0
test,random_forest,0,0.13439262511409839,0
test,random_forest,0,0.08764417335983059,0
test,random_forest,0,0.10082474410461734,0
test,random_forest,0,0.009108238863939798,0
test,random_forest,0,0.012628872867934562,0
test,random_forest,0,0.3663669190165138,1
test,random_forest,0,0.04310714042222978,0
test,random_forest,0,0.014206025514845526,0
test,random_forest,0,0.004211071428571429,0
test,random_forest,0,0.0393977503914461,0
test,random_forest,0,0.006072777777777778,0
test,random_forest,0,0.6499902221993953,1
test,random_forest,0,0.2535577850515778,0
test,random_forest,0,0.044227766375323684,0
test,random_forest,0,0.004736114575538372,0
test,random_forest,0,0.16041375815272615,0
test,random_forest,0,0.06038521745465821,0
test,random_forest,0,0.014692137161539635,0
test,random_forest,0,0.4009283179817599,1
test,random_forest,0,0.02165412650906311,0
test,random_forest,0,0.004257142857142857,0
test,random_forest,0,0.015263778213780908,0
test,random_forest,0,0.04683332870320445,0
test,random_forest,1,0.6162634107312135,1
test,random_forest,1,0.2427217746012577,0
test,random_forest,0,0.003738588850174216,0
test,random_forest,0,0.003581084565263084,0
test,random_forest,0,0.0065880091185410335,0
test,random_forest,0,0.07411378135980684,0
test,random_forest,0,0.01897909731910741,0
test,random_forest,0,0.0830398231332809,0
test,random_forest,0,0.01959503226468695,0
test,random_forest,0,0.0,0
test,random_forest,0,0.5209902803954413,1
test,random_forest,1,0.32382543168813227,1
test,random_forest,0,0.255502475391413,0
test,random_forest,0,0.016757949292381672,0
test,random_forest,0,0.35117554191578315,1
test,random_forest,1,0.7517095977171877,1
test,random_forest,0,0.17473143952138565,0
test,random_forest,0,0.5339990282811122,1
test,random_forest,0,0.004607142857142857,0
test,random_forest,0,0.3847245881017835,1
test,random_forest,0,0.23330622673136808,0
test,random_forest,0,0.01710440384695166,0
test,random_forest,0,0.0,0
test,random_forest,0,0.006839776212896354,0
test,random_forest,0,0.002138214285714286,0
test,random_forest,0,0.0018548587781510514,0
test,random_forest,0,0.0021175,0
test,random_forest,0,0.4807051845557148,1
test,random_forest,0,0.14596697859852842,0
test,random_forest,1,0.7926717733759271,1
test,random_forest,0,0.10078016798523906,0
test,random_forest,0,0.03225371967242816,0
test,random_forest,1,0.1863327476452964,0
test,random_forest,0,0.006601615210786462,0
test,random_forest,0,0.05120115018624524,0
test,random_forest,0,0.012938254526594034,0
test,random_forest,0,0.0,0
test,random_forest,0,0.014616180520608556,0
test,random_forest,1,0.10844458533942648,0
test,random_forest,0,0.4700327678433078,1
test,random_forest,1,0.5522214575362384,1
test,random_forest,0,0.008529285714285713,0
test,random_forest,0,0.24415485848607246,0
test,random_forest,0,0.0,0
test,random_forest,0,0.5936119490334993,1
test,random_forest,1,0.7330481909589421,1
test,random_forest,0,0.13517234618870233,0
test,random_forest,0,0.4372594516897373,1
test,random_forest,0,0.2264482999804478,0
test,random_forest,0,0.012437968585468584,0
test,random_forest,0,0.16376299612838685,0
test,random_forest,0,0.45839562473369755,1
test,random_forest,1,0.4858943131904219,1
test,random_forest,0,0.06805639757579023,0
test,random_forest,1,0.4964705685902204,1
test,random_forest,1,0.17291093270284763,0
test,random_forest,0,0.0,0
test,random_forest,0,0.11235862496863959,0
test,random_forest,0,0.018016334400094976,0
test,random_forest,0,0.023118278914643523,0
test,random_forest,0,0.1722037161994983,0
test,random_forest,0,0.012628937629337351,0
test,random_forest,0,0.023325518943732103,0
test,random_forest,0,0.032376367160395554,0
test,random_forest,0,0.024031312076600947,0
test,random_forest,0,0.0,0
test,random_forest,0,0.028994069419039294,0
test,random_forest,0,0.08236210584942574,0
test,random_forest,0,0.0025,0
test,random_forest,0,0.012526540095754142,0
test,random_forest,0,0.0,0
test,random_forest,0,0.558095113541454,1
test,random_forest,0,0.3943502863979085,1
test,random_forest,0,0.424040915307537,1
test,random_forest,0,0.39245388676750403,1
test,random_forest,0,0.06445901496657713,0
test,random_forest,0,0.004342431761786601,0
test,random_forest,0,0.0729345070772613,0
test,random_forest,0,0.3462032148759647,1
test,random_forest,0,0.0016150949574328748,0
test,random_forest,0,0.2398755715023176,0
test,random_forest,0,0.058089285413326364,0
test,random_forest,0,0.2357814109344863,0
test,random_forest,1,0.7837554401026219,1
test,random_forest,0,0.2428211712747617,0
test,random_forest,0,0.008589730719085347,0
test,random_forest,0,0.3970838771734742,1
test,random_forest,0,0.14016487528757363,0
test,random_forest,0,0.03416473991759432,0
test,random_forest,0,0.05589569717537546,0
test,random_forest,0,0.05077898786029638,0
test,random_forest,0,0.011156846940059494,0
test,random_forest,1,0.7083604174242443,1
test,random_forest,0,0.1004980109434987,0
test,random_forest,1,0.19779335733409162,0
test,random_forest,0,0.5185471935095816,1
test,random_forest,0,0.009041021671826625,0
test,random_forest,0,0.011831949261274375,0
test,random_forest,0,0.06685594831298644,0
test,random_forest,0,0.07808179430248517,0
test,random_forest,0,0.283996527819943,0
test,random_forest,0,0.06221823996329471,0
test,random_forest,0,0.002359197838296069,0
test,random_forest,0,0.12833228256389836,0
test,random_forest,0,0.051329249986161736,0
test,random_forest,0,0.006538584470602076,0
test,random_forest,0,0.024711744762358812,0
test,random_forest,0,0.17409599592812397,0
test,random_forest,0,0.0062837254239540485,0
test,random_forest,0,0.08674240251337238,0
test,random_forest,0,0.0,0
test,random_forest,1,0.5569650781193284,1
test,random_forest,0,0.0022328818660647103,0
test,random_forest,0,0.0933053513169683,0
test,random_forest,0,0.2251395178905075,0
test,random_forest,0,0.2441377113754952,0
test,random_forest,0,0.008110576446922667,0
test,random_forest,0,0.2737091999756809,0
test,random_forest,1,0.014421122317617972,0
test,random_forest,0,0.04999197457175681,0
test,random_forest,1,0.739077421601296,1
test,random_forest,0,0.0039270584193725235,0
test,random_forest,0,0.14029225311303514,0
test,random_forest,1,0.5846889142339872,1
test,random_forest,0,0.051150202663699906,0
test,random_forest,1,0.3394050581751392,1
test,random_forest,0,0.14941708571544723,0
test,random_forest,0,0.06780443761871828,0
test,random_forest,1,0.25133066233286916,0
test,random_forest,0,0.013261282148667737,0
test,random_forest,1,0.724822132339304,1
test,random_forest,0,0.08653813693204052,0
test,random_forest,0,0.03214590778545975,0
test,random_forest,0,0.003978684877599135,0
test,random_forest,0,0.023442882052023484,0
test,random_forest,1,0.32041535658842757,1
test,random_forest,0,0.19016566285212094,0
test,random_forest,0,0.047994735874010284,0
test,random_forest,0,0.03797920939914398,0
test,random_forest,0,0.15701583740565705,0
test,random_forest,0,0.21018409562202617,0
test,random_forest,0,0.12558411388451746,0
test,random_forest,0,0.19904353384523607,0
test,random_forest,0,0.01523155601711517,0
test,random_forest,0,0.052382773833042115,0
test,random_forest,0,0.09977161942698051,0
test,random_forest,1,0.3340162981665763,1
test,random_forest,0,0.015394106731245527,0
test,random_forest,0,0.0,0
test,random_forest,0,0.0653484038171361,0
test,random_forest,0,0.02997501651819364,0
test,random_forest,0,0.17738692597475098,0
test,random_forest,0,0.017950682417223723,0
test,random_forest,0,0.0025,0
test,random_forest,1,0.8118710335957239,1
test,random_forest,0,0.0,0
test,random_forest,0,0.0353045186814357,0
test,random_forest,0,0.10380943986866384,0
test,random_forest,1,0.24728161597503642,0
test,random_forest,0,0.5803963475523954,1
test,random_forest,1,0.43481155283246453,1
test,random_forest,0,0.09223304331709117,0
test,random_forest,1,0.1730994619127666,0
test,random_forest,1,0.21384708722085247,0
test,random_forest,1,0.5060480103698688,1
test,random_forest,1,0.7612749779712534,1
test,random_forest,1,0.460943308714203,1
test,random_forest,0,0.0,0
test,random_forest,0,0.1250484254446888,0
test,random_forest,0,0.030311342412440368,0
test,random_forest,0,0.07453988206256233,0
test,random_forest,0,0.03369678078279627,0
test,random_forest,0,0.006114412639199224,0
test,random_forest,0,0.6788027251912025,1
test,random_forest,0,0.015163245234100146,0
test,random_forest,0,0.13127006878430295,0
test,random_forest,0,0.0061358341633043914,0
test,random_forest,0,0.038173645540140015,0
test,random_forest,0,0.0679527281029878,0
test,random_forest,0,0.0,0
test,random_forest,0,0.040047428812627545,0
test,random_forest,0,0.038995997215931104,0
test,random_forest,0,0.314133676511755,1
test,random_forest,0,0.00587881333375086,0
test,random_forest,0,0.051878893054934955,0
test,random_forest,0,0.11238021500891186,0
test,random_forest,0,0.3581782855179371,1
test,random_forest,0,0.08004991641834097,0
test,random_forest,0,0.08337297870532565,0
test,random_forest,1,0.7211964314263484,1
test,random_forest,0,0.0,0
test,random_forest,0,0.07393143966706069,0
test,random_forest,0,0.05610731075179708,0
test,random_forest,1,0.07255526913013263,0
test,random_forest,0,0.06559012671898626,0
test,random_forest,0,0.004236785714285715,0
test,random_forest,0,0.0,0
test,random_forest,0,0.004160299042497996,0
test,random_forest,0,0.0021364285714285717,0
test,random_forest,0,0.09044748641372287,0
test,random_forest,0,0.04117394130391248,0
test,random_forest,0,0.004429588578268592,0
test,random_forest,1,0.638608777912386,1
test,random_forest,0,0.07327527778452712,0
test,random_forest,0,0.015679850374591898,0
test,random_forest,0,0.3701896786481015,1
test,random_forest,0,0.004602476589432054,0
test,random_forest,0,0.049177415808613,0
test,random_forest,0,0.13838602213132004,0
test,random_forest,1,0.561476586328041,1
test,random_forest,0,0.008539395273391653,0
test,random_forest,1,0.27926274571992976,0
test,random_forest,0,0.0,0
test,random_forest,0,0.03106810645057721,0
test,random_forest,0,0.07866250227823551,0
test,random_forest,0,0.03178456870750266,0
test,random_forest,0,0.012653387324452764,0
test,random_forest,0,0.7160221673172878,1
test,random_forest,0,0.0785592697774585,0
test,random_forest,0,0.09652945995658818,0
test,random_forest,0,0.014797279270486357,0
test,random_forest,0,0.0,0
test,random_forest,1,0.6810058584605843,1
test,random_forest,0,0.1511084496363283,0
test,random_forest,0,0.00985098855340042,0
test,random_forest,1,0.5930913446675025,1
test,random_forest,1,0.186796861198191,0
test,random_forest,0,0.016691896754372434,0
test,random_forest,0,0.07934209853967182,0
test,random_forest,0,0.23755516231611093,0
test,random_forest,0,0.2057433541662016,0
test,random_forest,0,0.0021310714285714284,0
test,random_forest,0,0.2360926639247214,0
test,random_forest,0,0.003984501635293908,0
test,random_forest,0,0.06995585870178414,0
test,random_forest,0,0.04694354307320291,0
test,random_forest,0,0.2987871531397597,1
test,random_forest,0,0.7300417779929664,1
test,random_forest,0,0.05099272215421622,0
test,random_forest,0,0.36016973797860835,1
test,random_forest,0,0.09777621138988866,0
test,random_forest,0,0.3760718814605159,1
test,random_forest,0,0.2450870851174738,0
test,random_forest,0,0.012145355230780676,0
test,random_forest,0,0.22290952929476504,0
test,random_forest,1,0.404034497951489,1
test,random_forest,0,0.025510737398820132,0
test,random_forest,0,0.004898541725091143,0
test,random_forest,0,0.34266433764366155,1
test,random_forest,0,0.09379491602203263,0
test,random_forest,0,0.0127883501646312,0
test,random_forest,0,0.11237378685390659,0
test,random_forest,0,0.18748320948017141,0
test,random_forest,1,0.14681257145121915,0
test,random_forest,0,0.0,0
test,random_forest,0,0.024241268073549645,0
test,random_forest,0,0.09282449167931048,0
test,random_forest,0,0.006223063169449804,0
test,random_forest,0,0.15127464308272084,0
test,random_forest,0,0.01977510174884778,0
test,random_forest,1,0.4950992912416534,1
test,random_forest,0,0.2496531929749168,0
test,random_forest,0,0.002125357142857143,0
test,random_forest,0,0.14901481721406148,0
test,random_forest,0,0.06395756484174869,0
test,random_forest,1,0.30000250626689406,1
test,random_forest,0,0.006640996922210575,0
test,random_forest,0,0.05665556696388765,0
test,random_forest,0,0.41189181781274997,1
test,random_forest,0,0.13598944460389245,0
test,random_forest,0,0.08719572777105102,0
test,random_forest,1,0.5972506006008168,1
test,random_forest,0,0.07958437665061473,0
test,random_forest,1,0.13634392857385927,0
test,random_forest,0,0.0018273986152324432,0
test,random_forest,0,0.0021325,0
test,random_forest,0,0.5633291783916964,1
test,random_forest,0,0.0,0
test,random_forest,0,0.01759618815609688,0
test,random_forest,0,0.13697158407273055,0
test,random_forest,1,0.4858411466854084,1
test,random_forest,0,0.14004151339524154,0
test,random_forest,0,0.0021310714285714284,0
test,random_forest,0,0.02472547580221405,0
test,random_forest,0,0.057881025891466195,0
test,random_forest,0,0.011696052952276124,0
test,random_forest,0,0.10703514098680685,0
test,random_forest,0,0.12711873478214103,0
test,random_forest,0,0.12688068885218368,0
test,random_forest,0,0.04489624203906678,0
test,random_forest,0,0.12015168094834604,0
test,random_forest,0,0.0,0
test,random_forest,0,0.06827691228432538,0
test,random_forest,0,0.012987525717329688,0
test,random_forest,0,0.2138263321222221,0
test,random_forest,0,0.015534813214473562,0
test,random_forest,1,0.5057461740274242,1
test,random_forest,0,0.0039997365222365225,0
test,random_forest,0,0.07011844742503742,0
test,random_forest,0,0.01948903875009407,0
test,random_forest,0,0.0872223997993773,0
test,random_forest,0,0.04965447510840465,0
test,random_forest,1,0.1978099279904141,0
test,random_forest,1,0.2240036413636323,0
test,random_forest,0,0.09245630931689751,0
test,random_forest,1,0.19550767207663733,0
test,random_forest,1,0.024305635683550198,0
test,random_forest,0,0.11771950567614609,0
test,random_forest,0,0.01807157474636394,0
test,random_forest,0,0.004228928571428571,0
test,random_forest,0,0.06814612203322508,0
test,random_forest,1,0.699660098161417,1
test,random_forest,0,0.14873968427173698,0
test,random_forest,1,0.5543390671214474,1
test,random_forest,0,0.027172488277619315,0
test,random_forest,0,0.11967342140769244,0
test,random_forest,1,0.25653873398462246,0
test,random_forest,0,0.38826167392800387,1
test,random_forest,1,0.5539629838291584,1
test,random_forest,0,0.02694336285845116,0
test,random_forest,0,0.01311324721296456,0
test,random_forest,1,0.9500229442311381,1
test,random_forest,1,0.5818903596844938,1
test,random_forest,0,0.13163861604704583,0
test,random_forest,0,0.05139910394879103,0
test,random_forest,0,0.015741611529577065,0
test,random_forest,0,0.45027684087842773,1
test,random_forest,0,0.0,0
test,random_forest,1,0.4859503219735198,1
test,random_forest,0,0.05984279286786622,0
test,random_forest,1,0.15147408943017496,0
test,random_forest,0,0.0021125,0
test,random_forest,1,0.6639360506162142,1
test,random_forest,0,0.08450332206362945,0
test,random_forest,0,0.08603082256226526,0
test,random_forest,1,0.4987458826834271,1
test,random_forest,0,0.001620107150666958,0
test,random_forest,0,0.025285303584529965,0
test,random_forest,0,0.008843105313395036,0
test,random_forest,0,0.04335338649701097,0
test,random_forest,0,0.05062071585490984,0
test,random_forest,0,0.20312377396375228,0
test,random_forest,0,0.018881676629972113,0
test,random_forest,0,0.0,0
test,random_forest,0,0.34375483296552967,1
test,random_forest,0,0.0,0
test,random_forest,0,0.011071985926415766,0
test,random_forest,1,0.5704130986268839,1
test,random_forest,1,0.23663940083546012,0
test,random_forest,1,0.5822044419452231,1
test,random_forest,1,0.8557985275417564,1
test,random_forest,0,0.07492767951269821,0
test,random_forest,0,0.006836513443191674,0
test,random_forest,0,0.0046214285714285715,0
test,random_forest,1,0.8465296395693727,1
test,random_forest,0,0.001853233830845771,0
test,random_forest,0,0.1336981986122473,0
test,random_forest,0,0.11760904031480736,0
test,random_forest,0,0.08502284595071527,0
test,random_forest,0,0.02791501057049883,0
test,random_forest,1,0.36837367644236574,1
test,random_forest,0,0.13084956859750982,0
test,random_forest,0,0.5286600652218769,1
test,random_forest,0,0.12045174104779792,0
test,random_forest,0,0.0,0
test,random_forest,0,0.009003363988885946,0
test,random_forest,0,0.014952607770922024,0
test,random_forest,0,0.06297187602672577,0
test,random_forest,0,0.04588238064376994,0
test,random_forest,0,0.04021138345220107,0
test,random_forest,0,0.01820242114250316,0
test,random_forest,0,0.0042560714285714285,0
test,random_forest,1,0.05796571741275137,0
test,random_forest,0,0.006844592544160742,0
test,random_forest,0,0.040740315279918476,0
test,random_forest,1,0.3939290999139333,1
test,random_forest,0,0.002122142857142857,0
test,random_forest,0,0.002108571428571429,0
test,random_forest,0,0.01219407536671524,0
test,random_forest,0,0.006984169216442729,0
test,random_forest,0,0.0041844573538670025,0
test,random_forest,0,0.38873714875966814,1
test,random_forest,0,0.028865461795889204,0
test,random_forest,0,0.033086269847870324,0
test,random_forest,0,0.5226442211886259,1
test,random_forest,0,0.0016479907264296753,0
test,random_forest,0,0.020431669270611463,0
test,random_forest,0,0.013874642857142858,0
test,random_forest,0,0.5057331775485978,1
test,random_forest,0,0.0200326389033246,0
test,random_forest,0,0.013403868667203197,0
test,random_forest,0,0.0693615730175502,0
test,random_forest,0,0.01326189694786124,0
test,random_forest,0,0.025951569531590675,0
test,random_forest,0,0.14865400991751873,0
test,random_forest,0,0.16289597868480693,0
test,random_forest,0,0.023229186426772075,0
test,random_forest,0,0.01281856473774436,0
test,random_forest,0,0.5532850239384927,1
test,random_forest,0,0.48477291674318024,1
test,random_forest,1,0.6664548389188824,1
test,random_forest,0,0.2195384617400643,0
test,random_forest,0,0.18738641454930152,0
test,random_forest,0,0.413253929596512,1
test,random_forest,1,0.5435292424342364,1
test,random_forest,1,0.32307760065040875,1
test,random_forest,0,0.0,0
test,random_forest,0,0.0021167857142857143,0
test,random_forest,0,0.015211075757401325,0
test,random_forest,0,0.0021392857142857142,0
test,random_forest,1,0.939548587599927,1
test,random_forest,0,0.006721983466053032,0
test,random_forest,0,0.11572400577883057,0
test,random_forest,0,0.008161309004546041,0
test,random_forest,1,0.4349808197042087,1
test,random_forest,0,0.2830386270549099,0
test,random_forest,0,0.021007142857142856,0
test,random_forest,0,0.13671078255944613,0
test,random_forest,1,0.33328543728167764,1
test,random_forest,0,0.015356622169586599,0
test,random_forest,0,0.0,0
test,random_forest,1,0.5376326905276057,1
test,random_forest,1,0.6390053281549861,1
test,random_forest,0,0.473223721001866,1
test,random_forest,0,0.16303679118422082,0
test,random_forest,0,0.01776225661954787,0
test,random_forest,0,0.008604212030108273,0
test,random_forest,0,0.00911158054711246,0
test,random_forest,0,0.08256071028675484,0
test,random_forest,1,0.24385417958134806,0
test,random_forest,0,0.5806399731694036,1
test,random_forest,0,0.003974387501993232,0
test,random_forest,0,0.059810915368544694,0
test,random_forest,0,0.011924494508790922,0
test,random_forest,0,0.16328966987007568,0
test,random_forest,0,0.2678350579639384,0
test,random_forest,0,0.010284960251948099,0
test,random_forest,0,0.23437302304880614,0
test,random_forest,0,0.1320926336564871,0
test,random_forest,0,0.018919038900379874,0
test,random_forest,0,0.6251247078112426,1
test,random_forest,0,0.33512704367115026,1
test,random_forest,1,0.7800524875397719,1
test,random_forest,1,0.6881177875692375,1
test,random_forest,0,0.10175045822048666,0
test,random_forest,1,0.8540032756546622,1
test,random_forest,0,0.09258912387958883,0
test,random_forest,0,0.0025,0
test,random_forest,0,0.0020992857142857146,0
test,random_forest,0,0.0,0
test,random_forest,0,0.2905412032487005,1
test,random_forest,0,0.07451160583284164,0
test,random_forest,0,0.5587988342410359,1
test,random_forest,0,0.03500493365130026,0
test,random_forest,0,0.010930193644406701,0
test,random_forest,1,0.6053221437420663,1
test,random_forest,0,0.7623530583188528,1
test,random_forest,0,0.0,0
test,random_forest,0,0.06710521085551828,0
test,random_forest,0,0.22108855507724867,0
test,random_forest,0,0.43408499635075176,1
test,random_forest,0,0.5333144097538522,1
test,random_forest,0,0.004594642857142857,0
test,random_forest,1,0.37257380328395584,1
test,random_forest,0,0.0,0
test,random_forest,0,0.0,0
test,random_forest,0,0.0,0
test,random_forest,1,0.7521764022063993,1
test,random_forest,0,0.19390231814854744,0
test,random_forest,1,0.2927232264602585,1
test,random_forest,0,0.02201956207465531,0
test,random_forest,0,0.1884756320724215,0
test,random_forest,0,0.035389832472875096,0
test,random_forest,1,0.261469513274009,0
test,random_forest,0,0.003973590973702914,0
test,random_forest,0,0.01266837283379427,0
test,random_forest,0,0.002289763047855041,0
test,random_forest,0,0.12959922325859416,0
test,random_forest,0,0.003984211645461956,0
test,random_forest,1,0.3950878741629055,1
test,random_forest,0,0.023319261713596252,0
test,random_forest,0,0.003703285308180101,0
test,random_forest,1,0.5599344053714386,1
test,random_forest,0,0.13044217632651828,0
test,random_forest,0,0.002361992385786802,0
test,random_forest,0,0.00448312640972464,0
test,random_forest,0,0.12477204631207764,0
test,random_forest,0,0.051313179820943605,0
test,random_forest,0,0.029094715215108105,0
test,random_forest,0,0.3410782073759833,1
test,random_forest,0,0.20934229902574752,0
test,random_forest,0,0.22024329519291466,0
test,random_forest,0,0.008610376687988627,0
test,random_forest,0,0.01692772975385471,0
test,random_forest,0,0.5615217794760705,1
test,random_forest,0,0.03970499177209792,0
test,random_forest,0,0.5858108722187833,1
test,random_forest,1,0.9576384767152066,1
test,random_forest,0,0.02416485217207994,0
test,random_forest,0,0.6930353758722119,1
test,random_forest,0,0.006942834449634266,0
test,random_forest,0,0.19038073973011854,0
test,random_forest,0,0.05229126214055761,0
test,random_forest,0,0.1734527072160149,0
test,random_forest,0,0.02116073438535623,0
test,random_forest,0,0.06944881473838299,0
test,random_forest,0,0.5035243508412346,1
test,random_forest,0,0.006266467677325487,0
test,random_forest,1,0.14966244880840482,0
test,random_forest,0,0.058886862402453756,0
test,random_forest,1,0.49296813761174774,1
test,random_forest,0,0.31521263150608564,1
test,random_forest,1,0.2336462627454174,0
test,random_forest,0,0.043110663064754765,0
test,random_forest,0,0.1439051507473539,0
test,random_forest,0,0.11168985895499718,0
test,random_forest,0,0.016825816447512753,0
test,random_forest,0,0.23966191728525504,0
test,random_forest,0,0.0275278191759516,0
test,random_forest,1,0.7937965524987508,1
test,random_forest,0,0.022388555183814107,0
test,random_forest,0,0.004614642857142857,0
test,random_forest,0,0.1742048845972267,0
test,random_forest,0,0.08549266683391514,0
test,random_forest,1,0.7676180548864022,1
test,random_forest,0,0.008530965567049527,0
test,random_forest,0,0.12820826553371914,0
test,random_forest,1,0.841212751930232,1
test,random_forest,0,0.008545145634163807,0
test,random_forest,0,0.024491395277529096,0
test,random_forest,0,0.13373046803476885,0
test,random_forest,0,0.714681546897538,1
test,random_forest,0,0.04682137148962681,0
test,random_forest,1,0.1433412410949145,0
test,random_forest,0,0.12343259074854065,0
test,random_forest,0,0.2530149027098585,0
test,random_forest,0,0.5827928203953443,1
test,random_forest,0,0.0,0
test,random_forest,0,0.013804432622392676,0
test,random_forest,0,0.13445502653884053,0
test,random_forest,1,0.8128227531656694,1
test,random_forest,0,0.002144285714285714,0
test,random_forest,0,0.0,0
test,random_forest,0,0.05880420575269077,0
test,random_forest,0,0.2549114016672186,0
test,random_forest,0,0.11269240472685606,0
test,random_forest,0,0.042518856560493194,0
test,random_forest,0,0.11267291678183178,0
test,random_forest,0,0.4509312138331611,1
test,random_forest,0,0.025345856926134155,0
test,random_forest,0,0.0,0
test,random_forest,0,0.04833670900966303,0
test,random_forest,0,0.05769885643410902,0
test,random_forest,1,0.5830768146718589,1
test,random_forest,0,0.16125471536750952,0
test,random_forest,0,0.0,0
test,random_forest,0,0.167505741121321,0
test,random_forest,0,0.3342759187930394,1
test,random_forest,0,0.34425632200325396,1
test,random_forest,0,0.004062626387395289,0
test,random_forest,1,0.7514157122635787,1
test,random_forest,0,0.012670896965893456,0
test,random_forest,0,0.06908870307559094,0
test,random_forest,0,0.09502736775347437,0
test,random_forest,0,0.0,0
test,random_forest,0,0.008360728155475556,0
test,random_forest,0,0.04241307420225868,0
test,random_forest,0,0.31407954105238284,1
test,random_forest,0,0.090468368572311,0
test,random_forest,0,0.0,0
test,random_forest,0,0.03696533245407404,0
test,random_forest,0,0.023700137462338594,0
test,random_forest,1,0.5225220083613202,1
test,random_forest,0,0.2632061063374816,0
test,random_forest,0,0.02139320622944207,0
test,random_forest,0,0.011373571428571427,0
test,random_forest,0,0.05096351611609839,0
test,random_forest,0,0.00594946163186321,0
test,random_forest,0,0.026220174544459393,0
test,random_forest,0,0.48286319668266087,1
test,random_forest,0,0.011606278195488722,0
test,random_forest,0,0.0,0
test,random_forest,0,0.6516735628363768,1
test,random_forest,0,0.04407841113634785,0
test,random_forest,0,0.6411580585839238,1
test,random_forest,0,0.03217706630381242,0
test,random_forest,0,0.0021217857142857145,0
test,random_forest,0,0.12874859956201953,0
test,random_forest,0,0.01890933242036553,0
test,random_forest,0,0.02046277978210649,0
test,random_forest,0,0.3394977450073754,1
test,random_forest,0,0.36811177576013554,1
test,random_forest,1,0.5879464607183663,1
test,random_forest,1,0.3647578601133376,1
test,random_forest,0,0.005787607198947048,0
test,random_forest,0,0.010192680383951309,0
test,random_forest,0,0.00230852045524454,0
test,random_forest,0,0.024306346279491336,0
test,random_forest,0,0.05094729851941063,0
test,random_forest,0,0.008541554468387112,0
test,random_forest,0,0.06400777513157332,0
test,random_forest,0,0.03726915652266286,0
test,random_forest,0,0.047488211871092104,0
test,random_forest,0,0.049021859519779803,0
test,random_forest,0,0.0041299339727418425,0
test,random_forest,0,0.25345262806984964,0
test,random_forest,1,0.7658612002818959,1
test,random_forest,0,0.14189723308502572,0
test,random_forest,1,0.7370195953295987,1
test,random_forest,0,0.07326206460917369,0
test,random_forest,1,0.47140627418299674,1
test,random_forest,0,0.1761319848258175,0
test,random_forest,1,0.5077710487278714,1
test,random_forest,0,0.468788275402836,1
test,random_forest,0,0.012582237408092311,0
test,random_forest,0,0.015473530712087647,0
test,random_forest,1,0.05662308031711441,0
test,random_forest,0,0.0016666666666666666,0
test,random_forest,0,0.05683859176253609,0
test,random_forest,0,0.09699088311192482,0
test,random_forest,0,0.03454115342713587,0
test,random_forest,0,0.0,0
test,random_forest,0,0.07670133181803804,0
test,random_forest,0,0.0,0
test,random_forest,0,0.0035005072119717404,0
test,random_forest,0,0.043581822898014044,0
test,random_forest,0,0.030103344815179033,0
test,random_forest,0,0.12333382250324437,0
test,random_forest,0,0.00646407827460023,0
test,random_forest,0,0.03756491247426897,0
test,random_forest,0,0.18804276409526785,0
test,random_forest,0,0.10503172331148418,0
test,random_forest,0,0.0,0
test,random_forest,0,0.12088430798789686,0
test,random_forest,0,0.00400393868182001,0
test,random_forest,0,0.0,0
test,random_forest,0,0.0,0
test,random_forest,0,0.32369701987760235,1
test,random_forest,0,0.03531811686017826,0
test,random_forest,0,0.14050273118345621,0
test,random_forest,0,0.005799383785409672,0
test,random_forest,0,0.039227876723155024,0
test,random_forest,1,0.5995157949932821,1
test,random_forest,0,0.319941283904567,1
test,random_forest,0,0.0,0
test,random_forest,0,0.04419407608934227,0
test,random_forest,0,0.10590447636046608,0
test,random_forest,0,0.0218778664814819,0
test,random_forest,1,0.2354770689211776,0
test,random_forest,0,0.001853233830845771,0
test,random_forest,0,0.0,0
test,random_forest,0,0.013506025058901285,0
test,random_forest,0,0.19791018638941238,0
test,random_forest,0,0.12298849910204958,0
test,random_forest,0,0.13657770244991682,0
test,random_forest,0,0.05809217760597955,0
test,random_forest,0,0.028683056655058742,0
test,random_forest,0,0.029123206191155028,0
test,random_forest,0,0.013331874884901576,0
test,random_forest,0,0.3736923728871805,1
test,random_forest,0,0.00239640218438805,0
test,random_forest,0,0.1336273530332427,0
test,random_forest,0,0.0043368902150283046,0
test,random_forest,0,0.4140953997202476,1
test,random_forest,0,0.0,0
test,random_forest,0,0.08468030239605813,0
test,random_forest,0,0.11130598855861852,0
test,random_forest,0,0.0511055474479337,0
test,random_forest,0,0.26132793913960123,0
test,random_forest,0,0.07563100351360277,0
test,random_forest,0,0.0025,0
test,random_forest,0,0.0,0
test,random_forest,0,0.019035835064813534,0
test,random_forest,0,0.04088307257330739,0
test,random_forest,0,0.033258008284953684,0
test,random_forest,0,0.0,0
test,random_forest,0,0.008507895518119132,0
test,random_forest,0,0.14355077841356878,0
test,random_forest,1,0.42638711989601225,1
test,random_forest,1,0.18986590044814797,0
test,random_forest,1,0.6393050515890019,1
test,random_forest,0,0.1938097598956492,0
test,random_forest,0,0.3432154299471039,1
test,random_forest,0,0.2536155716150519,0
test,random_forest,0,0.04649617841810174,0
test,random_forest,1,0.7412432244823688,1
test,random_forest,0,0.038840527012563845,0
test,random_forest,0,0.7355403289218703,1
test,random_forest,0,0.06440882811726682,0
test,random_forest,0,0.046660851960903145,0
test,random_forest,0,0.10936318367771249,0
test,random_forest,1,0.27838584623653395,0
test,random_forest,1,0.630427081011592,1
test,random_forest,0,0.5311182699636192,1
test,random_forest,0,0.4451659800616281,1
test,random_forest,1,0.7605547877589389,1
test,random_forest,0,0.023713530776484876,0
test,random_forest,0,0.4253563620964369,1
test,random_forest,0,0.0472222242932947,0
test,random_forest,1,0.6612373297338039,1
test,random_forest,0,0.5367690543405939,1
test,random_forest,1,0.4121038388039542,1
test,random_forest,1,0.4244958880625857,1
test,random_forest,1,0.2393934174936851,0
test,random_forest,0,0.10850483904146786,0
test,random_forest,0,0.30218247542378684,1
test,random_forest,0,0.3264367433675769,1
test,random_forest,0,0.01740131798608335,0
test,random_forest,0,0.13556776391123251,0
test,random_forest,0,0.07186782548756546,0
test,random_forest,0,0.10620742037834283,0
test,random_forest,0,0.12650242117297678,0
test,random_forest,0,0.017169653849338228,0
test,random_forest,0,0.27921872341034665,0
test,random_forest,0,0.1598584883403413,0
test,random_forest,0,0.19637513649916422,0
test,random_forest,0,0.011773077557755775,0
test,random_forest,0,0.06231184386196353,0
test,random_forest,0,0.10132623700745601,0
test,random_forest,1,0.5658685996483864,1
test,random_forest,1,0.5601347535267582,1
test,random_forest,0,0.0065194589698556295,0
test,random_forest,0,0.18639001058623453,0
test,random_forest,0,0.013013310991650796,0
test,random_forest,0,0.035253621867100925,0
test,random_forest,0,0.5250824198002362,1
test,random_forest,0,0.016938123558144846,0
test,random_forest,0,0.06814643130283703,0
test,random_forest,0,0.4038869956005988,1
test,random_forest,0,0.008229528942009394,0
test,random_forest,0,0.005795146198048679,0
test,random_forest,0,0.004257857142857143,0
test,random_forest,0,0.12682039466214934,0
test,random_forest,0,0.08409737273640822,0
test,random_forest,0,0.0,0
test,random_forest,0,0.07932924836479878,0
test,random_forest,0,0.019560401170373894,0
test,random_forest,0,0.0,0
test,random_forest,0,0.09668999118949245,0
test,random_forest,0,0.08912187620824025,0
test,random_forest,1,0.11481353951053648,0
test,random_forest,1,0.25100310055851,0
test,random_forest,0,0.07073524985121939,0
test,random_forest,0,0.2707028915554736,0
test,random_forest,0,0.07344548491466377,0
test,random_forest,0,0.03570760070963613,0
test,random_forest,0,0.0021289285714285715,0
test,random_forest,0,0.013644716747696567,0
test,random_forest,0,0.11809210171120921,0
test,random_forest,0,0.12044870591732221,0
test,random_forest,0,0.0,0
test,random_forest,0,0.0,0
test,random_forest,0,0.38407345840699825,1
test,random_forest,0,0.07243015759209288,0
test,random_forest,0,0.011774642857142857,0
test,random_forest,0,0.40206191286263326,1
test,random_forest,0,0.011166791698379606,0
test,random_forest,0,0.0016537610619469026,0
test,random_forest,0,0.04127032118823747,0
test,random_forest,0,0.19522486171071346,0
test,random_forest,1,0.9440715990344478,1
test,random_forest,0,0.15511739333715763,0
test,random_forest,0,0.0025,0
test,random_forest,0,0.02934193273659666,0
test,random_forest,0,0.014044203279737091,0
test,random_forest,0,0.0,0
test,random_forest,0,0.0025,0
test,random_forest,0,0.006267719665379836,0
test,random_forest,0,0.017832768869745778,0
test,random_forest,0,0.0013344231458258687,0
test,random_forest,0,0.00377242582842009,0
test,random_forest,0,0.1985966980960528,0
test,random_forest,0,0.11099575982242699,0
test,random_forest,0,0.004259285714285715,0
test,random_forest,0,0.03359149004886183,0
test,random_forest,0,0.0,0
test,random_forest,1,0.6725828605360021,1
test,random_forest,0,0.014482031222759246,0
test,random_forest,0,0.22475379049874852,0
test,random_forest,0,0.004270714285714286,0
test,random_forest,0,0.008801358784893269,0
test,random_forest,0,0.2845921420883559,0
test,random_forest,0,0.22594672024612306,0
test,random_forest,0,0.296472598306996,1
test,random_forest,0,0.08982087064586647,0
test,random_forest,0,0.18207044646433515,0
test,random_forest,0,0.588887055442147,1
test,random_forest,1,0.5947669379437439,1
test,random_forest,0,0.05001289214227975,0
test,random_forest,0,0.008610045016134495,0
test,random_forest,0,0.010007089831676535,0
test,random_forest,0,0.004199237040709524,0
test,random_forest,0,0.0021110714285714287,0
test,random_forest,0,0.029972871849599788,0
test,random_forest,0,0.08727160136697586,0
test,random_forest,1,0.5881353044948453,1
test,random_forest,0,0.08368804110459353,0
test,random_forest,0,0.07981393707160771,0
test,random_forest,0,0.009478420957215372,0
test,random_forest,0,0.19883962732333488,0
test,random_forest,1,0.4883177660538373,1
test,random_forest,0,0.07384231241326787,0
test,random_forest,0,0.05527300391177506,0
test,random_forest,0,0.6201597798601347,1
test,random_forest,0,0.008455602615480437,0
test,random_forest,0,0.029508970881295938,0
test,random_forest,0,0.011839793685498225,0
test,random_forest,0,0.057694963385497997,0
test,random_forest,0,0.10640222337467564,0
test,random_forest,0,0.21176403697561821,0
test,random_forest,0,0.014681451282803763,0
test,random_forest,1,0.6169848480398834,1
test,random_forest,1,0.5637810193880537,1
test,random_forest,0,0.06846163753185168,0
test,random_forest,0,0.00890053484934866,0
test,random_forest,0,0.0021210714285714288,0
test,random_forest,0,0.13298783276004336,0
test,random_forest,0,0.27688107914651405,0
test,random_forest,0,0.016223683457648616,0
test,random_forest,0,0.006538430268435667,0
test,random_forest,0,0.0021071428571428573,0
test,random_forest,0,0.0,0
test,random_forest,0,0.02001738856280894,0
test,random_forest,0,0.164244733066405,0
test,random_forest,0,0.028427796784961393,0
test,random_forest,0,0.38414008360849344,1
test,random_forest,0,0.00470260759571296,0
test,random_forest,0,0.24949778613249943,0
test,random_forest,0,0.014612808119281078,0
test,random_forest,1,0.28034977310761283,0
test,random_forest,0,0.18501621087164857,0
test,random_forest,0,0.18316013791566854,0
test,random_forest,0,0.3097244930761113,1
test,random_forest,0,0.37370075379264983,1
test,random_forest,0,0.13627394605520038,0
test,random_forest,0,0.2891423421511645,0
test,random_forest,0,0.015014218465213544,0
test,random_forest,0,0.2137427512377367,0
test,random_forest,0,0.06211712140000503,0
test,random_forest,0,0.4075513133688616,1
test,random_forest,1,0.22400664202907575,0
test,random_forest,0,0.6435823098142953,1
test,random_forest,0,0.023273761388373514,0
test,random_forest,0,0.035360703317108805,0
test,random_forest,0,0.003443287381379841,0
test,random_forest,0,0.29209450138379006,1
test,random_forest,0,0.179696585078699,0
test,random_forest,0,0.0,0
test,random_forest,0,0.11570387303722673,0
test,random_forest,1,0.6540777755651312,1
test,random_forest,1,0.7145149492789805,1
test,random_forest,0,0.02394641588776221,0
test,random_forest,0,0.010159758302674387,0
test,random_forest,1,0.395261346168091,1
test,random_forest,0,0.3561731478487951,1
test,random_forest,0,0.03377518442414056,0
test,random_forest,1,0.5048016665758742,1
test,random_forest,0,0.0,0
test,random_forest,0,0.0023033361584097385,0
test,random_forest,0,0.08492675968142606,0
test,random_forest,0,0.004286228070495382,0
test,random_forest,0,0.1969831859470978,0
test,random_forest,0,0.04031841616628526,0
test,random_forest,0,0.03213586486288917,0
test,random_forest,0,0.016666714116152982,0
test,random_forest,0,0.1577070210333667,0
test,random_forest,1,0.3011659603665429,1
test,random_forest,0,0.016634293073806847,0
test,random_forest,0,0.32158150525774004,1
test,random_forest,0,0.38320536851665593,1
test,random_forest,0,0.025656091434551723,0
test,random_forest,0,0.0,0
test,random_forest,0,0.047894157898633646,0
test,random_forest,0,0.12489872647255443,0
test,random_forest,0,0.009378963813879686,0
test,random_forest,0,0.11068178227974695,0
test,random_forest,0,0.29420897829642884,1
test,random_forest,0,0.03459380158173818,0
test,random_forest,0,0.07336370689197713,0
test,random_forest,0,0.0,0
test,random_forest,0,0.012545306415562191,0
test,random_forest,0,0.26670936029532394,0
test,random_forest,0,0.028731106611874075,0
test,random_forest,1,0.24816186528369089,0
test,random_forest,0,0.11120238837429175,0
test,random_forest,0,0.2515742970245485,0
test,random_forest,0,0.5419428971295465,1
test,random_forest,0,0.10154085352820076,0
test,random_forest,0,0.0019656361947724557,0
test,random_forest,0,0.0,0
test,random_forest,0,0.09107842034125888,0
test,random_forest,0,0.1707599288032812,0
test,random_forest,0,0.010564818757193612,0
test,random_forest,0,0.012815651285877173,0
test,random_forest,0,0.02528484867498834,0
test,random_forest,0,0.11445137119724678,0
test,random_forest,0,0.010411187164813535,0
test,random_forest,0,0.029028366434763635,0
test,random_forest,0,0.020866918197718083,0
test,random_forest,0,0.12908694803410747,0
test,random_forest,0,0.002117857142857143,0
test,random_forest,0,0.0018489065606361829,0
test,random_forest,0,0.22630492816967357,0
test,random_forest,1,0.3362421367129573,1
test,random_forest,1,0.2793098237935406,0
test,random_forest,0,0.001980918821886843,0
test,random_forest,0,0.04143662758851566,0
test,random_forest,1,0.8988654151290655,1
test,random_forest,1,0.17416671385614252,0
test,random_forest,1,0.6247002759355315,1
test,random_forest,0,0.44421164481844966,1
test,random_forest,0,0.008514560642071635,0
test,random_forest,0,0.35147091488032645,1
test,random_forest,0,0.17339765405924762,0
test,random_forest,0,0.08478456596369799,0
test,random_forest,0,0.5465994459603912,1
test,random_forest,0,0.02522070050176338,0
test,random_forest,0,0.046648550662242015,0
test,random_forest,0,0.18389636902272133,0
test,random_forest,0,0.010661586177381045,0
test,random_forest,0,0.293360473927999,1
test,random_forest,0,0.13800626806549934,0
test,random_forest,0,0.006679223287063564,0
test,random_forest,1,0.7966132530529424,1
test,random_forest,0,0.008531405925308051,0
test,random_forest,0,0.028988306727999357,0
test,random_forest,0,0.07057814090730118,0
test,random_forest,0,0.058590242866853,0
test,random_forest,1,0.36605287098420447,1
test,random_forest,1,0.7833049838864684,1
test,random_forest,0,0.02772522382264386,0
test,random_forest,0,0.16015331612616543,0
test,random_forest,0,0.004471929955967135,0
test,random_forest,0,0.0,0
test,random_forest,0,0.004249285714285714,0
test,random_forest,0,0.07660749739644604,0
test,random_forest,0,0.23449270455918358,0
test,random_forest,0,0.011950435078925382,0
test,random_forest,0,0.01818776509116658,0
test,random_forest,0,0.06322189177301753,0
test,random_forest,0,0.0,0
test,random_forest,0,0.09734386987628137,0
test,random_forest,0,0.046970820893752256,0
test,random_forest,0,0.00640221205440787,0
test,random_forest,0,0.0,0
test,random_forest,0,0.08373457376029929,0
test,random_forest,0,0.4995535394872415,1
test,random_forest,0,0.021705489033044225,0
test,random_forest,1,0.7891108066870397,1
test,random_forest,0,0.1320680948582405,0
test,random_forest,0,0.08962233566173909,0
test,random_forest,0,0.10780441287790615,0
test,random_forest,0,0.006769162663025107,0
test,random_forest,0,0.288436132068796,0
test,random_forest,0,0.7040926674060455,1
test,random_forest,0,0.011056312953323535,0
test,random_forest,0,0.07277236695107736,0
test,random_forest,1,0.2952419183100537,1
test,random_forest,0,0.03387643257463413,0
test,random_forest,1,0.9053336040774264,1
test,random_forest,0,0.16717134811705814,0
test,random_forest,0,0.014238955705382894,0
test,random_forest,0,0.02759052769099576,0
test,random_forest,0,0.270586427515903,0
test,random_forest,0,0.09165673598958532,0
test,random_forest,0,0.014845586896711855,0
test,random_forest,0,0.03201326229968027,0
test,random_forest,0,0.16463047174241208,0
test,random_forest,0,0.08630912080655195,0
test,random_forest,0,0.0071054037424595805,0
test,random_forest,0,0.4995283416636149,1
test,random_forest,0,0.723333565882988,1
test,random_forest,1,0.12811469443884194,0
test,random_forest,0,0.10708188549629823,0
test,random_forest,0,0.06789566440841643,0
test,random_forest,1,0.20029429885141078,0
test,random_forest,0,0.07843952152772704,0
test,random_forest,0,0.05315736566182126,0
test,random_forest,0,0.170859208654222,0
test,random_forest,0,0.21367401763197616,0
test,random_forest,0,0.023887159200336495,0
test,random_forest,0,0.015217142857142856,0
test,random_forest,1,0.9572665255404403,1
test,random_forest,0,0.0,0
test,random_forest,1,0.6284340819636292,1
test,random_forest,0,0.03562012452390149,0
test,random_forest,0,0.09932383863157518,0
test,random_forest,0,0.006233877819137289,0
test,random_forest,0,0.0,0
test,random_forest,0,0.2408178127547444,0
test,random_forest,0,0.05754373709967837,0
test,random_forest,0,0.03837640954796865,0
test,random_forest,0,0.03780829365307247,0
test,random_forest,0,0.011227643038395312,0
test,random_forest,1,0.7251046336765087,1
test,random_forest,0,0.17008517402286494,0
test,random_forest,0,0.33513543324827727,1
test,random_forest,0,0.18012522472298734,0
test,random_forest,0,0.043348435102530114,0
test,random_forest,0,0.0,0
test,random_forest,0,0.007344858691039982,0
test,random_forest,0,0.0021114285714285714,0
test,random_forest,0,0.48333947140716865,1
test,random_forest,0,0.04915785373069485,0
test,random_forest,0,0.07815499810722355,0
test,random_forest,1,0.22283669023938008,0
test,random_forest,0,0.4674202053362135,1
test,random_forest,0,0.20221935776860145,0
test,random_forest,1,0.2199747923724495,0
test,random_forest,0,0.017930864058187182,0
test,random_forest,0,0.013486882297764576,0
test,random_forest,1,0.6716033690214147,1
test,random_forest,1,0.7182503033350021,1
test,random_forest,0,0.27543458378993957,0
test,random_forest,0,0.006315725766676279,0
test,random_forest,0,0.10874317358696745,0
test,random_forest,0,0.1324244160039042,0
test,random_forest,0,0.07990715653690103,0
test,random_forest,0,0.02323820023357562,0
test,random_forest,0,0.006371071428571429,0
test,random_forest,0,0.1339312669420911,0
test,random_forest,0,0.0,0
test,random_forest,0,0.0061943815039317215,0
test,random_forest,0,0.2885889258281215,0
test,random_forest,0,0.11286373697664814,0
test,random_forest,0,0.1617236263583765,0
test,random_forest,0,0.0037280439056356484,0
test,random_forest,0,0.0687796285531354,0
test,random_forest,0,0.37491778344227944,1
test,random_forest,0,0.17361188295196014,0
test,random_forest,0,0.004265339656764551,0
test,random_forest,0,0.01748203983176645,0
test,random_forest,0,0.09686725785202212,0
test,random_forest,0,0.009023805980451709,0
test,random_forest,0,0.018647163920799025,0
test,random_forest,1,0.3151873935828522,1
test,random_forest,0,0.001637153541575011,0
test,random_forest,0,0.22322923176981513,0
test,random_forest,0,0.03463673572456991,0
test,random_forest,0,0.0053135551105033775,0
test,random_forest,0,0.012133635865978553,0
test,random_forest,1,0.5856720663099257,1
test,random_forest,0,0.4083974308969661,1
test,random_forest,0,0.003982545016134495,0
test,random_forest,0,0.014049553163478666,0
test,random_forest,0,0.19610861678572541,0
test,random_forest,1,0.7807046917108241,1
test,random_forest,0,0.21932697411866417,0
test,random_forest,0,0.0025,0
test,random_forest,0,0.21765539138517656,0
test,random_forest,0,0.4791913033165253,1
test,random_forest,0,0.015826313900627834,0
test,random_forest,0,0.14917762271921445,0
test,random_forest,0,0.01244944830276214,0
test,random_forest,0,0.03974228800813993,0
test,random_forest,0,0.4404550665988875,1
test,random_forest,0,0.011607591338007704,0
test,random_forest,0,0.023325341106639072,0
test,random_forest,0,0.1548346587904348,0
test,random_forest,1,0.32001513576909396,1
test,random_forest,0,0.14268220853740168,0
test,random_forest,1,0.9653102932898819,1
test,random_forest,0,0.25102445790225386,0
test,random_forest,0,0.0,0
test,random_forest,0,0.29680489859199044,1
test,random_forest,0,0.026355687597668084,0
test,random_forest,0,0.05299609417095654,0
test,random_forest,0,0.1811297684206075,0
test,random_forest,0,0.050422060455896985,0
test,random_forest,0,0.4644008874092494,1
test,random_forest,1,0.673382433953456,1
validation,xgboost,0,0.0021206580568104982,0
validation,xgboost,0,0.00020496272190939635,0
validation,xgboost,0,0.19617202877998352,0
validation,xgboost,0,0.054967232048511505,0
validation,xgboost,0,0.3552855849266052,0
validation,xgboost,0,0.002266368828713894,0
validation,xgboost,0,0.03384469076991081,0
validation,xgboost,0,0.0001942552044056356,0
validation,xgboost,0,0.07369708269834518,0
validation,xgboost,0,0.655539870262146,1
validation,xgboost,0,0.0007973052561283112,0
validation,xgboost,0,0.0067021711729466915,0
validation,xgboost,0,0.0025090945418924093,0
validation,xgboost,0,0.010952203534543514,0
validation,xgboost,0,0.7669037580490112,1
validation,xgboost,0,0.00012533823610283434,0
validation,xgboost,0,0.007535713724792004,0
validation,xgboost,0,0.0007555061019957066,0
validation,xgboost,0,0.02795655094087124,0
validation,xgboost,0,0.03255544230341911,0
validation,xgboost,0,0.020649006590247154,0
validation,xgboost,0,0.004307429771870375,0
validation,xgboost,0,0.0001812153059290722,0
validation,xgboost,0,0.002229940379038453,0
validation,xgboost,0,0.0019215616630390286,0
validation,xgboost,0,0.017651962116360664,0
validation,xgboost,0,0.6989670991897583,1
validation,xgboost,0,0.00026653328677639365,0
validation,xgboost,0,0.003885517129674554,0
validation,xgboost,1,0.5553017258644104,1
validation,xgboost,0,0.03778236731886864,0
validation,xgboost,0,0.0013521346263587475,0
validation,xgboost,0,0.2708865702152252,0
validation,xgboost,1,0.8932828307151794,1
validation,xgboost,0,0.18593400716781616,0
validation,xgboost,0,0.46873000264167786,0
validation,xgboost,0,0.0012000998249277472,0
validation,xgboost,0,0.007740099914371967,0
validation,xgboost,0,0.00139457022305578,0
validation,xgboost,0,0.11972829699516296,0
validation,xgboost,0,0.68806391954422,1
validation,xgboost,0,0.0035934096667915583,0
validation,xgboost,0,0.0013332957169041038,0
validation,xgboost,0,0.001978735439479351,0
validation,xgboost,0,0.008522037416696548,0
validation,xgboost,0,0.0008985979366116226,0
validation,xgboost,0,0.0076307798735797405,0
validation,xgboost,0,0.8317888379096985,1
validation,xgboost,0,0.0003207202535122633,0
validation,xgboost,0,0.06931154429912567,0
validation,xgboost,0,0.06737188249826431,0
validation,xgboost,0,0.009410797618329525,0
validation,xgboost,0,0.4310196042060852,0
validation,xgboost,0,0.0018468782072886825,0
validation,xgboost,0,0.16457638144493103,0
validation,xgboost,0,0.17706173658370972,0
validation,xgboost,0,0.015120862051844597,0
validation,xgboost,0,0.0004180197138339281,0
validation,xgboost,0,0.014598367735743523,0
validation,xgboost,1,0.24608013033866882,0
validation,xgboost,0,0.011935462243855,0
validation,xgboost,0,0.027515491470694542,0
validation,xgboost,0,0.22165584564208984,0
validation,xgboost,1,0.5574758648872375,1
validation,xgboost,0,0.01934180222451687,0
validation,xgboost,0,0.005199376959353685,0
validation,xgboost,0,0.04089341685175896,0
validation,xgboost,0,0.0021449762862175703,0
validation,xgboost,0,0.023967845365405083,0
validation,xgboost,0,0.2544691860675812,0
validation,xgboost,0,0.1596771478652954,0
validation,xgboost,0,0.00393286207690835,0
validation,xgboost,0,0.033895738422870636,0
validation,xgboost,0,0.6566969752311707,1
validation,xgboost,0,0.7889955043792725,1
validation,xgboost,0,0.09130548685789108,0
validation,xgboost,1,0.29043200612068176,0
validation,xgboost,0,0.004078146070241928,0
validation,xgboost,0,0.00022671715123578906,0
validation,xgboost,0,0.004298096057027578,0
validation,xgboost,0,0.00023041796521283686,0
validation,xgboost,0,0.0002624907356221229,0
validation,xgboost,0,0.0004132123140152544,0
validation,xgboost,0,0.2836214303970337,0
validation,xgboost,0,0.006589340511709452,0
validation,xgboost,0,0.025082673877477646,0
validation,xgboost,0,0.001210545189678669,0
validation,xgboost,0,0.9671348929405212,1
validation,xgboost,0,0.0013109097490087152,0
validation,xgboost,0,0.008919874206185341,0
validation,xgboost,0,0.0027270670980215073,0
validation,xgboost,0,0.3144068121910095,0
validation,xgboost,0,0.4162663519382477,0
validation,xgboost,0,0.004339609760791063,0
validation,xgboost,0,0.1883973926305771,0
validation,xgboost,0,0.06995696574449539,0
validation,xgboost,0,0.0002722945064306259,0
validation,xgboost,0,0.003336822846904397,0
validation,xgboost,0,0.3108445703983307,0
validation,xgboost,0,0.09944164007902145,0
validation,xgboost,0,0.8013978600502014,1
validation,xgboost,0,0.2761767506599426,0
validation,xgboost,0,0.0001020810886984691,0
validation,xgboost,0,0.0033853030763566494,0
validation,xgboost,0,0.15431034564971924,0
validation,xgboost,0,0.037836361676454544,0
validation,xgboost,0,0.09719589352607727,0
validation,xgboost,0,0.009609720669686794,0
validation,xgboost,0,0.004278840497136116,0
validation,xgboost,1,0.8205556869506836,1
validation,xgboost,0,0.00034942629281431437,0
validation,xgboost,0,0.4250066578388214,0
validation,xgboost,0,0.07214882969856262,0
validation,xgboost,0,0.8700360059738159,1
validation,xgboost,0,0.003408517688512802,0
validation,xgboost,0,0.0021505930926650763,0
validation,xgboost,0,0.07237720489501953,0
validation,xgboost,0,0.0018788643646985292,0
validation,xgboost,0,0.4602474570274353,0
validation,xgboost,0,0.051493871957063675,0
validation,xgboost,0,0.011241539381444454,0
validation,xgboost,0,0.08755919337272644,0
validation,xgboost,1,0.43787825107574463,0
validation,xgboost,0,0.1487138420343399,0
validation,xgboost,1,0.9462797045707703,1
validation,xgboost,0,0.6509579420089722,1
validation,xgboost,0,0.0031016867142170668,0
validation,xgboost,0,0.008011754602193832,0
validation,xgboost,0,0.7814067006111145,1
validation,xgboost,1,0.43491169810295105,0
validation,xgboost,0,0.023054515942931175,0
validation,xgboost,0,0.00014459961676038802,0
validation,xgboost,0,0.102056585252285,0
validation,xgboost,0,0.014998613856732845,0
validation,xgboost,0,0.001981370849534869,0
validation,xgboost,0,0.42863211035728455,0
validation,xgboost,0,0.038068823516368866,0
validation,xgboost,0,0.010272174142301083,0
validation,xgboost,0,0.16011033952236176,0
validation,xgboost,0,0.0006592378485947847,0
validation,xgboost,0,0.08285392075777054,0
validation,xgboost,0,0.062295202165842056,0
validation,xgboost,0,0.12624669075012207,0
validation,xgboost,0,0.4795827269554138,0
validation,xgboost,0,0.00041544981650076807,0
validation,xgboost,0,0.006977374199777842,0
validation,xgboost,0,0.4196845591068268,0
validation,xgboost,0,0.030401553958654404,0
validation,xgboost,0,0.0021965568885207176,0
validation,xgboost,0,0.86002117395401,1
validation,xgboost,0,0.6054834723472595,1
validation,xgboost,0,0.0010757528943940997,0
validation,xgboost,0,0.1935523897409439,0
validation,xgboost,0,0.0024666227400302887,0
validation,xgboost,0,0.000724185025319457,0
validation,xgboost,0,0.0045500947162508965,0
validation,xgboost,0,0.2153746485710144,0
validation,xgboost,0,0.002563538495451212,0
validation,xgboost,0,0.24726836383342743,0
validation,xgboost,0,0.011668771505355835,0
validation,xgboost,0,0.006437272764742374,0
validation,xgboost,0,0.17546288669109344,0
validation,xgboost,0,0.0017295584548264742,0
validation,xgboost,0,0.0003231732698623091,0
validation,xgboost,1,0.2496160864830017,0
validation,xgboost,0,0.04590823873877525,0
validation,xgboost,0,0.003958404995501041,0
validation,xgboost,0,0.004773944150656462,0
validation,xgboost,0,0.07905296981334686,0
validation,xgboost,0,0.0004027613904327154,0
validation,xgboost,1,0.38127532601356506,0
validation,xgboost,0,0.002449378604069352,0
validation,xgboost,0,0.7555035352706909,1
validation,xgboost,0,0.06314288079738617,0
validation,xgboost,0,0.24408213794231415,0
validation,xgboost,0,0.14051860570907593,0
validation,xgboost,0,0.7016787528991699,1
validation,xgboost,0,0.2718364894390106,0
validation,xgboost,0,0.028108689934015274,0
validation,xgboost,0,0.06519580632448196,0
validation,xgboost,1,0.7268819808959961,1
validation,xgboost,0,0.002161229494959116,0
validation,xgboost,0,0.02788512408733368,0
validation,xgboost,0,0.00043738880776800215,0
validation,xgboost,0,0.0018549575470387936,0
validation,xgboost,0,0.5726155638694763,1
validation,xgboost,0,0.0004032342985738069,0
validation,xgboost,0,0.019163191318511963,0
validation,xgboost,0,0.00020048125588800758,0
validation,xgboost,0,0.0003494234406389296,0
validation,xgboost,0,0.0019375188276171684,0
validation,xgboost,0,0.33156129717826843,0
validation,xgboost,1,0.6360459923744202,1
validation,xgboost,0,0.01801885850727558,0
validation,xgboost,1,0.837909460067749,1
validation,xgboost,0,0.5107969641685486,0
validation,xgboost,0,0.0017447592690587044,0
validation,xgboost,0,0.0004616285441443324,0
validation,xgboost,0,0.5794124007225037,1
validation,xgboost,0,0.010510403662919998,0
validation,xgboost,0,0.0008622445166110992,0
validation,xgboost,0,0.0002852278994396329,0
validation,xgboost,0,0.014786386862397194,0
validation,xgboost,0,0.0009307793225161731,0
validation,xgboost,0,0.4532806873321533,0
validation,xgboost,0,0.000593120523262769,0
validation,xgboost,0,0.20122270286083221,0
validation,xgboost,0,0.0037176108453422785,0
validation,xgboost,0,0.45603352785110474,0
validation,xgboost,0,0.00037156252074055374,0
validation,xgboost,1,0.7716467380523682,1
validation,xgboost,0,0.03666270524263382,0
validation,xgboost,1,0.9192548990249634,1
validation,xgboost,0,0.0016602885443717241,0
validation,xgboost,1,0.6518926620483398,1
validation,xgboost,0,0.0023602163419127464,0
validation,xgboost,0,0.001600990304723382,0
validation,xgboost,0,0.0003427850897423923,0
validation,xgboost,0,0.0006564188515767455,0
validation,xgboost,0,0.07423820346593857,0
validation,xgboost,0,0.006544997915625572,0
validation,xgboost,0,0.7945564985275269,1
validation,xgboost,0,0.10559521615505219,0
validation,xgboost,0,0.01021185889840126,0
validation,xgboost,0,0.16506974399089813,0
validation,xgboost,0,0.0004517468623816967,0
validation,xgboost,0,0.0005405133706517518,0
validation,xgboost,0,0.016317380592226982,0
validation,xgboost,0,0.003005044534802437,0
validation,xgboost,1,0.7097957730293274,1
validation,xgboost,0,0.0001265251194126904,0
validation,xgboost,0,0.003947650548070669,0
validation,xgboost,0,7.069331331877038e-05,0
validation,xgboost,0,0.2253653109073639,0
validation,xgboost,0,0.3886604607105255,0
validation,xgboost,0,0.11061082035303116,0
validation,xgboost,0,0.002138975542038679,0
validation,xgboost,0,0.546821117401123,0
validation,xgboost,0,0.00661078467965126,0
validation,xgboost,1,0.11524933576583862,0
validation,xgboost,0,0.02566344477236271,0
validation,xgboost,0,0.004652443807572126,0
validation,xgboost,0,0.008759644813835621,0
validation,xgboost,0,0.677250325679779,1
validation,xgboost,0,0.00017209223005920649,0
validation,xgboost,1,0.46978938579559326,0
validation,xgboost,0,0.003400530433282256,0
validation,xgboost,0,0.006577602121978998,0
validation,xgboost,0,0.000403594080125913,0
validation,xgboost,0,0.14920803904533386,0
validation,xgboost,0,0.0842718556523323,0
validation,xgboost,1,0.6287992000579834,1
validation,xgboost,0,0.5026572346687317,0
validation,xgboost,0,0.0005634513217955828,0
validation,xgboost,0,0.001937256078235805,0
validation,xgboost,0,0.0016116842161864042,0
validation,xgboost,1,0.9185742139816284,1
validation,xgboost,0,0.05264231190085411,0
validation,xgboost,1,0.9450607895851135,1
validation,xgboost,0,0.5356958508491516,0
validation,xgboost,0,0.40749847888946533,0
validation,xgboost,0,0.041253577917814255,0
validation,xgboost,1,0.847572386264801,1
validation,xgboost,1,0.9464612603187561,1
validation,xgboost,0,0.12142938375473022,0
validation,xgboost,0,0.003153429366648197,0
validation,xgboost,0,0.00188999914098531,0
validation,xgboost,0,0.018538327887654305,0
validation,xgboost,0,0.030355334281921387,0
validation,xgboost,0,0.04955026134848595,0
validation,xgboost,0,0.45657604932785034,0
validation,xgboost,0,0.04836278036236763,0
validation,xgboost,1,0.9072226285934448,1
validation,xgboost,0,0.2543450891971588,0
validation,xgboost,0,0.00773539487272501,0
validation,xgboost,1,0.846896767616272,1
validation,xgboost,0,0.0045923832803964615,0
validation,xgboost,0,0.618606448173523,1
validation,xgboost,0,0.00016457495803479105,0
validation,xgboost,1,0.7217584252357483,1
validation,xgboost,0,0.0009658525232225657,0
validation,xgboost,0,0.018573777750134468,0
validation,xgboost,0,0.00018904819444287568,0
validation,xgboost,1,0.852442741394043,1
validation,xgboost,0,0.0420217327773571,0
validation,xgboost,1,0.04983885958790779,0
validation,xgboost,0,0.0029148682951927185,0
validation,xgboost,0,0.4308537244796753,0
validation,xgboost,0,0.013678871095180511,0
validation,xgboost,0,0.02188381738960743,0
validation,xgboost,0,0.005513003561645746,0
validation,xgboost,0,0.9230566024780273,1
validation,xgboost,0,0.07833164930343628,0
validation,xgboost,0,0.9308766722679138,1
validation,xgboost,1,0.6925489902496338,1
validation,xgboost,0,0.002166484482586384,0
validation,xgboost,0,0.04363854229450226,0
validation,xgboost,0,0.0032682460732758045,0
validation,xgboost,1,0.8915508389472961,1
validation,xgboost,0,0.12363746017217636,0
validation,xgboost,0,0.018117448315024376,0
validation,xgboost,0,0.01578226499259472,0
validation,xgboost,0,0.037562012672424316,0
validation,xgboost,0,0.003585441969335079,0
validation,xgboost,0,0.009171918965876102,0
validation,xgboost,0,0.25920990109443665,0
validation,xgboost,1,0.43452033400535583,0
validation,xgboost,0,9.720129310153425e-05,0
validation,xgboost,0,0.05882987752556801,0
validation,xgboost,0,0.0023996583186089993,0
validation,xgboost,0,0.007360584102571011,0
validation,xgboost,0,0.0006717792712152004,0
validation,xgboost,1,0.4309062659740448,0
validation,xgboost,0,0.005929447244852781,0
validation,xgboost,0,0.38721513748168945,0
validation,xgboost,0,0.04602472111582756,0
validation,xgboost,1,0.8122012615203857,1
validation,xgboost,0,0.19308407604694366,0
validation,xgboost,0,0.336688369512558,0
validation,xgboost,0,0.047842010855674744,0
validation,xgboost,0,0.00021505868062376976,0
validation,xgboost,0,0.16147352755069733,0
validation,xgboost,0,0.00015257297491189092,0
validation,xgboost,0,0.004001222550868988,0
validation,xgboost,0,0.00845932587981224,0
validation,xgboost,0,0.0002594173129182309,0
validation,xgboost,0,0.00034428408253006637,0
validation,xgboost,0,0.012099473737180233,0
validation,xgboost,1,0.013667476363480091,0
validation,xgboost,0,0.2793373167514801,0
validation,xgboost,0,0.03208467364311218,0
validation,xgboost,1,0.0962260290980339,0
validation,xgboost,1,0.08433389663696289,0
validation,xgboost,0,0.14262902736663818,0
validation,xgboost,0,0.1417652815580368,0
validation,xgboost,0,0.13193601369857788,0
validation,xgboost,0,0.03254370763897896,0
validation,xgboost,0,0.8049070239067078,1
validation,xgboost,0,0.5415866374969482,0
validation,xgboost,0,0.0010311483638361096,0
validation,xgboost,0,0.00024296005722135305,0
validation,xgboost,0,0.26720619201660156,0
validation,xgboost,0,0.1579591929912567,0
validation,xgboost,0,0.26185157895088196,0
validation,xgboost,0,0.00045656628208234906,0
validation,xgboost,0,0.007386874873191118,0
validation,xgboost,0,0.07219919562339783,0
validation,xgboost,0,0.16683189570903778,0
validation,xgboost,0,0.5094175934791565,0
validation,xgboost,0,0.0018923807656392455,0
validation,xgboost,0,0.0006328150047920644,0
validation,xgboost,0,0.05193828418850899,0
validation,xgboost,0,0.0016173496842384338,0
validation,xgboost,0,0.3636121451854706,0
validation,xgboost,1,0.9318834543228149,1
validation,xgboost,0,0.8206678032875061,1
validation,xgboost,0,0.5432948470115662,0
validation,xgboost,0,0.04093071445822716,0
validation,xgboost,0,0.3426266610622406,0
validation,xgboost,0,0.0012730875751003623,0
validation,xgboost,0,0.6016707420349121,1
validation,xgboost,0,0.061875250190496445,0
validation,xgboost,0,0.05195941776037216,0
validation,xgboost,0,0.19695428013801575,0
validation,xgboost,0,0.002171663334593177,0
validation,xgboost,1,0.9803861975669861,1
validation,xgboost,1,0.4715263247489929,0
validation,xgboost,1,0.7954913377761841,1
validation,xgboost,0,0.02829073928296566,0
validation,xgboost,0,0.00246376171708107,0
validation,xgboost,0,0.0058427853509783745,0
validation,xgboost,1,0.7634769678115845,1
validation,xgboost,0,0.00021518995345104486,0
validation,xgboost,0,0.0015828354516997933,0
validation,xgboost,0,0.003067259443923831,0
validation,xgboost,0,0.17866607010364532,0
validation,xgboost,0,0.4409787356853485,0
validation,xgboost,0,0.058336514979600906,0
validation,xgboost,0,0.015215198509395123,0
validation,xgboost,0,0.0017427555285394192,0
validation,xgboost,0,0.09032616019248962,0
validation,xgboost,0,0.120295949280262,0
validation,xgboost,0,0.0015908972127363086,0
validation,xgboost,0,0.015516279265284538,0
validation,xgboost,0,0.0009065605117939413,0
validation,xgboost,0,0.007572717498987913,0
validation,xgboost,0,0.020897744223475456,0
validation,xgboost,0,0.14157366752624512,0
validation,xgboost,0,0.0032241728622466326,0
validation,xgboost,0,0.1884877234697342,0
validation,xgboost,0,0.00010818431474035606,0
validation,xgboost,0,0.003539924044162035,0
validation,xgboost,0,0.006411559414118528,0
validation,xgboost,0,0.6815631985664368,1
validation,xgboost,0,0.24939848482608795,0
validation,xgboost,1,0.8044740557670593,1
validation,xgboost,0,0.19667300581932068,0
validation,xgboost,0,0.10383882373571396,0
validation,xgboost,0,0.3218247592449188,0
validation,xgboost,0,0.003006835002452135,0
validation,xgboost,0,0.0005455477512441576,0
validation,xgboost,0,9.314734779763967e-05,0
validation,xgboost,0,0.00043917863513343036,0
validation,xgboost,0,0.17607389390468597,0
validation,xgboost,0,0.30587223172187805,0
validation,xgboost,0,0.813875138759613,1
validation,xgboost,0,0.15357638895511627,0
validation,xgboost,0,0.010972847230732441,0
validation,xgboost,0,0.009551524184644222,0
validation,xgboost,1,0.8858572840690613,1
validation,xgboost,0,0.0036870925687253475,0
validation,xgboost,0,0.0012698463397100568,0
validation,xgboost,0,0.00923848431557417,0
validation,xgboost,0,0.29831528663635254,0
validation,xgboost,0,0.03954780474305153,0
validation,xgboost,0,0.002256630687043071,0
validation,xgboost,0,0.021032113581895828,0
validation,xgboost,0,0.014074395410716534,0
validation,xgboost,0,0.050536930561065674,0
validation,xgboost,0,0.6735978722572327,1
validation,xgboost,0,0.00019347478519193828,0
validation,xgboost,0,0.008930734358727932,0
validation,xgboost,0,0.9317516088485718,1
validation,xgboost,0,0.011766399256885052,0
validation,xgboost,0,0.1318354308605194,0
validation,xgboost,0,0.0005682896007783711,0
validation,xgboost,0,0.854532778263092,1
validation,xgboost,0,0.004843460395932198,0
validation,xgboost,0,0.5731686353683472,1
validation,xgboost,0,0.00029993787757121027,0
validation,xgboost,1,0.9320304989814758,1
validation,xgboost,0,0.8838651180267334,1
validation,xgboost,0,0.2821888327598572,0
validation,xgboost,1,0.7192847728729248,1
validation,xgboost,1,0.6712311506271362,1
validation,xgboost,0,0.00016016555309761316,0
validation,xgboost,0,0.05766332522034645,0
validation,xgboost,0,0.0007110477308742702,0
validation,xgboost,0,0.004149231594055891,0
validation,xgboost,0,0.00018944409384857863,0
validation,xgboost,0,0.20999154448509216,0
validation,xgboost,0,0.0013844663044437766,0
validation,xgboost,0,0.001323448377661407,0
validation,xgboost,0,0.4832327961921692,0
validation,xgboost,0,0.022187622264027596,0
validation,xgboost,0,0.007608144544064999,0
validation,xgboost,0,0.0003241857048124075,0
validation,xgboost,0,0.0003198994090780616,0
validation,xgboost,1,0.25924721360206604,0
validation,xgboost,0,0.0018063035095110536,0
validation,xgboost,1,0.14600415527820587,0
validation,xgboost,1,0.6740803718566895,1
validation,xgboost,0,0.0016281938878819346,0
validation,xgboost,0,0.053522881120443344,0
validation,xgboost,0,0.00022792461095377803,0
validation,xgboost,0,0.02659877948462963,0
validation,xgboost,0,0.00018601989722810686,0
validation,xgboost,1,0.15689168870449066,0
validation,xgboost,0,0.0020821550861001015,0
validation,xgboost,1,0.6965311169624329,1
validation,xgboost,0,0.0001528178690932691,0
validation,xgboost,0,0.00039182917680591345,0
validation,xgboost,0,0.0990753248333931,0
validation,xgboost,0,0.0007600192911922932,0
validation,xgboost,0,0.0008071773918345571,0
validation,xgboost,0,0.41317957639694214,0
validation,xgboost,0,0.00023686325585003942,0
validation,xgboost,0,0.8489223122596741,1
validation,xgboost,0,0.0016087866388261318,0
validation,xgboost,0,0.0023076070938259363,0
validation,xgboost,0,0.0038571071345359087,0
validation,xgboost,1,0.9882737398147583,1
validation,xgboost,0,0.00036578939761966467,0
validation,xgboost,0,0.0033549643121659756,0
validation,xgboost,0,0.0005516672390513122,0
validation,xgboost,0,0.0004908918053843081,0
validation,xgboost,1,0.8864113688468933,1
validation,xgboost,0,0.00018877639377024025,0
validation,xgboost,0,0.004391131456941366,0
validation,xgboost,0,0.015685483813285828,0
validation,xgboost,1,0.6825723052024841,1
validation,xgboost,0,0.00022528786212205887,0
validation,xgboost,1,0.9337052702903748,1
validation,xgboost,0,0.8502970337867737,1
validation,xgboost,1,0.6086146235466003,1
validation,xgboost,0,0.2938651144504547,0
validation,xgboost,0,0.149438738822937,0
validation,xgboost,0,0.04550936818122864,0
validation,xgboost,0,0.005955437198281288,0
validation,xgboost,0,0.00020956974185537547,0
validation,xgboost,0,0.22976091504096985,0
validation,xgboost,0,0.000283125729765743,0
validation,xgboost,0,0.0010706837056204677,0
validation,xgboost,0,0.016074439510703087,0
validation,xgboost,0,0.0005648310761898756,0
validation,xgboost,0,0.9322457313537598,1
validation,xgboost,0,0.6649640798568726,1
validation,xgboost,1,0.2745249271392822,0
validation,xgboost,0,0.04079325497150421,0
validation,xgboost,0,0.01953253522515297,0
validation,xgboost,0,0.00035214723902754486,0
validation,xgboost,0,0.00045048969332128763,0
validation,xgboost,0,0.5846072435379028,1
validation,xgboost,0,0.010533190332353115,0
validation,xgboost,1,0.9723332524299622,1
validation,xgboost,0,0.2202891707420349,0
validation,xgboost,1,0.6397726535797119,1
validation,xgboost,0,0.001898296526633203,0
validation,xgboost,1,0.9453999996185303,1
validation,xgboost,0,7.63684802222997e-05,0
validation,xgboost,0,0.10120046883821487,0
validation,xgboost,0,0.09443812072277069,0
validation,xgboost,0,0.2659252882003784,0
validation,xgboost,0,0.003391455626115203,0
validation,xgboost,0,0.015368284657597542,0
validation,xgboost,0,0.0010034522274509072,0
validation,xgboost,0,0.0034812267404049635,0
validation,xgboost,0,0.007687207777053118,0
validation,xgboost,0,0.0018993039848282933,0
validation,xgboost,0,0.0008309586555697024,0
validation,xgboost,0,0.006442005280405283,0
validation,xgboost,1,0.607201874256134,1
validation,xgboost,0,0.0007553008617833257,0
validation,xgboost,0,0.5308109521865845,0
validation,xgboost,0,0.0002341282379347831,0
validation,xgboost,0,0.0025682710111141205,0
validation,xgboost,1,0.5949918627738953,1
validation,xgboost,0,0.0011973087675869465,0
validation,xgboost,0,0.043809887021780014,0
validation,xgboost,0,0.005543706938624382,0
validation,xgboost,0,0.013796175830066204,0
validation,xgboost,1,0.8632360696792603,1
validation,xgboost,0,0.0009084412595257163,0
validation,xgboost,1,0.7398644685745239,1
validation,xgboost,0,0.10161717236042023,0
validation,xgboost,0,0.011903154663741589,0
validation,xgboost,0,0.00017367192776873708,0
validation,xgboost,0,0.0033251952845603228,0
validation,xgboost,0,0.07549475133419037,0
validation,xgboost,0,0.0066919950768351555,0
validation,xgboost,0,0.3579118549823761,0
validation,xgboost,1,0.9605690240859985,1
validation,xgboost,1,0.9578142166137695,1
validation,xgboost,0,0.002550313249230385,0
validation,xgboost,0,0.00021269661374390125,0
validation,xgboost,0,0.012660740874707699,0
validation,xgboost,0,0.014538837596774101,0
validation,xgboost,0,0.056658174842596054,0
validation,xgboost,0,0.00017999349802266806,0
validation,xgboost,0,0.0013665701262652874,0
validation,xgboost,0,0.011909415014088154,0
validation,xgboost,0,0.007632603403180838,0
validation,xgboost,0,0.06455472111701965,0
validation,xgboost,0,0.0025844182819128036,0
validation,xgboost,0,0.001606932608410716,0
validation,xgboost,0,0.00019369037181604654,0
validation,xgboost,0,0.001885180245153606,0
validation,xgboost,0,0.014349832199513912,0
validation,xgboost,0,0.28970807790756226,0
validation,xgboost,0,0.00019410837558098137,0
validation,xgboost,0,0.7743992209434509,1
validation,xgboost,0,0.00026967268786393106,0
validation,xgboost,0,0.04110739007592201,0
validation,xgboost,0,0.06954654306173325,0
validation,xgboost,0,0.030599351972341537,0
validation,xgboost,0,0.02659599669277668,0
validation,xgboost,0,0.055788103491067886,0
validation,xgboost,0,0.04386439174413681,0
validation,xgboost,1,0.9734001755714417,1
validation,xgboost,0,0.005909505765885115,0
validation,xgboost,0,0.007866938598453999,0
validation,xgboost,0,0.003535716561600566,0
validation,xgboost,1,0.31378090381622314,0
validation,xgboost,0,0.001049590646289289,0
validation,xgboost,0,0.2591407597064972,0
validation,xgboost,0,0.0008554729865863919,0
validation,xgboost,0,0.02376878447830677,0
validation,xgboost,0,0.05435490235686302,0
validation,xgboost,0,0.3715883493423462,0
validation,xgboost,0,0.020380007103085518,0
validation,xgboost,0,0.020317725837230682,0
validation,xgboost,0,0.0009214754099957645,0
validation,xgboost,0,0.012300937436521053,0
validation,xgboost,0,0.01086443942040205,0
validation,xgboost,1,0.8822986483573914,1
validation,xgboost,0,0.00017742357158567756,0
validation,xgboost,0,0.2715672552585602,0
validation,xgboost,0,0.0007594526978209615,0
validation,xgboost,0,0.17869699001312256,0
validation,xgboost,0,0.5979290008544922,1
validation,xgboost,0,0.004272147081792355,0
validation,xgboost,0,0.0025831072125583887,0
validation,xgboost,0,0.06545183807611465,0
validation,xgboost,0,0.03835655376315117,0
validation,xgboost,1,0.11299651116132736,0
validation,xgboost,0,0.0026378463953733444,0
validation,xgboost,0,0.7209945917129517,1
validation,xgboost,0,0.35328197479248047,0
validation,xgboost,0,0.012995891273021698,0
validation,xgboost,0,0.775007963180542,1
validation,xgboost,0,0.00043671741150319576,0
validation,xgboost,0,0.03177109360694885,0
validation,xgboost,0,0.2616983652114868,0
validation,xgboost,0,0.46585291624069214,0
validation,xgboost,1,0.8979032635688782,1
validation,xgboost,0,0.001769320690073073,0
validation,xgboost,0,0.781015932559967,1
validation,xgboost,0,0.42006969451904297,0
validation,xgboost,0,0.03170182555913925,0
validation,xgboost,0,0.3793985843658447,0
validation,xgboost,0,0.022350143641233444,0
validation,xgboost,0,0.00263971253298223,0
validation,xgboost,0,0.21193474531173706,0
validation,xgboost,0,0.1540258526802063,0
validation,xgboost,0,0.0062965634278953075,0
validation,xgboost,0,0.011864077299833298,0
validation,xgboost,0,0.6821953654289246,1
validation,xgboost,0,0.5254573822021484,0
validation,xgboost,0,0.010267744772136211,0
validation,xgboost,1,0.12105496972799301,0
validation,xgboost,0,0.1537787914276123,0
validation,xgboost,0,0.020808756351470947,0
validation,xgboost,0,0.044900745153427124,0
validation,xgboost,1,0.7588012218475342,1
validation,xgboost,0,0.013194064609706402,0
validation,xgboost,0,0.09518489986658096,0
validation,xgboost,0,0.03979509323835373,0
validation,xgboost,0,0.1483275443315506,0
validation,xgboost,0,0.007740385364741087,0
validation,xgboost,1,0.4369925558567047,0
validation,xgboost,1,0.8426380753517151,1
validation,xgboost,0,0.010082859545946121,0
validation,xgboost,0,0.021359307691454887,0
validation,xgboost,0,0.30754363536834717,0
validation,xgboost,0,0.014084276743233204,0
validation,xgboost,0,0.001262989011593163,0
validation,xgboost,0,0.001229011919349432,0
validation,xgboost,0,0.00036511162761598825,0
validation,xgboost,0,0.0016619839007034898,0
validation,xgboost,0,0.01061095017939806,0
validation,xgboost,0,0.001478377147577703,0
validation,xgboost,0,0.0020859800279140472,0
validation,xgboost,1,0.9661831855773926,1
validation,xgboost,0,0.0003888673090841621,0
validation,xgboost,0,0.011114353314042091,0
validation,xgboost,1,0.48803243041038513,0
validation,xgboost,0,0.4734593629837036,0
validation,xgboost,0,0.4489689767360687,0
validation,xgboost,0,0.007498307153582573,0
validation,xgboost,0,0.012701952829957008,0
validation,xgboost,0,0.0014391422737389803,0
validation,xgboost,0,0.010988248512148857,0
validation,xgboost,0,0.06567038595676422,0
validation,xgboost,0,0.010180165059864521,0
validation,xgboost,0,0.5048106908798218,0
validation,xgboost,0,0.015614832751452923,0
validation,xgboost,0,0.0028109028935432434,0
validation,xgboost,0,0.0004013920552097261,0
validation,xgboost,0,0.00024672423023730516,0
validation,xgboost,0,0.2882349491119385,0
validation,xgboost,0,0.00021273961465340108,0
validation,xgboost,0,0.004754344932734966,0
validation,xgboost,0,0.009995723143219948,0
validation,xgboost,1,0.7561776041984558,1
validation,xgboost,1,0.9147841334342957,1
validation,xgboost,0,0.03227123245596886,0
validation,xgboost,0,0.7091951966285706,1
validation,xgboost,0,0.06138703599572182,0
validation,xgboost,0,0.003804581006988883,0
validation,xgboost,0,0.8070926070213318,1
validation,xgboost,0,7.204909343272448e-05,0
validation,xgboost,0,0.003427492454648018,0
validation,xgboost,0,0.011996488086879253,0
validation,xgboost,0,0.012512939050793648,0
validation,xgboost,0,0.3322044909000397,0
validation,xgboost,1,0.8418797850608826,1
validation,xgboost,0,0.00914548896253109,0
validation,xgboost,0,0.0003089848905801773,0
validation,xgboost,0,0.0016466028755530715,0
validation,xgboost,0,0.00013875329750590026,0
validation,xgboost,0,0.42651766538619995,0
validation,xgboost,1,0.9424217343330383,1
validation,xgboost,0,0.0004771006351802498,0
validation,xgboost,0,0.22220778465270996,0
validation,xgboost,1,0.9176138043403625,1
validation,xgboost,1,0.0023294195998460054,0
validation,xgboost,0,0.018453042954206467,0
validation,xgboost,1,0.06595224887132645,0
validation,xgboost,0,0.6918329000473022,1
validation,xgboost,1,0.8838678598403931,1
validation,xgboost,0,0.022471226751804352,0
validation,xgboost,0,0.6071272492408752,1
validation,xgboost,0,0.24871724843978882,0
validation,xgboost,1,0.9378771781921387,1
validation,xgboost,0,0.004156318958848715,0
validation,xgboost,0,0.001908730249851942,0
validation,xgboost,1,0.05903593823313713,0
validation,xgboost,0,0.008616004139184952,0
validation,xgboost,0,0.00024368736194446683,0
validation,xgboost,1,0.9964639544487,1
validation,xgboost,0,0.38284730911254883,0
validation,xgboost,0,0.004229851998388767,0
validation,xgboost,0,0.011646252125501633,0
validation,xgboost,0,0.12009161710739136,0
validation,xgboost,0,0.010043385438621044,0
validation,xgboost,0,0.0002120365243172273,0
validation,xgboost,0,0.709031343460083,1
validation,xgboost,0,0.21544791758060455,0
validation,xgboost,0,0.9014164805412292,1
validation,xgboost,0,0.012800710275769234,0
validation,xgboost,0,0.01093877200037241,0
validation,xgboost,0,0.000261620240053162,0
validation,xgboost,0,0.0002864121925085783,0
validation,xgboost,0,0.6157689690589905,1
validation,xgboost,0,0.6524643301963806,1
validation,xgboost,0,0.0002594398392830044,0
validation,xgboost,0,0.15895093977451324,0
validation,xgboost,0,0.0032751718536019325,0
validation,xgboost,0,0.008570622652769089,0
validation,xgboost,0,0.00899398885667324,0
validation,xgboost,1,0.8159503936767578,1
validation,xgboost,0,0.0027507739141583443,0
validation,xgboost,0,0.28320780396461487,0
validation,xgboost,0,0.002140321535989642,0
validation,xgboost,0,0.10073687136173248,0
validation,xgboost,0,0.0792195275425911,0
validation,xgboost,0,0.07001259922981262,0
validation,xgboost,0,0.15208035707473755,0
validation,xgboost,0,0.04986230283975601,0
validation,xgboost,0,0.0036289230920374393,0
validation,xgboost,0,0.2857168912887573,0
validation,xgboost,0,0.8882249593734741,1
validation,xgboost,0,0.0002784506359603256,0
validation,xgboost,0,0.0006671914597973228,0
validation,xgboost,0,0.503154993057251,0
validation,xgboost,0,0.26304125785827637,0
validation,xgboost,0,0.015202670358121395,0
validation,xgboost,0,0.5286391377449036,0
validation,xgboost,0,0.0027720595244318247,0
validation,xgboost,0,0.49323683977127075,0
validation,xgboost,1,0.9298386573791504,1
validation,xgboost,0,0.0345282219350338,0
validation,xgboost,0,0.027429115027189255,0
validation,xgboost,0,0.026272408664226532,0
validation,xgboost,0,0.009733842685818672,0
validation,xgboost,0,0.061078015714883804,0
validation,xgboost,0,0.0017345431260764599,0
validation,xgboost,0,0.8601621985435486,1
validation,xgboost,0,0.04672917351126671,0
validation,xgboost,0,0.004354062490165234,0
validation,xgboost,0,0.7099829316139221,1
validation,xgboost,0,0.3884420394897461,0
validation,xgboost,0,0.06101330369710922,0
validation,xgboost,1,0.9871078133583069,1
validation,xgboost,0,0.05589936673641205,0
validation,xgboost,0,0.0007882846402935684,0
validation,xgboost,0,0.0011118598049506545,0
validation,xgboost,0,0.02280333824455738,0
validation,xgboost,1,0.961682140827179,1
validation,xgboost,0,0.33109593391418457,0
validation,xgboost,0,0.002978724893182516,0
validation,xgboost,0,0.19776712357997894,0
validation,xgboost,0,0.015074044466018677,0
validation,xgboost,1,0.3165295720100403,0
validation,xgboost,0,0.029410434886813164,0
validation,xgboost,0,0.016563262790441513,0
validation,xgboost,0,0.18452288210391998,0
validation,xgboost,0,0.004287851508706808,0
validation,xgboost,0,0.004062523599714041,0
validation,xgboost,0,0.5337257981300354,0
validation,xgboost,0,0.0016395406564697623,0
validation,xgboost,0,0.1723097264766693,0
validation,xgboost,0,0.79390549659729,1
validation,xgboost,0,0.003972954582422972,0
validation,xgboost,0,0.0017158458940684795,0
validation,xgboost,0,0.18481677770614624,0
validation,xgboost,0,0.07869430631399155,0
validation,xgboost,0,0.008770863525569439,0
validation,xgboost,1,0.9760701060295105,1
validation,xgboost,0,0.01681147888302803,0
validation,xgboost,0,0.974312424659729,1
validation,xgboost,0,0.9623146057128906,1
validation,xgboost,1,0.965759813785553,1
validation,xgboost,0,0.0004155488277319819,0
validation,xgboost,0,0.0012913363752886653,0
validation,xgboost,0,0.10429644584655762,0
validation,xgboost,0,0.008952124044299126,0
validation,xgboost,0,0.0006532814586535096,0
validation,xgboost,0,0.0833098366856575,0
validation,xgboost,1,0.15972475707530975,0
validation,xgboost,0,0.9107925295829773,1
validation,xgboost,0,0.023102158680558205,0
validation,xgboost,0,0.011692524887621403,0
validation,xgboost,0,0.0443427599966526,0
validation,xgboost,0,0.01154906116425991,0
validation,xgboost,0,0.004322816152125597,0
validation,xgboost,1,0.938178300857544,1
validation,xgboost,0,0.00016881010378710926,0
validation,xgboost,0,0.6938979029655457,1
validation,xgboost,0,0.0022449104581028223,0
validation,xgboost,0,0.00044873994193039834,0
validation,xgboost,1,0.11702235788106918,0
validation,xgboost,0,0.03784564137458801,0
validation,xgboost,0,0.9421858191490173,1
validation,xgboost,0,0.0001304768375121057,0
validation,xgboost,0,0.001112816738896072,0
validation,xgboost,0,0.1367531567811966,0
validation,xgboost,0,0.0008933136705309153,0
validation,xgboost,1,0.7511757612228394,1
validation,xgboost,0,0.0016188964946195483,0
validation,xgboost,0,0.023088635876774788,0
validation,xgboost,0,0.29572242498397827,0
validation,xgboost,0,0.07595173269510269,0
validation,xgboost,0,0.03184538707137108,0
validation,xgboost,1,0.5301516652107239,0
validation,xgboost,0,0.0021653911098837852,0
validation,xgboost,0,0.02961117774248123,0
validation,xgboost,0,0.0003084039199166,0
validation,xgboost,0,0.016911400482058525,0
validation,xgboost,0,0.4849346876144409,0
validation,xgboost,0,0.0005879819509573281,0
validation,xgboost,0,0.00016070478886831552,0
validation,xgboost,0,0.0003148654359392822,0
validation,xgboost,0,0.00028414954431355,0
validation,xgboost,1,0.7671030163764954,1
validation,xgboost,1,0.750171422958374,1
validation,xgboost,1,0.7119072079658508,1
validation,xgboost,0,0.7101962566375732,1
validation,xgboost,0,0.03793571889400482,0
validation,xgboost,0,0.00012963157496415079,0
validation,xgboost,0,0.4934975802898407,0
validation,xgboost,0,0.5113697052001953,0
validation,xgboost,0,0.00031039590248838067,0
validation,xgboost,0,0.003370288060978055,0
validation,xgboost,0,0.021762393414974213,0
validation,xgboost,0,0.00015032626106403768,0
validation,xgboost,1,0.08713018149137497,0
validation,xgboost,1,0.9172303080558777,1
validation,xgboost,1,0.9913023710250854,1
validation,xgboost,0,0.06557835638523102,0
validation,xgboost,0,0.0012406919850036502,0
validation,xgboost,0,0.7315250635147095,1
validation,xgboost,0,0.005153158213943243,0
validation,xgboost,0,0.03956969082355499,0
validation,xgboost,1,0.8936592936515808,1
validation,xgboost,0,0.22007526457309723,0
validation,xgboost,0,0.007935005240142345,0
validation,xgboost,0,0.0019146723207086325,0
validation,xgboost,0,0.06890252977609634,0
validation,xgboost,0,0.7025128602981567,1
validation,xgboost,0,0.00691419979557395,0
validation,xgboost,0,0.21686935424804688,0
validation,xgboost,0,0.028216684237122536,0
validation,xgboost,0,0.5550863146781921,1
validation,xgboost,0,0.002915085991844535,0
validation,xgboost,0,0.0003492796968203038,0
validation,xgboost,0,0.017308730632066727,0
validation,xgboost,1,0.23354506492614746,0
validation,xgboost,0,0.05022428184747696,0
validation,xgboost,0,0.0877758339047432,0
validation,xgboost,1,0.5955669283866882,1
validation,xgboost,0,0.0012166504748165607,0
validation,xgboost,0,0.01856623776257038,0
validation,xgboost,0,0.004334513563662767,0
validation,xgboost,0,0.07630369812250137,0
validation,xgboost,0,0.22485345602035522,0
validation,xgboost,0,0.07573658972978592,0
validation,xgboost,0,0.7004954218864441,1
validation,xgboost,0,0.1256190985441208,0
validation,xgboost,1,0.8637434244155884,1
validation,xgboost,0,0.0001739870203891769,0
validation,xgboost,0,0.17615997791290283,0
validation,xgboost,0,0.20897042751312256,0
validation,xgboost,1,0.6847953796386719,1
validation,xgboost,0,0.015076740644872189,0
validation,xgboost,1,0.8602102994918823,1
validation,xgboost,0,0.011522553861141205,0
validation,xgboost,0,0.270137757062912,0
validation,xgboost,0,0.6270092725753784,1
validation,xgboost,0,0.0007227006717585027,0
validation,xgboost,0,0.0005619584699161351,0
validation,xgboost,0,0.0029524473939090967,0
validation,xgboost,0,0.046884458512067795,0
validation,xgboost,0,0.09071411192417145,0
validation,xgboost,0,0.3296795189380646,0
validation,xgboost,0,0.30201536417007446,0
validation,xgboost,1,0.8906490802764893,1
validation,xgboost,0,0.10539810359477997,0
validation,xgboost,0,0.19420912861824036,0
validation,xgboost,1,0.037886135280132294,0
validation,xgboost,0,0.017296480014920235,0
validation,xgboost,1,0.9789158701896667,1
validation,xgboost,0,0.010381301864981651,0
validation,xgboost,0,0.313019722700119,0
validation,xgboost,0,0.3956524431705475,0
validation,xgboost,0,0.07701398432254791,0
validation,xgboost,0,0.00017253239639103413,0
validation,xgboost,0,0.08995340764522552,0
validation,xgboost,0,0.32660555839538574,0
validation,xgboost,0,0.000256992963841185,0
validation,xgboost,0,0.0013889835681766272,0
validation,xgboost,0,0.041046421974897385,0
validation,xgboost,0,0.05612736940383911,0
validation,xgboost,0,0.08747221529483795,0
validation,xgboost,1,0.9306302666664124,1
validation,xgboost,0,0.00048317224718630314,0
validation,xgboost,0,0.25250425934791565,0
validation,xgboost,0,0.0009366656304337084,0
validation,xgboost,0,0.00029669786454178393,0
validation,xgboost,0,0.011462943628430367,0
validation,xgboost,0,0.030499063432216644,0
validation,xgboost,0,0.022570958361029625,0
validation,xgboost,0,0.00015379276010207832,0
validation,xgboost,0,0.026193156838417053,0
validation,xgboost,0,0.20966081321239471,0
validation,xgboost,0,0.001534147304482758,0
validation,xgboost,0,0.2796401083469391,0
validation,xgboost,0,0.002680237405002117,0
validation,xgboost,0,0.9308838844299316,1
validation,xgboost,0,0.00022555823670700192,0
validation,xgboost,0,0.0008376656915061176,0
validation,xgboost,0,0.11911164224147797,0
validation,xgboost,0,0.025674935430288315,0
validation,xgboost,0,0.12500187754631042,0
validation,xgboost,0,0.006733294576406479,0
validation,xgboost,0,0.007213164586573839,0
validation,xgboost,0,0.00882711447775364,0
validation,xgboost,0,0.0026834486052393913,0
validation,xgboost,0,0.5240609645843506,0
validation,xgboost,0,0.809116542339325,1
validation,xgboost,0,0.001088431105017662,0
validation,xgboost,0,0.0011799593921750784,0
validation,xgboost,0,0.007235431578010321,0
validation,xgboost,0,0.002588683506473899,0
validation,xgboost,0,0.2348065823316574,0
validation,xgboost,1,0.985305905342102,1
validation,xgboost,0,0.002025168389081955,0
validation,xgboost,0,0.0013783100293949246,0
validation,xgboost,0,0.002712191781029105,0
validation,xgboost,1,0.9849265813827515,1
validation,xgboost,1,0.9345371127128601,1
validation,xgboost,0,0.42096763849258423,0
validation,xgboost,0,0.005487041547894478,0
validation,xgboost,0,0.09104874730110168,0
validation,xgboost,0,0.7803335189819336,1
validation,xgboost,0,0.022413261234760284,0
validation,xgboost,0,0.003881969954818487,0
validation,xgboost,0,0.005798308178782463,0
validation,xgboost,0,0.8786418437957764,1
validation,xgboost,0,0.0015139298047870398,0
validation,xgboost,0,0.0009065717458724976,0
validation,xgboost,0,0.025220753625035286,0
validation,xgboost,0,0.2616299092769623,0
validation,xgboost,0,0.0008388418355025351,0
validation,xgboost,0,0.12129990011453629,0
validation,xgboost,0,0.003522497834637761,0
validation,xgboost,0,0.0004314198449719697,0
validation,xgboost,0,0.6486548781394958,1
validation,xgboost,0,0.8691940307617188,1
validation,xgboost,0,0.001754215219989419,0
validation,xgboost,1,0.8076269030570984,1
validation,xgboost,0,0.49250030517578125,0
validation,xgboost,0,0.010254711844027042,0
validation,xgboost,0,0.0009485218324698508,0
validation,xgboost,1,0.09810394048690796,0
validation,xgboost,0,0.005644731689244509,0
validation,xgboost,0,0.0001694298116490245,0
validation,xgboost,0,0.027083534747362137,0
validation,xgboost,0,0.022677958011627197,0
validation,xgboost,1,0.9768316149711609,1
validation,xgboost,0,0.10925628989934921,0
validation,xgboost,0,0.0080894585698843,0
validation,xgboost,0,0.4111674427986145,0
validation,xgboost,0,0.0013173781335353851,0
validation,xgboost,0,5.55864316993393e-05,0
validation,xgboost,0,0.0016303089214488864,0
validation,xgboost,0,0.230105459690094,0
validation,xgboost,0,0.023400047793984413,0
validation,xgboost,0,0.041489675641059875,0
validation,xgboost,0,0.012075132690370083,0
validation,xgboost,0,0.3400418162345886,0
validation,xgboost,0,0.0001982758694794029,0
validation,xgboost,1,0.9665244817733765,1
validation,xgboost,0,0.0012782119447365403,0
validation,xgboost,1,0.9886306524276733,1
validation,xgboost,1,0.28071871399879456,0
validation,xgboost,0,0.00012823114229831845,0
validation,xgboost,0,0.015809440985322,0
validation,xgboost,0,0.9703807830810547,1
validation,xgboost,0,0.0033462876453995705,0
validation,xgboost,0,0.3033030331134796,0
validation,xgboost,0,0.028881343081593513,0
validation,xgboost,0,0.0023589704651385546,0
validation,xgboost,0,0.41618186235427856,0
validation,xgboost,0,0.19662001729011536,0
validation,xgboost,0,0.004103388637304306,0
validation,xgboost,0,0.00019096005416940898,0
validation,xgboost,0,0.0003397988621145487,0
validation,xgboost,0,0.0554928183555603,0
validation,xgboost,1,0.912884533405304,1
validation,xgboost,0,0.043214522302150726,0
validation,xgboost,1,0.800973117351532,1
validation,xgboost,0,0.005685968790203333,0
validation,xgboost,1,0.5845887660980225,1
validation,xgboost,0,0.6044823527336121,1
validation,xgboost,1,0.3870917558670044,0
validation,xgboost,0,0.02812235802412033,0
validation,xgboost,1,0.13469098508358002,0
validation,xgboost,0,0.00019780096772592515,0
validation,xgboost,0,0.10971971601247787,0
validation,xgboost,0,0.07503562420606613,0
validation,xgboost,0,0.00022520110360346735,0
validation,xgboost,0,0.007639487273991108,0
validation,xgboost,0,0.01345357857644558,0
validation,xgboost,0,0.08193248510360718,0
validation,xgboost,0,0.00312228430993855,0
validation,xgboost,0,0.008284982293844223,0
validation,xgboost,1,0.9019718766212463,1
validation,xgboost,1,0.009318077936768532,0
validation,xgboost,0,0.001480656093917787,0
validation,xgboost,0,0.00045485279406420887,0
validation,xgboost,0,0.3519221544265747,0
validation,xgboost,0,0.04619686305522919,0
validation,xgboost,0,0.9196552634239197,1
validation,xgboost,0,0.8546549081802368,1
validation,xgboost,0,0.9368932843208313,1
validation,xgboost,1,0.2815651595592499,0
validation,xgboost,0,0.0015002533327788115,0
validation,xgboost,0,0.006182975601404905,0
validation,xgboost,0,0.00017832417506724596,0
validation,xgboost,0,0.09258292615413666,0
validation,xgboost,1,0.10788613557815552,0
validation,xgboost,1,0.968449056148529,1
validation,xgboost,0,0.004200959112495184,0
validation,xgboost,0,0.0009337403462268412,0
validation,xgboost,1,0.32142600417137146,0
validation,xgboost,0,0.0013996949419379234,0
validation,xgboost,0,0.0029249945655465126,0
validation,xgboost,0,0.00014846456178929657,0
validation,xgboost,0,0.8364073634147644,1
validation,xgboost,0,0.06623770296573639,0
validation,xgboost,0,0.0024406048469245434,0
validation,xgboost,0,0.0011582435108721256,0
validation,xgboost,0,0.8738421201705933,1
validation,xgboost,0,0.0006609269767068326,0
validation,xgboost,0,0.02218947745859623,0
validation,xgboost,1,0.9467544555664062,1
validation,xgboost,0,0.004447516053915024,0
validation,xgboost,0,0.003860655939206481,0
validation,xgboost,0,0.004921999294310808,0
validation,xgboost,0,0.008365974761545658,0
validation,xgboost,0,0.8775200247764587,1
validation,xgboost,0,0.09254659712314606,0
validation,xgboost,0,0.8831270933151245,1
validation,xgboost,0,0.010762248188257217,0
validation,xgboost,0,0.0021499432623386383,0
validation,xgboost,1,0.12014336884021759,0
validation,xgboost,0,0.0054394942708313465,0
validation,xgboost,0,0.001664178678765893,0
validation,xgboost,0,0.008698518387973309,0
validation,xgboost,0,0.0045042517594993114,0
validation,xgboost,1,0.599077045917511,1
validation,xgboost,0,0.039353083819150925,0
validation,xgboost,0,0.04010818898677826,0
validation,xgboost,0,0.0028464600909501314,0
validation,xgboost,1,0.5274562239646912,0
validation,xgboost,0,0.0035273232497274876,0
validation,xgboost,0,0.15556688606739044,0
validation,xgboost,0,0.0029741262551397085,0
validation,xgboost,0,0.00417471444234252,0
validation,xgboost,1,0.01834636740386486,0
validation,xgboost,0,0.35517066717147827,0
validation,xgboost,1,0.9183321595191956,1
validation,xgboost,0,7.424497744068503e-05,0
validation,xgboost,0,8.008173608686775e-05,0
validation,xgboost,0,0.13278527557849884,0
validation,xgboost,1,0.06602185219526291,0
validation,xgboost,0,0.00016132659220602363,0
validation,xgboost,0,0.0010419550817459822,0
validation,xgboost,0,0.31755369901657104,0
validation,xgboost,0,0.0006966959335841238,0
validation,xgboost,0,0.00030507714836858213,0
validation,xgboost,0,0.009950915351510048,0
validation,xgboost,1,0.9956170320510864,1
validation,xgboost,0,0.00016489696281496435,0
validation,xgboost,0,0.010808579623699188,0
validation,xgboost,0,0.00011546780297067016,0
validation,xgboost,0,0.08191549777984619,0
validation,xgboost,0,0.009248475544154644,0
validation,xgboost,0,0.052981700748205185,0
validation,xgboost,0,0.03169289603829384,0
validation,xgboost,0,0.4065648317337036,0
validation,xgboost,0,0.00039695872692391276,0
validation,xgboost,0,0.00021570309763774276,0
validation,xgboost,0,0.0018528159707784653,0
validation,xgboost,0,0.015015383251011372,0
validation,xgboost,0,0.00028777364059351385,0
validation,xgboost,0,0.009956365451216698,0
validation,xgboost,0,0.21471162140369415,0
validation,xgboost,0,0.29570472240448,0
validation,xgboost,0,0.6830282807350159,1
validation,xgboost,1,0.8348774313926697,1
validation,xgboost,1,0.9363737106323242,1
validation,xgboost,0,0.0013958372874185443,0
validation,xgboost,0,0.004228634759783745,0
validation,xgboost,1,0.889569103717804,1
validation,xgboost,1,0.8151987791061401,1
validation,xgboost,0,0.02214898355305195,0
validation,xgboost,0,0.00013355289411265403,0
validation,xgboost,0,0.7375531792640686,1
validation,xgboost,0,0.007566387299448252,0
validation,xgboost,0,0.0012745375279337168,0
validation,xgboost,1,0.6662124991416931,1
validation,xgboost,1,0.40255799889564514,0
validation,xgboost,0,0.1290900558233261,0
validation,xgboost,0,0.028522560372948647,0
validation,xgboost,0,0.0013489511329680681,0
validation,xgboost,0,0.6240317821502686,1
validation,xgboost,0,0.15504178404808044,0
validation,xgboost,0,0.10335526615381241,0
validation,xgboost,0,0.0012261635856702924,0
validation,xgboost,0,0.2943861782550812,0
validation,xgboost,0,0.015898996964097023,0
validation,xgboost,0,0.06854228675365448,0
validation,xgboost,0,0.0007127746939659119,0
validation,xgboost,0,0.016703253611922264,0
validation,xgboost,1,0.5278252959251404,0
validation,xgboost,0,0.001080106827430427,0
validation,xgboost,1,0.802903413772583,1
validation,xgboost,1,0.919673502445221,1
validation,xgboost,0,0.0005524712614715099,0
validation,xgboost,0,0.00015940512821543962,0
validation,xgboost,0,0.043754369020462036,0
validation,xgboost,0,0.18815389275550842,0
validation,xgboost,0,0.0005570992361754179,0
validation,xgboost,1,0.9130710959434509,1
validation,xgboost,0,0.3179139792919159,0
validation,xgboost,0,0.00010087229748023674,0
validation,xgboost,1,0.9490348100662231,1
validation,xgboost,1,0.9830606579780579,1
validation,xgboost,1,0.29569658637046814,0
validation,xgboost,1,0.15877196192741394,0
validation,xgboost,0,0.20997649431228638,0
validation,xgboost,0,0.01798124983906746,0
validation,xgboost,0,0.0036490352358669043,0
validation,xgboost,1,0.4163120687007904,0
validation,xgboost,0,0.00032418820774182677,0
validation,xgboost,0,0.7267704606056213,1
validation,xgboost,0,0.06798478960990906,0
validation,xgboost,0,0.045877646654844284,0
validation,xgboost,0,0.8970226049423218,1
validation,xgboost,0,0.00024302516249008477,0
validation,xgboost,0,0.017070861533284187,0
validation,xgboost,0,0.1390122026205063,0
validation,xgboost,0,0.0014998877886682749,0
validation,xgboost,0,0.5241629481315613,0
validation,xgboost,1,0.3390073776245117,0
validation,xgboost,0,0.0005957113462500274,0
validation,xgboost,0,8.050224278122187e-05,0
validation,xgboost,0,0.6286848187446594,1
validation,xgboost,0,0.0013488284312188625,0
validation,xgboost,0,0.48989182710647583,0
validation,xgboost,0,0.37023040652275085,0
validation,xgboost,0,0.9118503332138062,1
validation,xgboost,0,0.008898358792066574,0
validation,xgboost,1,0.8982589840888977,1
validation,xgboost,0,0.15515753626823425,0
validation,xgboost,0,0.020847834646701813,0
validation,xgboost,0,0.00018750237359199673,0
validation,xgboost,0,0.05147291719913483,0
validation,xgboost,0,0.10241588205099106,0
validation,xgboost,1,0.8911699652671814,1
validation,xgboost,0,0.002371771028265357,0
validation,xgboost,0,0.1081344336271286,0
validation,xgboost,0,0.5025138258934021,0
validation,xgboost,0,0.0940394401550293,0
validation,xgboost,1,0.30064520239830017,0
validation,xgboost,0,0.001049374113790691,0
validation,xgboost,0,8.877369691617787e-05,0
validation,xgboost,0,0.19600827991962433,0
validation,xgboost,1,0.022619320079684258,0
validation,xgboost,0,0.10961177945137024,0
validation,xgboost,0,0.04774374142289162,0
validation,xgboost,0,0.015958523377776146,0
validation,xgboost,0,0.0026745840441435575,0
validation,xgboost,0,0.041580699384212494,0
validation,xgboost,0,0.001377489184960723,0
validation,xgboost,0,0.03214218094944954,0
validation,xgboost,1,0.019966617226600647,0
validation,xgboost,0,0.0018282049568369985,0
validation,xgboost,1,0.8278629779815674,1
validation,xgboost,0,0.06409258395433426,0
validation,xgboost,0,0.040726322680711746,0
validation,xgboost,0,0.0021848641335964203,0
validation,xgboost,0,0.8737867474555969,1
validation,xgboost,0,0.6708400845527649,1
validation,xgboost,0,0.022069981321692467,0
validation,xgboost,0,0.5173183083534241,0
validation,xgboost,0,0.0726105347275734,0
validation,xgboost,0,7.818398444214836e-05,0
validation,xgboost,0,0.0016761593287810683,0
validation,xgboost,1,0.7128269672393799,1
validation,xgboost,0,0.14445911347866058,0
validation,xgboost,0,0.011262382380664349,0
validation,xgboost,0,0.0019210962345823646,0
validation,xgboost,1,0.6897711157798767,1
validation,xgboost,0,0.1967896670103073,0
validation,xgboost,0,0.23930273950099945,0
validation,xgboost,0,0.019388465210795403,0
validation,xgboost,0,0.0011506211012601852,0
validation,xgboost,0,0.005573478061705828,0
validation,xgboost,0,0.20154830813407898,0
validation,xgboost,1,0.9422541856765747,1
validation,xgboost,0,0.0375298336148262,0
validation,xgboost,0,0.0011987065663561225,0
validation,xgboost,0,0.099171943962574,0
validation,xgboost,0,0.020314842462539673,0
validation,xgboost,0,0.06190470978617668,0
validation,xgboost,0,0.06453724950551987,0
validation,xgboost,0,0.5195285081863403,0
validation,xgboost,0,0.00440010242164135,0
validation,xgboost,0,0.020057523623108864,0
validation,xgboost,0,0.004857117775827646,0
validation,xgboost,0,0.0013916256139054894,0
validation,xgboost,1,0.8364192247390747,1
validation,xgboost,0,0.0016345529584214091,0
validation,xgboost,1,0.9504008889198303,1
validation,xgboost,0,0.021518556401133537,0
validation,xgboost,0,0.0006494731642305851,0
validation,xgboost,1,0.9467551708221436,1
validation,xgboost,1,0.5436835289001465,0
validation,xgboost,0,0.000507397809997201,0
validation,xgboost,0,0.9792673587799072,1
validation,xgboost,0,0.7846578359603882,1
validation,xgboost,0,0.1188664361834526,0
validation,xgboost,0,0.0071161710657179356,0
validation,xgboost,1,0.33536311984062195,0
validation,xgboost,0,0.0006620869389735162,0
validation,xgboost,0,0.030101638287305832,0
validation,xgboost,0,0.0004100210207980126,0
validation,xgboost,1,0.9358963370323181,1
validation,xgboost,0,0.008615120314061642,0
validation,xgboost,0,0.15422795712947845,0
validation,xgboost,0,0.001094570616260171,0
validation,xgboost,0,0.4494430720806122,0
validation,xgboost,0,0.004131140187382698,0
validation,xgboost,0,0.01018465869128704,0
validation,xgboost,0,0.009427722543478012,0
validation,xgboost,1,0.9882694482803345,1
validation,xgboost,1,0.656059980392456,1
validation,xgboost,0,0.010572588071227074,0
validation,xgboost,0,8.099427941488102e-05,0
validation,xgboost,0,0.03219131380319595,0
validation,xgboost,0,0.006176111754029989,0
validation,xgboost,1,0.3968905508518219,0
validation,xgboost,0,0.004165148362517357,0
validation,xgboost,0,0.005929450038820505,0
validation,xgboost,0,0.00036727639962919056,0
validation,xgboost,0,0.02553691528737545,0
validation,xgboost,1,0.824109673500061,1
validation,xgboost,0,0.0015420656418427825,0
validation,xgboost,0,0.7897176742553711,1
validation,xgboost,0,0.8370159268379211,1
validation,xgboost,0,0.16503691673278809,0
validation,xgboost,0,0.10581051558256149,0
validation,xgboost,0,0.25651800632476807,0
validation,xgboost,0,9.995672007789835e-05,0
validation,xgboost,0,0.33973902463912964,0
validation,xgboost,0,0.2954747676849365,0
validation,xgboost,0,0.6052916646003723,1
validation,xgboost,1,0.9827225208282471,1
validation,xgboost,0,0.021583715453743935,0
validation,xgboost,0,0.004885936621576548,0
validation,xgboost,0,0.00012035203690174967,0
validation,xgboost,0,6.26593318884261e-05,0
validation,xgboost,1,0.8540884852409363,1
validation,xgboost,1,0.37020012736320496,0
validation,xgboost,0,0.0015530785312876105,0
validation,xgboost,0,0.1939161717891693,0
validation,xgboost,0,0.023545533418655396,0
validation,xgboost,0,0.00034404752659611404,0
validation,xgboost,0,0.22827930748462677,0
validation,xgboost,0,0.003092339728027582,0
validation,xgboost,1,0.078807532787323,0
validation,xgboost,0,0.005714684259146452,0
validation,xgboost,0,0.04314945638179779,0
validation,xgboost,0,0.00024307174317073077,0
validation,xgboost,0,0.028168948367238045,0
validation,xgboost,0,0.00020692043472081423,0
validation,xgboost,0,0.0022479500621557236,0
validation,xgboost,0,0.008903722278773785,0
validation,xgboost,0,0.32301419973373413,0
validation,xgboost,1,0.9681166410446167,1
validation,xgboost,0,0.026713354513049126,0
validation,xgboost,0,0.323807954788208,0
validation,xgboost,0,0.004804918542504311,0
validation,xgboost,0,0.5554202795028687,1
validation,xgboost,0,0.0010436091106384993,0
validation,xgboost,0,0.02608209103345871,0
validation,xgboost,1,0.2624891996383667,0
validation,xgboost,0,0.017665734514594078,0
validation,xgboost,0,0.11873068660497665,0
validation,xgboost,0,0.0014198309509083629,0
validation,xgboost,0,0.0012516886927187443,0
validation,xgboost,0,0.010106139816343784,0
validation,xgboost,0,0.38956567645072937,0
validation,xgboost,0,0.0007920102798379958,0
validation,xgboost,0,0.18786759674549103,0
validation,xgboost,0,0.03006383590400219,0
validation,xgboost,1,0.7173206806182861,1
validation,xgboost,0,0.05085977166891098,0
validation,xgboost,0,0.002170589054003358,0
validation,xgboost,1,0.9135226607322693,1
validation,xgboost,0,0.18811824917793274,0
validation,xgboost,0,0.0003590885316953063,0
validation,xgboost,1,0.5688838362693787,1
validation,xgboost,1,0.40002578496932983,0
validation,xgboost,0,0.0035456051118671894,0
validation,xgboost,0,0.04180613160133362,0
validation,xgboost,0,0.0027874240186065435,0
validation,xgboost,0,0.0007162187248468399,0
validation,xgboost,0,0.003922104369848967,0
validation,xgboost,1,0.21194203197956085,0
validation,xgboost,0,0.0010286860633641481,0
validation,xgboost,0,0.005749788135290146,0
validation,xgboost,0,0.02097190171480179,0
validation,xgboost,0,0.06242417171597481,0
validation,xgboost,0,0.012888511642813683,0
validation,xgboost,0,0.000525102368555963,0
validation,xgboost,0,0.0027121813036501408,0
validation,xgboost,1,0.967689037322998,1
validation,xgboost,0,0.0032088339794427156,0
validation,xgboost,0,0.01537302602082491,0
validation,xgboost,0,0.005573830101639032,0
validation,xgboost,0,0.6194015145301819,1
validation,xgboost,0,0.08252285420894623,0
validation,xgboost,0,0.028798488900065422,0
validation,xgboost,1,0.8282495737075806,1
validation,xgboost,0,0.0007838674355298281,0
validation,xgboost,0,0.21455171704292297,0
validation,xgboost,0,0.030626334249973297,0
validation,xgboost,0,0.8080195784568787,1
validation,xgboost,1,0.8878249526023865,1
validation,xgboost,0,0.9038149118423462,1
validation,xgboost,1,0.7160717248916626,1
validation,xgboost,0,0.0005812647868879139,0
validation,xgboost,0,0.0009227378177456558,0
validation,xgboost,0,0.00014942050620447844,0
validation,xgboost,0,0.004519977141171694,0
validation,xgboost,0,0.04355444386601448,0
validation,xgboost,0,0.10220960527658463,0
validation,xgboost,0,0.00045052144560031593,0
validation,xgboost,0,0.00022173264005687088,0
validation,xgboost,0,0.45522743463516235,0
validation,xgboost,1,0.7493262887001038,1
validation,xgboost,0,0.04776059836149216,0
validation,xgboost,0,0.0012369956821203232,0
validation,xgboost,0,0.004437601659446955,0
validation,xgboost,0,0.00035392126301303506,0
validation,xgboost,1,0.9885004758834839,1
validation,xgboost,0,0.45677703619003296,0
validation,xgboost,0,0.00024012444191612303,0
validation,xgboost,0,0.0008353688172064722,0
validation,xgboost,0,0.5146431922912598,0
validation,xgboost,1,0.9465835094451904,1
validation,xgboost,0,0.003920065239071846,0
validation,xgboost,1,0.9403334856033325,1
validation,xgboost,1,0.9715608358383179,1
validation,xgboost,0,0.18055424094200134,0
validation,xgboost,0,0.0020172640215605497,0
validation,xgboost,1,0.9171428680419922,1
validation,xgboost,0,0.00581162516027689,0
validation,xgboost,0,0.004782367963343859,0
validation,xgboost,0,0.04758334532380104,0
validation,xgboost,0,0.001857690280303359,0
validation,xgboost,1,0.822484016418457,1
validation,xgboost,0,8.89361253939569e-05,0
validation,xgboost,0,0.8423027992248535,1
validation,xgboost,0,0.7953051924705505,1
validation,xgboost,0,0.018694542348384857,0
validation,xgboost,1,0.040707316249608994,0
validation,xgboost,0,0.0008328889380209148,0
validation,xgboost,1,0.8836902976036072,1
validation,xgboost,0,0.006590679753571749,0
validation,xgboost,0,0.14637142419815063,0
validation,xgboost,0,0.003421533154323697,0
validation,xgboost,0,0.00029759109020233154,0
validation,xgboost,0,0.031141221523284912,0
validation,xgboost,0,0.0016245926963165402,0
validation,xgboost,0,0.476176381111145,0
validation,xgboost,1,0.36527231335639954,0
validation,xgboost,0,0.01662323996424675,0
validation,xgboost,0,0.029060281813144684,0
validation,xgboost,1,0.08091101795434952,0
validation,xgboost,0,0.1378518044948578,0
validation,xgboost,0,0.00048741925274953246,0
validation,xgboost,0,0.10427813977003098,0
validation,xgboost,0,0.14488822221755981,0
validation,xgboost,0,0.6320012807846069,1
validation,xgboost,0,0.17488732933998108,0
validation,xgboost,0,0.024701211601495743,0
validation,xgboost,0,8.766561222728342e-05,0
validation,xgboost,0,0.000854140380397439,0
validation,xgboost,0,0.000644354906398803,0
validation,xgboost,0,0.05933469533920288,0
validation,xgboost,1,0.8362488746643066,1
validation,xgboost,1,0.9041774868965149,1
validation,xgboost,0,0.009111402556300163,0
validation,xgboost,0,0.1066882535815239,0
validation,xgboost,0,0.2469620704650879,0
validation,xgboost,0,0.02916083112359047,0
validation,xgboost,0,0.7145483493804932,1
validation,xgboost,1,0.9638547301292419,1
validation,xgboost,0,0.010007531382143497,0
validation,xgboost,0,0.018815111368894577,0
validation,xgboost,0,0.010846760123968124,0
validation,xgboost,0,0.006995469331741333,0
validation,xgboost,0,0.14628560841083527,0
validation,xgboost,0,0.0010568746365606785,0
validation,xgboost,1,0.9573631286621094,1
validation,xgboost,0,0.874768078327179,1
validation,xgboost,0,0.0003073560365010053,0
validation,xgboost,0,0.001288377563469112,0
validation,xgboost,0,0.0002798217174131423,0
validation,xgboost,0,0.06712576746940613,0
validation,xgboost,0,0.5263625383377075,0
validation,xgboost,1,0.39160802960395813,0
validation,xgboost,0,0.16569752991199493,0
validation,xgboost,1,0.9141530990600586,1
validation,xgboost,0,0.44397464394569397,0
validation,xgboost,0,0.0007052129949443042,0
validation,xgboost,0,0.00033213943243026733,0
validation,xgboost,0,0.001274364534765482,0
validation,xgboost,0,0.03562967851758003,0
validation,xgboost,0,0.0012985304929316044,0
validation,xgboost,0,0.15725058317184448,0
validation,xgboost,1,0.5153911113739014,0
validation,xgboost,0,0.09370242059230804,0
validation,xgboost,0,0.05796298384666443,0
validation,xgboost,0,0.0005083902506157756,0
validation,xgboost,0,0.47130733728408813,0
validation,xgboost,0,0.05661747232079506,0
validation,xgboost,0,0.0019353274255990982,0
validation,xgboost,0,0.003551098285242915,0
validation,xgboost,0,0.0024083550088107586,0
validation,xgboost,0,0.00025912217097356915,0
validation,xgboost,0,0.006002947222441435,0
validation,xgboost,1,0.6037224531173706,1
validation,xgboost,0,0.03652828931808472,0
validation,xgboost,0,0.02635260671377182,0
validation,xgboost,0,0.008867461234331131,0
validation,xgboost,0,0.0001872531429398805,0
validation,xgboost,0,0.11723826825618744,0
validation,xgboost,0,0.06835414469242096,0
validation,xgboost,0,0.04737776890397072,0
validation,xgboost,1,0.6624124050140381,1
validation,xgboost,1,0.17686188220977783,0
validation,xgboost,0,0.008135713636875153,0
validation,xgboost,1,0.8423670530319214,1
validation,xgboost,0,0.003727886127308011,0
validation,xgboost,0,0.0001709065109025687,0
validation,xgboost,0,0.002451126929372549,0
validation,xgboost,0,0.004387742839753628,0
validation,xgboost,0,0.20233088731765747,0
validation,xgboost,0,0.8077826499938965,1
validation,xgboost,1,0.88393235206604,1
validation,xgboost,1,0.32720425724983215,0
validation,xgboost,0,0.14633561670780182,0
validation,xgboost,0,0.008634854108095169,0
validation,xgboost,1,0.9550598859786987,1
validation,xgboost,1,0.7682355046272278,1
validation,xgboost,1,0.607975423336029,1
validation,xgboost,0,0.5660253167152405,1
validation,xgboost,0,8.678113226778805e-05,0
validation,xgboost,0,0.005193306133151054,0
validation,xgboost,0,0.049094799906015396,0
validation,xgboost,0,0.3572582006454468,0
validation,xgboost,0,0.00818532332777977,0
validation,xgboost,0,0.0006603111978620291,0
validation,xgboost,0,0.0004091070150025189,0
validation,xgboost,0,0.004718635696917772,0
validation,xgboost,0,0.02688802033662796,0
validation,xgboost,0,0.41770702600479126,0
validation,xgboost,1,0.7764731049537659,1
validation,xgboost,0,0.00012239474745001644,0
validation,xgboost,0,0.0009731292957440019,0
validation,xgboost,0,0.006890326272696257,0
validation,xgboost,0,0.0018467709887772799,0
validation,xgboost,0,0.06372901797294617,0
validation,xgboost,0,0.040755562484264374,0
validation,xgboost,0,0.00010275153181282803,0
validation,xgboost,0,0.000711514032445848,0
validation,xgboost,0,0.0003500557504594326,0
validation,xgboost,0,0.14386388659477234,0
validation,xgboost,0,0.44705119729042053,0
validation,xgboost,0,0.014864102937281132,0
validation,xgboost,1,0.42444881796836853,0
validation,xgboost,0,0.0036736452020704746,0
validation,xgboost,0,0.00017632365052122623,0
validation,xgboost,0,0.10962887853384018,0
test,xgboost,0,0.0008484888821840286,0
test,xgboost,0,0.0001390133984386921,0
test,xgboost,0,0.43878787755966187,0
test,xgboost,0,0.0018218100303784013,0
test,xgboost,0,0.447822630405426,0
test,xgboost,0,0.4639270305633545,0
test,xgboost,0,0.010899119079113007,0
test,xgboost,0,0.0004844788054469973,0
test,xgboost,0,0.004834757186472416,0
test,xgboost,1,0.7976976633071899,1
test,xgboost,0,0.08742552995681763,0
test,xgboost,0,0.024822335690259933,0
test,xgboost,0,0.10095349699258804,0
test,xgboost,1,0.9753923416137695,1
test,xgboost,0,0.154658704996109,0
test,xgboost,0,0.06552698463201523,0
test,xgboost,0,9.818512626225129e-05,0
test,xgboost,1,0.00820946041494608,0
test,xgboost,0,0.0712117925286293,0
test,xgboost,0,0.20714068412780762,0
test,xgboost,0,0.11180063337087631,0
test,xgboost,0,0.03718532249331474,0
test,xgboost,0,0.14930866658687592,0
test,xgboost,0,0.00023303207126446068,0
test,xgboost,0,7.079538045218214e-05,0
test,xgboost,1,0.9314045906066895,1
test,xgboost,0,0.002025389112532139,0
test,xgboost,0,0.1820010542869568,0
test,xgboost,1,0.17290152609348297,0
test,xgboost,0,0.002988728228956461,0
test,xgboost,0,0.029944786801934242,0
test,xgboost,0,0.00019371454254724085,0
test,xgboost,0,0.864995002746582,1
test,xgboost,0,0.05382656678557396,0
test,xgboost,0,0.02515539713203907,0
test,xgboost,0,0.002057354897260666,0
test,xgboost,0,0.0002779111673589796,0
test,xgboost,0,0.0006973472191020846,0
test,xgboost,0,0.010317975655198097,0
test,xgboost,0,0.026964720338582993,0
test,xgboost,0,0.005136583931744099,0
test,xgboost,0,0.006609391421079636,0
test,xgboost,0,0.011399053037166595,0
test,xgboost,0,0.00612730672582984,0
test,xgboost,1,0.8046485185623169,1
test,xgboost,0,0.0032379664480686188,0
test,xgboost,0,0.26582419872283936,0
test,xgboost,0,0.000335224496666342,0
test,xgboost,1,0.6050682663917542,1
test,xgboost,1,0.6767938137054443,1
test,xgboost,0,0.0007463806541636586,0
test,xgboost,0,0.041691672056913376,0
test,xgboost,1,0.9587013721466064,1
test,xgboost,0,0.05238013342022896,0
test,xgboost,0,0.0025075101293623447,0
test,xgboost,0,0.000264269852777943,0
test,xgboost,0,0.004002822563052177,0
test,xgboost,0,0.03653257340192795,0
test,xgboost,0,0.0410035103559494,0
test,xgboost,0,0.8857598304748535,1
test,xgboost,1,0.8210349678993225,1
test,xgboost,0,0.000260103348409757,0
test,xgboost,0,0.054950833320617676,0
test,xgboost,0,0.00480614323168993,0
test,xgboost,0,0.023118579760193825,0
test,xgboost,0,0.036127571016550064,0
test,xgboost,0,0.0027223897632211447,0
test,xgboost,0,0.04906867444515228,0
test,xgboost,0,0.15947234630584717,0
test,xgboost,0,0.4290046989917755,0
test,xgboost,0,0.07200716435909271,0
test,xgboost,0,0.0008856791537255049,0
test,xgboost,0,0.0028962246142327785,0
test,xgboost,0,0.21259483695030212,0
test,xgboost,1,0.9266299605369568,1
test,xgboost,0,0.011704273521900177,0
test,xgboost,0,0.0033134317491203547,0
test,xgboost,0,0.00039081004797481,0
test,xgboost,0,0.10503073036670685,0
test,xgboost,0,0.0006103904452174902,0
test,xgboost,1,0.5114624500274658,0
test,xgboost,0,0.43311384320259094,0
test,xgboost,0,0.003081249538809061,0
test,xgboost,0,0.6324247121810913,1
test,xgboost,1,0.9637404680252075,1
test,xgboost,1,0.9846030473709106,1
test,xgboost,0,0.0026752480771392584,0
test,xgboost,0,0.00907201413065195,0
test,xgboost,1,0.8242984414100647,1
test,xgboost,0,0.001476374571211636,0
test,xgboost,0,0.3364642262458801,0
test,xgboost,0,0.8570272326469421,1
test,xgboost,0,0.7159969210624695,1
test,xgboost,0,8.430184971075505e-05,0
test,xgboost,1,0.6117897033691406,1
test,xgboost,0,0.13756756484508514,0
test,xgboost,0,0.001137128216214478,0
test,xgboost,1,0.39692220091819763,0
test,xgboost,0,0.8665398955345154,1
test,xgboost,0,0.3956947326660156,0
test,xgboost,0,0.004546905867755413,0
test,xgboost,1,0.9724432826042175,1
test,xgboost,0,0.04729263111948967,0
test,xgboost,0,0.00150769273750484,0
test,xgboost,0,0.3393336236476898,0
test,xgboost,0,0.0030996836721897125,0
test,xgboost,0,0.001894339919090271,0
test,xgboost,0,0.003454455640166998,0
test,xgboost,0,0.003546674968674779,0
test,xgboost,0,0.0024410798214375973,0
test,xgboost,0,0.005003616213798523,0
test,xgboost,0,0.004757558926939964,0
test,xgboost,1,0.7560299038887024,1
test,xgboost,0,0.037692420184612274,0
test,xgboost,0,0.0032236992847174406,0
test,xgboost,0,0.2113877385854721,0
test,xgboost,0,0.07690078020095825,0
test,xgboost,0,0.0009577377350069582,0
test,xgboost,0,0.011894016526639462,0
test,xgboost,0,0.157547727227211,0
test,xgboost,1,0.07975964993238449,0
test,xgboost,0,0.012885594740509987,0
test,xgboost,0,0.00014732145064044744,0
test,xgboost,0,0.002137197181582451,0
test,xgboost,1,0.3808521330356598,0
test,xgboost,0,0.00690265791490674,0
test,xgboost,0,0.627070963382721,1
test,xgboost,0,0.12402606010437012,0
test,xgboost,0,0.0015731541207060218,0
test,xgboost,0,0.0012358927633613348,0
test,xgboost,0,0.0003744629502762109,0
test,xgboost,0,0.0027818665839731693,0
test,xgboost,1,0.934670627117157,1
test,xgboost,1,0.9101273417472839,1
test,xgboost,0,0.002535104053094983,0
test,xgboost,0,0.3122483193874359,0
test,xgboost,0,0.8177163600921631,1
test,xgboost,0,0.001312536303885281,0
test,xgboost,0,0.05757996812462807,0
test,xgboost,0,0.10226860642433167,0
test,xgboost,0,0.24612371623516083,0
test,xgboost,0,0.01274019107222557,0
test,xgboost,0,0.12461879104375839,0
test,xgboost,0,0.000725632649846375,0
test,xgboost,1,0.6724258065223694,1
test,xgboost,0,0.8709662556648254,1
test,xgboost,0,0.0023255166597664356,0
test,xgboost,0,0.008177747018635273,0
test,xgboost,0,0.22779352962970734,0
test,xgboost,0,0.03091120347380638,0
test,xgboost,1,0.110964335501194,0
test,xgboost,1,0.6122667193412781,1
test,xgboost,0,0.16015318036079407,0
test,xgboost,0,0.24078963696956635,0
test,xgboost,0,0.000392990157706663,0
test,xgboost,0,0.9706488847732544,1
test,xgboost,0,0.2078915387392044,0
test,xgboost,0,0.01020998414605856,0
test,xgboost,1,0.7461991906166077,1
test,xgboost,0,0.15800955891609192,0
test,xgboost,1,0.49728527665138245,0
test,xgboost,0,0.0009439304121769965,0
test,xgboost,0,0.04043123498558998,0
test,xgboost,0,0.41682201623916626,0
test,xgboost,1,0.3612876534461975,0
test,xgboost,0,0.0003593552974052727,0
test,xgboost,0,0.0013575112679973245,0
test,xgboost,0,0.08753398060798645,0
test,xgboost,0,0.029136888682842255,0
test,xgboost,1,0.8110130429267883,1
test,xgboost,0,0.00013174755440559238,0
test,xgboost,1,0.9931551814079285,1
test,xgboost,0,0.44109871983528137,0
test,xgboost,0,0.008379783481359482,0
test,xgboost,0,0.000385023100534454,0
test,xgboost,0,0.0013543221866711974,0
test,xgboost,0,0.014345415867865086,0
test,xgboost,0,0.04461054131388664,0
test,xgboost,0,0.0017403265228495002,0
test,xgboost,0,0.0069940355606377125,0
test,xgboost,0,9.661274089012295e-05,0
test,xgboost,0,0.45250341296195984,0
test,xgboost,0,0.09617097675800323,0
test,xgboost,0,0.5232390761375427,0
test,xgboost,0,0.0018006910104304552,0
test,xgboost,0,0.007426259573549032,0
test,xgboost,0,0.845195472240448,1
test,xgboost,0,0.10397950559854507,0
test,xgboost,0,0.002994094043970108,0
test,xgboost,0,0.24146124720573425,0
test,xgboost,0,0.17145895957946777,0
test,xgboost,0,0.0007256779354065657,0
test,xgboost,0,0.006523488089442253,0
test,xgboost,0,0.04499044641852379,0
test,xgboost,0,0.034312255680561066,0
test,xgboost,0,0.0008377159247174859,0
test,xgboost,0,0.00025209563318639994,0
test,xgboost,1,0.5538204908370972,1
test,xgboost,0,0.0014209760120138526,0
test,xgboost,0,0.00010115974146174267,0
test,xgboost,1,0.8259453177452087,1
test,xgboost,0,0.8937458992004395,1
test,xgboost,1,0.4588770270347595,0
test,xgboost,0,0.6460949182510376,1
test,xgboost,0,0.28294411301612854,0
test,xgboost,0,0.0005923620774410665,0
test,xgboost,0,0.004407062195241451,0
test,xgboost,0,0.03693049028515816,0
test,xgboost,0,0.245655819773674,0
test,xgboost,0,0.7541031241416931,1
test,xgboost,0,0.7147094011306763,1
test,xgboost,0,0.00015451977378688753,0
test,xgboost,0,0.3379065990447998,0
test,xgboost,0,0.02640197053551674,0
test,xgboost,0,0.003127825213596225,0
test,xgboost,0,0.5642681121826172,1
test,xgboost,0,0.000537301239091903,0
test,xgboost,0,0.010442828759551048,0
test,xgboost,0,0.0015952817630022764,0
test,xgboost,0,0.9623433947563171,1
test,xgboost,0,0.00013483749353326857,0
test,xgboost,0,0.07829268276691437,0
test,xgboost,0,0.00015204462397377938,0
test,xgboost,0,0.006225532852113247,0
test,xgboost,0,0.0013085365062579513,0
test,xgboost,0,0.27906811237335205,0
test,xgboost,0,0.3837113380432129,0
test,xgboost,0,0.003541613230481744,0
test,xgboost,0,0.047293826937675476,0
test,xgboost,0,0.046572115272283554,0
test,xgboost,0,0.09294208884239197,0
test,xgboost,0,0.0012631688732653856,0
test,xgboost,0,0.005661610048264265,0
test,xgboost,0,0.2064584493637085,0
test,xgboost,0,0.0018294129986315966,0
test,xgboost,0,0.0031325598247349262,0
test,xgboost,1,0.772006630897522,1
test,xgboost,0,0.15140868723392487,0
test,xgboost,0,0.00047126758727245033,0
test,xgboost,0,0.0010384524939581752,0
test,xgboost,0,0.22174189984798431,0
test,xgboost,0,0.013122147880494595,0
test,xgboost,0,0.5569064021110535,1
test,xgboost,0,0.9687737226486206,1
test,xgboost,0,0.07356462627649307,0
test,xgboost,1,0.28210631012916565,0
test,xgboost,0,0.7262411713600159,1
test,xgboost,0,0.03769711032509804,0
test,xgboost,0,0.00032560713589191437,0
test,xgboost,1,0.7733440399169922,1
test,xgboost,0,0.0022048791870474815,0
test,xgboost,0,0.019373787567019463,0
test,xgboost,1,0.9370036721229553,1
test,xgboost,0,0.3748091459274292,0
test,xgboost,1,0.039086781442165375,0
test,xgboost,0,0.020543565973639488,0
test,xgboost,0,0.27569735050201416,0
test,xgboost,0,0.00705536175519228,0
test,xgboost,0,0.8693555593490601,1
test,xgboost,0,0.012032555416226387,0
test,xgboost,0,0.9282844662666321,1
test,xgboost,0,0.6557748317718506,1
test,xgboost,0,0.024320362135767937,0
test,xgboost,0,0.001172525342553854,0
test,xgboost,0,0.16969361901283264,0
test,xgboost,0,0.5206252932548523,0
test,xgboost,0,0.04514177888631821,0
test,xgboost,0,0.2313910275697708,0
test,xgboost,1,0.4119754135608673,0
test,xgboost,0,0.018519658595323563,0
test,xgboost,0,0.002088922308757901,0
test,xgboost,0,0.6243481636047363,1
test,xgboost,0,0.2665800452232361,0
test,xgboost,0,0.005308177787810564,0
test,xgboost,0,0.2889881730079651,0
test,xgboost,0,0.14849655330181122,0
test,xgboost,0,0.0009376169764436781,0
test,xgboost,0,0.002377768512815237,0
test,xgboost,0,0.0031871157698333263,0
test,xgboost,0,0.03626222535967827,0
test,xgboost,1,0.9073411226272583,1
test,xgboost,0,0.18811675906181335,0
test,xgboost,0,0.37869971990585327,0
test,xgboost,1,0.8094580173492432,1
test,xgboost,0,0.5720356702804565,1
test,xgboost,0,7.68017052905634e-05,0
test,xgboost,0,0.0005988628254272044,0
test,xgboost,1,0.5651612877845764,1
test,xgboost,0,0.0022433109115809202,0
test,xgboost,0,0.0011533942306414247,0
test,xgboost,0,0.253729909658432,0
test,xgboost,0,0.0015581041807308793,0
test,xgboost,0,0.05039992928504944,0
test,xgboost,0,0.13388922810554504,0
test,xgboost,0,0.012052081525325775,0
test,xgboost,0,0.008039608597755432,0
test,xgboost,0,0.04377995431423187,0
test,xgboost,0,0.0006108635570853949,0
test,xgboost,0,0.002192217856645584,0
test,xgboost,0,0.4196806252002716,0
test,xgboost,0,0.060490112751722336,0
test,xgboost,0,0.8470321297645569,1
test,xgboost,0,0.013548562303185463,0
test,xgboost,0,0.000908819492906332,0
test,xgboost,0,0.0017250583041459322,0
test,xgboost,0,0.0017092045163735747,0
test,xgboost,0,0.18626222014427185,0
test,xgboost,0,0.33538898825645447,0
test,xgboost,0,0.005687435623258352,0
test,xgboost,0,0.03097967430949211,0
test,xgboost,1,0.7237041592597961,1
test,xgboost,0,0.9342033267021179,1
test,xgboost,0,0.020423244684934616,0
test,xgboost,0,0.0029198923148214817,0
test,xgboost,0,0.0014092897763475776,0
test,xgboost,0,0.0023738050367683172,0
test,xgboost,0,0.009102314710617065,0
test,xgboost,0,0.2878592312335968,0
test,xgboost,0,0.03663082793354988,0
test,xgboost,1,0.9434839487075806,1
test,xgboost,0,0.019303157925605774,0
test,xgboost,0,0.5451704263687134,0
test,xgboost,0,0.2980959415435791,0
test,xgboost,0,0.006419441197067499,0
test,xgboost,0,0.00016594809130765498,0
test,xgboost,0,0.4907490015029907,0
test,xgboost,0,0.004850645549595356,0
test,xgboost,0,0.01274945493787527,0
test,xgboost,0,0.051667749881744385,0
test,xgboost,1,0.07758910208940506,0
test,xgboost,0,0.08154962211847305,0
test,xgboost,0,0.9364861249923706,1
test,xgboost,0,0.04260995239019394,0
test,xgboost,0,0.005640590097755194,0
test,xgboost,0,0.726567268371582,1
test,xgboost,0,0.003057560883462429,0
test,xgboost,0,0.009928550571203232,0
test,xgboost,0,0.007550627924501896,0
test,xgboost,1,0.9907271862030029,1
test,xgboost,0,0.003688306547701359,0
test,xgboost,0,0.04629712179303169,0
test,xgboost,0,0.0021717913914471865,0
test,xgboost,0,9.695837798062712e-05,0
test,xgboost,1,0.9758524298667908,1
test,xgboost,0,0.02143440581858158,0
test,xgboost,0,0.008347149938344955,0
test,xgboost,0,0.0002904417924582958,0
test,xgboost,0,0.16721826791763306,0
test,xgboost,0,0.009514780715107918,0
test,xgboost,0,0.00012255414912942797,0
test,xgboost,1,0.3646050989627838,0
test,xgboost,1,0.4760179817676544,0
test,xgboost,0,0.23575304448604584,0
test,xgboost,0,0.0587022639811039,0
test,xgboost,0,0.002027170266956091,0
test,xgboost,0,0.01590139791369438,0
test,xgboost,0,0.04913269355893135,0
test,xgboost,0,0.01768236607313156,0
test,xgboost,1,0.24314919114112854,0
test,xgboost,0,0.0002701201883610338,0
test,xgboost,1,0.5530818700790405,1
test,xgboost,1,0.9159547090530396,1
test,xgboost,0,0.0006739245727658272,0
test,xgboost,0,0.7587417960166931,1
test,xgboost,0,0.0055977338925004005,0
test,xgboost,1,0.3218821585178375,0
test,xgboost,0,0.02266979217529297,0
test,xgboost,0,0.0022032661363482475,0
test,xgboost,0,0.20771746337413788,0
test,xgboost,0,0.035015083849430084,0
test,xgboost,0,0.00033457635436207056,0
test,xgboost,0,0.004643934778869152,0
test,xgboost,0,0.03987196460366249,0
test,xgboost,0,0.0004980618832632899,0
test,xgboost,0,0.0019468181999400258,0
test,xgboost,0,0.6002447009086609,1
test,xgboost,1,0.9491419792175293,1
test,xgboost,1,0.9786957502365112,1
test,xgboost,0,0.14029859006404877,0
test,xgboost,0,0.00041487059206701815,0
test,xgboost,0,0.002178071765229106,0
test,xgboost,0,0.0847243070602417,0
test,xgboost,0,0.01793099381029606,0
test,xgboost,1,0.7372958064079285,1
test,xgboost,0,0.002060016617178917,0
test,xgboost,0,0.002424153033643961,0
test,xgboost,0,0.6544647216796875,1
test,xgboost,0,0.48974907398223877,0
test,xgboost,0,0.00024070827930700034,0
test,xgboost,0,0.05814560502767563,0
test,xgboost,0,0.013011596165597439,0
test,xgboost,0,0.16711588203907013,0
test,xgboost,0,0.03202509507536888,0
test,xgboost,0,0.0011944035068154335,0
test,xgboost,0,0.014659659005701542,0
test,xgboost,0,0.057998187839984894,0
test,xgboost,1,0.5901687145233154,1
test,xgboost,0,0.09687358140945435,0
test,xgboost,1,0.7324178814888,1
test,xgboost,0,0.004627648741006851,0
test,xgboost,0,0.711794376373291,1
test,xgboost,0,0.03919678553938866,0
test,xgboost,0,0.000419396732468158,0
test,xgboost,0,0.006296014878898859,0
test,xgboost,0,0.8427307605743408,1
test,xgboost,0,0.004514495842158794,0
test,xgboost,0,0.11796024441719055,0
test,xgboost,0,0.12957243621349335,0
test,xgboost,0,0.044140178710222244,0
test,xgboost,0,0.004596790764480829,0
test,xgboost,0,0.005369424819946289,0
test,xgboost,0,0.6352738738059998,1
test,xgboost,0,0.021959450095891953,0
test,xgboost,0,0.0005257675074972212,0
test,xgboost,0,0.0022126431576907635,0
test,xgboost,0,0.0037235708441585302,0
test,xgboost,0,0.0034243683330714703,0
test,xgboost,0,0.8315883278846741,1
test,xgboost,0,0.10291559249162674,0
test,xgboost,0,0.022634046152234077,0
test,xgboost,0,0.0016034457366913557,0
test,xgboost,0,0.20866690576076508,0
test,xgboost,0,0.008626853115856647,0
test,xgboost,0,0.0054206233471632,0
test,xgboost,0,0.7317201495170593,1
test,xgboost,0,0.00023259810404852033,0
test,xgboost,0,0.0005755007732659578,0
test,xgboost,0,0.0018163457280024886,0
test,xgboost,0,0.017118684947490692,0
test,xgboost,1,0.7477040886878967,1
test,xgboost,1,0.46640321612358093,0
test,xgboost,0,0.0005337162292562425,0
test,xgboost,0,0.00017637813289184123,0
test,xgboost,0,0.00012511792010627687,0
test,xgboost,0,0.09057112038135529,0
test,xgboost,0,0.0020295591093599796,0
test,xgboost,0,0.020865775644779205,0
test,xgboost,0,0.0006218727212399244,0
test,xgboost,0,0.0002451882464811206,0
test,xgboost,0,0.46793025732040405,0
test,xgboost,1,0.5169838070869446,0
test,xgboost,0,0.0676681399345398,0
test,xgboost,0,0.0007127404096536338,0
test,xgboost,0,0.20497383177280426,0
test,xgboost,1,0.9693023562431335,1
test,xgboost,0,0.2889593243598938,0
test,xgboost,0,0.6669925451278687,1
test,xgboost,0,0.0013001534389331937,0
test,xgboost,0,0.6020089983940125,1
test,xgboost,0,0.296028733253479,0
test,xgboost,0,0.0005746344104409218,0
test,xgboost,0,0.0004882865468971431,0
test,xgboost,0,0.002286406233906746,0
test,xgboost,0,0.00032981924596242607,0
test,xgboost,0,0.0005292075220495462,0
test,xgboost,0,0.0023280547466129065,0
test,xgboost,0,0.6042957901954651,1
test,xgboost,0,0.2621491849422455,0
test,xgboost,1,0.9787115454673767,1
test,xgboost,0,0.018387949094176292,0
test,xgboost,0,0.0036788464058190584,0
test,xgboost,1,0.3955830931663513,0
test,xgboost,0,0.0031534635927528143,0
test,xgboost,0,0.07637910544872284,0
test,xgboost,0,0.011568183079361916,0
test,xgboost,0,7.393721170956269e-05,0
test,xgboost,0,0.0030195307917892933,0
test,xgboost,1,0.021403716877102852,0
test,xgboost,0,0.46456781029701233,0
test,xgboost,1,0.6509945392608643,1
test,xgboost,0,0.0002717571333050728,0
test,xgboost,0,0.4555266499519348,0
test,xgboost,0,0.00022693666687700897,0
test,xgboost,0,0.9506572484970093,1
test,xgboost,1,0.9597328305244446,1
test,xgboost,0,0.2144332230091095,0
test,xgboost,0,0.8410100936889648,1
test,xgboost,0,0.6601288318634033,1
test,xgboost,0,0.03889203444123268,0
test,xgboost,0,0.23826777935028076,0
test,xgboost,0,0.7841045260429382,1
test,xgboost,1,0.8140320777893066,1
test,xgboost,0,0.07157950848340988,0
test,xgboost,1,0.9174489974975586,1
test,xgboost,1,0.2686200439929962,0
test,xgboost,0,7.115830521797761e-05,0
test,xgboost,0,0.15568840503692627,0
test,xgboost,0,0.013927627354860306,0
test,xgboost,0,0.0039329444989562035,0
test,xgboost,0,0.1297071874141693,0
test,xgboost,0,0.012347237206995487,0
test,xgboost,0,0.0023843050003051758,0
test,xgboost,0,0.0036294953897595406,0
test,xgboost,0,0.03012119047343731,0
test,xgboost,0,0.0002767443365883082,0
test,xgboost,0,0.009912237524986267,0
test,xgboost,0,0.007815523073077202,0
test,xgboost,0,0.000223240684135817,0
test,xgboost,0,0.0035009721759706736,0
test,xgboost,0,0.000469706894364208,0
test,xgboost,0,0.7831224799156189,1
test,xgboost,0,0.44822001457214355,0
test,xgboost,0,0.7282761335372925,1
test,xgboost,0,0.717357873916626,1
test,xgboost,0,0.07899443060159683,0
test,xgboost,0,0.0018984320340678096,0
test,xgboost,0,0.019129931926727295,0
test,xgboost,0,0.1235102117061615,0
test,xgboost,0,0.0005938377580605447,0
test,xgboost,0,0.09617401659488678,0
test,xgboost,0,0.02198040299117565,0
test,xgboost,0,0.24935121834278107,0
test,xgboost,1,0.9676946401596069,1
test,xgboost,0,0.1881559193134308,0
test,xgboost,0,0.0016625734278932214,0
test,xgboost,0,0.26419299840927124,0
test,xgboost,0,0.08199039101600647,0
test,xgboost,0,0.00311279552988708,0
test,xgboost,0,0.015603850595653057,0
test,xgboost,0,0.022670958191156387,0
test,xgboost,0,0.00033318475470878184,0
test,xgboost,1,0.9418911933898926,1
test,xgboost,0,0.04364902153611183,0
test,xgboost,1,0.043768540024757385,0
test,xgboost,0,0.8490102887153625,1
test,xgboost,0,0.00022007063671480864,0
test,xgboost,0,0.005864056758582592,0
test,xgboost,0,0.11032350361347198,0
test,xgboost,0,0.026533639058470726,0
test,xgboost,0,0.2970021963119507,0
test,xgboost,0,0.02230685018002987,0
test,xgboost,0,0.0009314247872680426,0
test,xgboost,0,0.04210910201072693,0
test,xgboost,0,0.007871748879551888,0
test,xgboost,0,0.0007771331002004445,0
test,xgboost,0,0.0015079202130436897,0
test,xgboost,0,0.2961011826992035,0
test,xgboost,0,0.0022131495643407106,0
test,xgboost,0,0.05842238664627075,0
test,xgboost,0,0.0016482890350744128,0
test,xgboost,1,0.8633445501327515,1
test,xgboost,0,0.00043584074592217803,0
test,xgboost,0,0.14918257296085358,0
test,xgboost,0,0.2841530740261078,0
test,xgboost,0,0.1471588909626007,0
test,xgboost,0,0.0027184905484318733,0
test,xgboost,0,0.44572052359580994,0
test,xgboost,1,0.015332011505961418,0
test,xgboost,0,0.006514896173030138,0
test,xgboost,1,0.9671441316604614,1
test,xgboost,0,0.0025795812252908945,0
test,xgboost,0,0.26195836067199707,0
test,xgboost,1,0.8404676914215088,1
test,xgboost,0,0.01908142678439617,0
test,xgboost,1,0.2508663237094879,0
test,xgboost,0,0.19638606905937195,0
test,xgboost,0,0.024353371933102608,0
test,xgboost,1,0.42627567052841187,0
test,xgboost,0,0.0030793577898293734,0
test,xgboost,1,0.902356743812561,1
test,xgboost,0,0.010021132417023182,0
test,xgboost,0,0.002370931673794985,0
test,xgboost,0,0.0002132817025994882,0
test,xgboost,0,0.0065620639361441135,0
test,xgboost,1,0.77695232629776,1
test,xgboost,0,0.21607613563537598,0
test,xgboost,0,0.012326802127063274,0
test,xgboost,0,0.008128713816404343,0
test,xgboost,0,0.3012665808200836,0
test,xgboost,0,0.696031391620636,1
test,xgboost,0,0.07859990000724792,0
test,xgboost,0,0.23213334381580353,0
test,xgboost,0,0.0021670598071068525,0
test,xgboost,0,0.00658854516223073,0
test,xgboost,0,0.03653290867805481,0
test,xgboost,1,0.4029187560081482,0
test,xgboost,0,0.004397632088512182,0
test,xgboost,0,0.00036688585532829165,0
test,xgboost,0,0.008260293863713741,0
test,xgboost,0,0.004082837142050266,0
test,xgboost,0,0.1662549376487732,0
test,xgboost,0,0.006335757207125425,0
test,xgboost,0,0.0060723284259438515,0
test,xgboost,1,0.984451174736023,1
test,xgboost,0,0.0003016418486367911,0
test,xgboost,0,0.002492801286280155,0
test,xgboost,0,0.1008300855755806,0
test,xgboost,1,0.19612401723861694,0
test,xgboost,0,0.8767880201339722,1
test,xgboost,1,0.4000980257987976,0
test,xgboost,0,0.03355590999126434,0
test,xgboost,1,0.018173519521951675,0
test,xgboost,1,0.45396772027015686,0
test,xgboost,1,0.657504677772522,1
test,xgboost,1,0.9595638513565063,1
test,xgboost,1,0.7262585163116455,1
test,xgboost,0,0.00040244130650535226,0
test,xgboost,0,0.04568544030189514,0
test,xgboost,0,0.007089490536600351,0
test,xgboost,0,0.007418317720293999,0
test,xgboost,0,0.032775573432445526,0
test,xgboost,0,0.0004519383073784411,0
test,xgboost,0,0.9079193472862244,1
test,xgboost,0,0.004400668665766716,0
test,xgboost,0,0.01622699201107025,0
test,xgboost,0,0.0004970961599610746,0
test,xgboost,0,0.005521006416529417,0
test,xgboost,0,0.010937120765447617,0
test,xgboost,0,0.00012181257625343278,0
test,xgboost,0,0.051323190331459045,0
test,xgboost,0,0.005961308721452951,0
test,xgboost,0,0.5057443976402283,0
test,xgboost,0,0.002240776317194104,0
test,xgboost,0,0.0674111396074295,0
test,xgboost,0,0.026266489177942276,0
test,xgboost,0,0.6031162142753601,1
test,xgboost,0,0.03264585882425308,0
test,xgboost,0,0.035853926092386246,0
test,xgboost,1,0.9462156891822815,1
test,xgboost,0,0.0003291495668236166,0
test,xgboost,0,0.02073129639029503,0
test,xgboost,0,0.009660270996391773,0
test,xgboost,1,0.019296947866678238,0
test,xgboost,0,0.01392483152449131,0
test,xgboost,0,0.0008739037439227104,0
test,xgboost,0,0.00031422817846760154,0
test,xgboost,0,0.00012781022815033793,0
test,xgboost,0,0.0004247167380526662,0
test,xgboost,0,0.07252947986125946,0
test,xgboost,0,0.045664284378290176,0
test,xgboost,0,0.0018553512636572123,0
test,xgboost,1,0.8252413272857666,1
test,xgboost,0,0.01025199331343174,0
test,xgboost,0,0.0062442258931696415,0
test,xgboost,0,0.6311702728271484,1
test,xgboost,0,0.0012478823773562908,0
test,xgboost,0,0.024967031553387642,0
test,xgboost,0,0.22693876922130585,0
test,xgboost,1,0.6352649927139282,1
test,xgboost,0,0.007220294792205095,0
test,xgboost,1,0.2805679142475128,0
test,xgboost,0,0.005435329861938953,0
test,xgboost,0,0.005333978217095137,0
test,xgboost,0,0.10133752226829529,0
test,xgboost,0,0.01075664535164833,0
test,xgboost,0,0.007997068576514721,0
test,xgboost,0,0.8852141499519348,1
test,xgboost,0,0.056113336235284805,0
test,xgboost,0,0.12946125864982605,0
test,xgboost,0,0.013825862668454647,0
test,xgboost,0,0.00047805867507122457,0
test,xgboost,1,0.8251481056213379,1
test,xgboost,0,0.19188910722732544,0
test,xgboost,0,0.004177038092166185,0
test,xgboost,1,0.7769832611083984,1
test,xgboost,1,0.17724333703517914,0
test,xgboost,0,0.0010179271921515465,0
test,xgboost,0,0.01360996812582016,0
test,xgboost,0,0.34679117798805237,0
test,xgboost,0,0.12184545397758484,0
test,xgboost,0,0.00026031944435089827,0
test,xgboost,0,0.266092985868454,0
test,xgboost,0,0.00039294856833294034,0
test,xgboost,0,0.015321951359510422,0
test,xgboost,0,0.01895621046423912,0
test,xgboost,0,0.7982467412948608,1
test,xgboost,0,0.974398136138916,1
test,xgboost,0,0.002872768323868513,0
test,xgboost,0,0.5381972193717957,0
test,xgboost,0,0.09564346075057983,0
test,xgboost,0,0.6850185990333557,1
test,xgboost,0,0.4920353293418884,0
test,xgboost,0,0.0014451665338128805,0
test,xgboost,0,0.1505083292722702,0
test,xgboost,1,0.4746307134628296,0
test,xgboost,0,0.011117697693407536,0
test,xgboost,0,0.0007292614318430424,0
test,xgboost,0,0.43120625615119934,0
test,xgboost,0,0.05857251212000847,0
test,xgboost,0,0.001568564330227673,0
test,xgboost,0,0.09542165696620941,0
test,xgboost,0,0.5113370418548584,0
test,xgboost,1,0.572809636592865,1
test,xgboost,0,0.0003559547185432166,0
test,xgboost,0,0.018862519413232803,0
test,xgboost,0,0.020605355501174927,0
test,xgboost,0,0.0005507515161298215,0
test,xgboost,0,0.08854536712169647,0
test,xgboost,0,0.002646817360073328,0
test,xgboost,1,0.7173286080360413,1
test,xgboost,0,0.26851898431777954,0
test,xgboost,0,0.00015923801402095705,0
test,xgboost,0,0.03395788371562958,0
test,xgboost,0,0.015820825472474098,0
test,xgboost,1,0.17380960285663605,0
test,xgboost,0,0.002449730411171913,0
test,xgboost,0,0.02651854418218136,0
test,xgboost,0,0.36803117394447327,0
test,xgboost,0,0.05680963397026062,0
test,xgboost,0,0.11800766736268997,0
test,xgboost,1,0.8467963933944702,1
test,xgboost,0,0.013854830525815487,0
test,xgboost,1,0.08766405284404755,0
test,xgboost,0,0.0005618765135295689,0
test,xgboost,0,0.00043182840454392135,0
test,xgboost,0,0.6735010147094727,1
test,xgboost,0,0.0003926643403246999,0
test,xgboost,0,0.0015454539097845554,0
test,xgboost,0,0.09621556848287582,0
test,xgboost,1,0.9282357096672058,1
test,xgboost,0,0.07802161574363708,0
test,xgboost,0,0.0005306132370606065,0
test,xgboost,0,0.013879211619496346,0
test,xgboost,0,0.029711948707699776,0
test,xgboost,0,0.005172449629753828,0
test,xgboost,0,0.10951288044452667,0
test,xgboost,0,0.131684809923172,0
test,xgboost,0,0.11984914541244507,0
test,xgboost,0,0.006249729543924332,0
test,xgboost,0,0.08360279351472855,0
test,xgboost,0,0.0007375195855274796,0
test,xgboost,0,0.015804700553417206,0
test,xgboost,0,0.016337038949131966,0
test,xgboost,0,0.2137991040945053,0
test,xgboost,0,0.002501875162124634,0
test,xgboost,1,0.8702916502952576,1
test,xgboost,0,0.00038045572000555694,0
test,xgboost,0,0.018936002627015114,0
test,xgboost,0,0.0028202517423778772,0
test,xgboost,0,0.027025960385799408,0
test,xgboost,0,0.006850888952612877,0
test,xgboost,1,0.238406240940094,0
test,xgboost,1,0.39353612065315247,0
test,xgboost,0,0.007440251763910055,0
test,xgboost,1,0.19284425675868988,0
test,xgboost,1,0.002305617555975914,0
test,xgboost,0,0.1526346653699875,0
test,xgboost,0,0.007643355987966061,0
test,xgboost,0,0.00042331195436418056,0
test,xgboost,0,0.03400033339858055,0
test,xgboost,1,0.7951710820198059,1
test,xgboost,0,0.02065521664917469,0
test,xgboost,1,0.7383492588996887,1
test,xgboost,0,0.008418083190917969,0
test,xgboost,0,0.03900294378399849,0
test,xgboost,1,0.23696723580360413,0
test,xgboost,0,0.506868839263916,0
test,xgboost,1,0.9513879418373108,1
test,xgboost,0,0.04360993206501007,0
test,xgboost,0,0.0021129557862877846,0
test,xgboost,1,0.9883458614349365,1
test,xgboost,1,0.9350476861000061,1
test,xgboost,0,0.05801773443818092,0
test,xgboost,0,0.0024885081220418215,0
test,xgboost,0,0.0032632327638566494,0
test,xgboost,0,0.5938013792037964,1
test,xgboost,0,7.118382200133055e-05,0
test,xgboost,1,0.8128710985183716,1
test,xgboost,0,0.02632078342139721,0
test,xgboost,1,0.552059531211853,1
test,xgboost,0,0.0004174532077740878,0
test,xgboost,1,0.9638014435768127,1
test,xgboost,0,0.07467084378004074,0
test,xgboost,0,0.09311162680387497,0
test,xgboost,1,0.607459306716919,1
test,xgboost,0,0.0018219504272565246,0
test,xgboost,0,0.021211272105574608,0
test,xgboost,0,0.001884394558146596,0
test,xgboost,0,0.023672768846154213,0
test,xgboost,0,0.00665934756398201,0
test,xgboost,0,0.05806531757116318,0
test,xgboost,0,0.009361407719552517,0
test,xgboost,0,0.00023779846378602087,0
test,xgboost,0,0.6409130692481995,1
test,xgboost,0,0.00022853194968774915,0
test,xgboost,0,0.005730107892304659,0
test,xgboost,1,0.939978301525116,1
test,xgboost,1,0.6381202936172485,1
test,xgboost,1,0.75080406665802,1
test,xgboost,1,0.9882081151008606,1
test,xgboost,0,0.05172283574938774,0
test,xgboost,0,0.007235729601234198,0
test,xgboost,0,0.0024659517221152782,0
test,xgboost,1,0.9802408218383789,1
test,xgboost,0,0.0022820571903139353,0
test,xgboost,0,0.11857499927282333,0
test,xgboost,0,0.13259223103523254,0
test,xgboost,0,0.20739790797233582,0
test,xgboost,0,0.046749453991651535,0
test,xgboost,1,0.6198504567146301,1
test,xgboost,0,0.09908381849527359,0
test,xgboost,0,0.4077082872390747,0
test,xgboost,0,0.02563885971903801,0
test,xgboost,0,0.0004000527551397681,0
test,xgboost,0,0.0065619670785963535,0
test,xgboost,0,0.018120139837265015,0
test,xgboost,0,0.011834263801574707,0
test,xgboost,0,0.044003743678331375,0
test,xgboost,0,0.04145149141550064,0
test,xgboost,0,0.0007250637281686068,0
test,xgboost,0,0.0008358358172699809,0
test,xgboost,1,0.03204356133937836,0
test,xgboost,0,0.0032080928795039654,0
test,xgboost,0,0.0004265027237124741,0
test,xgboost,1,0.45484742522239685,0
test,xgboost,0,0.0011628202628344297,0
test,xgboost,0,0.0004464359662961215,0
test,xgboost,0,0.0012458907440304756,0
test,xgboost,0,0.0017376926261931658,0
test,xgboost,0,0.001003903103992343,0
test,xgboost,0,0.4454697072505951,0
test,xgboost,0,0.024955036118626595,0
test,xgboost,0,0.053134478628635406,0
test,xgboost,0,0.7257941961288452,1
test,xgboost,0,0.0013536065816879272,0
test,xgboost,0,0.00605750223621726,0
test,xgboost,0,0.0024792393669486046,0
test,xgboost,0,0.7082774043083191,1
test,xgboost,0,0.0020996229723095894,0
test,xgboost,0,0.0007554920157417655,0
test,xgboost,0,0.055334415286779404,0
test,xgboost,0,0.0013164668343961239,0
test,xgboost,0,0.0005393215105868876,0
test,xgboost,0,0.04237621650099754,0
test,xgboost,0,0.12474913895130157,0
test,xgboost,0,0.0011335096787661314,0
test,xgboost,0,0.010447432287037373,0
test,xgboost,0,0.81290602684021,1
test,xgboost,0,0.7575214505195618,1
test,xgboost,1,0.9313678741455078,1
test,xgboost,0,0.7024725675582886,1
test,xgboost,0,0.18421833217144012,0
test,xgboost,0,0.7305870652198792,1
test,xgboost,1,0.8158435821533203,1
test,xgboost,1,0.5343561172485352,0
test,xgboost,0,0.00017851914162747562,0
test,xgboost,0,0.0016035273438319564,0
test,xgboost,0,0.0053736744448542595,0
test,xgboost,0,0.00011810274008894339,0
test,xgboost,1,0.9873039126396179,1
test,xgboost,0,0.0026969085447490215,0
test,xgboost,0,0.11326736211776733,0
test,xgboost,0,0.0032039007637649775,0
test,xgboost,1,0.7906216382980347,1
test,xgboost,0,0.23597820103168488,0
test,xgboost,0,0.00633354764431715,0
test,xgboost,0,0.41640299558639526,0
test,xgboost,1,0.5578370094299316,1
test,xgboost,0,0.0020021600648760796,0
test,xgboost,0,5.25351133546792e-05,0
test,xgboost,1,0.6323787569999695,1
test,xgboost,1,0.8343007564544678,1
test,xgboost,0,0.8768643736839294,1
test,xgboost,0,0.46797171235084534,0
test,xgboost,0,0.0006420883000828326,0
test,xgboost,0,0.001031821477226913,0
test,xgboost,0,0.006354748271405697,0
test,xgboost,0,0.08264709264039993,0
test,xgboost,1,0.4939868450164795,0
test,xgboost,0,0.6910555362701416,1
test,xgboost,0,0.002196797402575612,0
test,xgboost,0,0.0071228621527552605,0
test,xgboost,0,0.007875294424593449,0
test,xgboost,0,0.2625172734260559,0
test,xgboost,0,0.09378883242607117,0
test,xgboost,0,0.001610514591448009,0
test,xgboost,0,0.5259666442871094,0
test,xgboost,0,0.03564395010471344,0
test,xgboost,0,0.001124816364608705,0
test,xgboost,0,0.9548088908195496,1
test,xgboost,0,0.25980833172798157,0
test,xgboost,1,0.9696616530418396,1
test,xgboost,1,0.9198017716407776,1
test,xgboost,0,0.03755545616149902,0
test,xgboost,1,0.9752228856086731,1
test,xgboost,0,0.03673930838704109,0
test,xgboost,0,0.0014189259381964803,0
test,xgboost,0,0.0003950411919504404,0
test,xgboost,0,0.00010004758951254189,0
test,xgboost,0,0.28616711497306824,0
test,xgboost,0,0.05397672951221466,0
test,xgboost,0,0.6437583565711975,1
test,xgboost,0,0.04756629839539528,0
test,xgboost,0,0.00045985833276063204,0
test,xgboost,1,0.8206142783164978,1
test,xgboost,0,0.962681770324707,1
test,xgboost,0,9.925650374498218e-05,0
test,xgboost,0,0.020618028938770294,0
test,xgboost,0,0.29358574748039246,0
test,xgboost,0,0.7637667059898376,1
test,xgboost,0,0.3648608922958374,0
test,xgboost,0,0.0007710184436291456,0
test,xgboost,1,0.6329976916313171,1
test,xgboost,0,0.0009072599932551384,0
test,xgboost,0,0.0001183373315143399,0
test,xgboost,0,5.387707642512396e-05,0
test,xgboost,1,0.9336190223693848,1
test,xgboost,0,0.2626842260360718,0
test,xgboost,1,0.36691078543663025,0
test,xgboost,0,0.0009453294333070517,0
test,xgboost,0,0.058346427977085114,0
test,xgboost,0,0.0009659891948103905,0
test,xgboost,1,0.5328881740570068,0
test,xgboost,0,0.0007517625344917178,0
test,xgboost,0,0.0038857923354953527,0
test,xgboost,0,0.00016019273607525975,0
test,xgboost,0,0.035549212247133255,0
test,xgboost,0,0.00019199687812943012,0
test,xgboost,1,0.8263853788375854,1
test,xgboost,0,0.0061098127625882626,0
test,xgboost,0,0.0007731166551820934,0
test,xgboost,1,0.6238730549812317,1
test,xgboost,0,0.06358354538679123,0
test,xgboost,0,0.005469230469316244,0
test,xgboost,0,0.00015391084889415652,0
test,xgboost,0,0.07755104452371597,0
test,xgboost,0,0.011073757894337177,0
test,xgboost,0,0.014301938004791737,0
test,xgboost,0,0.30608493089675903,0
test,xgboost,0,0.3129277527332306,0
test,xgboost,0,0.4164842665195465,0
test,xgboost,0,0.000631276867352426,0
test,xgboost,0,0.0003027479106094688,0
test,xgboost,0,0.7608903050422668,1
test,xgboost,0,0.005354895722121,0
test,xgboost,0,0.8514364957809448,1
test,xgboost,1,0.9877817630767822,1
test,xgboost,0,0.007791300304234028,0
test,xgboost,0,0.8272439241409302,1
test,xgboost,0,0.0006169956759549677,0
test,xgboost,0,0.21534228324890137,0
test,xgboost,0,0.013647692278027534,0
test,xgboost,0,0.10232461243867874,0
test,xgboost,0,0.0051743690855801105,0
test,xgboost,0,0.12523521482944489,0
test,xgboost,0,0.7801766991615295,1
test,xgboost,0,0.000782088260166347,0
test,xgboost,1,0.20537324249744415,0
test,xgboost,0,0.0031447219662368298,0
test,xgboost,1,0.784214437007904,1
test,xgboost,0,0.29605209827423096,0
test,xgboost,1,0.547233521938324,0
test,xgboost,0,0.01470085047185421,0
test,xgboost,0,0.159208282828331,0
test,xgboost,0,0.037385206669569016,0
test,xgboost,0,0.0006813350482843816,0
test,xgboost,0,0.36460015177726746,0
test,xgboost,0,0.0031755282543599606,0
test,xgboost,1,0.9320305585861206,1
test,xgboost,0,0.021189168095588684,0
test,xgboost,0,0.006927669048309326,0
test,xgboost,0,0.13517066836357117,0
test,xgboost,0,0.017919199541211128,0
test,xgboost,1,0.9564826488494873,1
test,xgboost,0,0.01348833553493023,0
test,xgboost,0,0.0796552523970604,0
test,xgboost,1,0.9476063251495361,1
test,xgboost,0,0.004844398237764835,0
test,xgboost,0,0.0019692631904035807,0
test,xgboost,0,0.0531708262860775,0
test,xgboost,0,0.8266773819923401,1
test,xgboost,0,0.008378772996366024,0
test,xgboost,1,0.19486920535564423,0
test,xgboost,0,0.13501322269439697,0
test,xgboost,0,0.4538925588130951,0
test,xgboost,0,0.8374186754226685,1
test,xgboost,0,0.000932056806050241,0
test,xgboost,0,0.024828298017382622,0
test,xgboost,0,0.015580027364194393,0
test,xgboost,1,0.9608389139175415,1
test,xgboost,0,0.00036663725040853024,0
test,xgboost,0,5.862289617653005e-05,0
test,xgboost,0,0.030448714271187782,0
test,xgboost,0,0.2841118276119232,0
test,xgboost,0,0.2823014259338379,0
test,xgboost,0,0.0023648422211408615,0
test,xgboost,0,0.24716855585575104,0
test,xgboost,0,0.3900684416294098,0
test,xgboost,0,0.00528573477640748,0
test,xgboost,0,0.00011281039041932672,0
test,xgboost,0,0.04106619954109192,0
test,xgboost,0,0.02433428168296814,0
test,xgboost,1,0.8912271857261658,1
test,xgboost,0,0.3396204113960266,0
test,xgboost,0,0.00010838576417881995,0
test,xgboost,0,0.34953632950782776,0
test,xgboost,0,0.5398693084716797,0
test,xgboost,0,0.7376182675361633,1
test,xgboost,0,0.003989150747656822,0
test,xgboost,1,0.962107241153717,1
test,xgboost,0,0.0011101802811026573,0
test,xgboost,0,0.005857983138412237,0
test,xgboost,0,0.01745213009417057,0
test,xgboost,0,0.0004157536895945668,0
test,xgboost,0,0.0013995616463944316,0
test,xgboost,0,0.1257275640964508,0
test,xgboost,0,0.2862789034843445,0
test,xgboost,0,0.04364059120416641,0
test,xgboost,0,0.0004811093967873603,0
test,xgboost,0,0.00235468870960176,0
test,xgboost,0,0.012841164134442806,0
test,xgboost,1,0.7577567100524902,1
test,xgboost,0,0.23562780022621155,0
test,xgboost,0,0.0009926140774041414,0
test,xgboost,0,0.0015172166749835014,0
test,xgboost,0,0.053562358021736145,0
test,xgboost,0,0.0008247473160736263,0
test,xgboost,0,0.008200915530323982,0
test,xgboost,0,0.5089347958564758,0
test,xgboost,0,0.027113642543554306,0
test,xgboost,0,0.00018419929256197065,0
test,xgboost,0,0.8562332391738892,1
test,xgboost,0,0.019496235996484756,0
test,xgboost,0,0.8785382509231567,1
test,xgboost,0,0.0009785910369828343,0
test,xgboost,0,0.00037057060399092734,0
test,xgboost,0,0.19128499925136566,0
test,xgboost,0,0.007207440212368965,0
test,xgboost,0,0.01670488342642784,0
test,xgboost,0,0.6251078844070435,1
test,xgboost,0,0.5680235624313354,1
test,xgboost,1,0.877005934715271,1
test,xgboost,1,0.5830453634262085,1
test,xgboost,0,0.0009857489494606853,0
test,xgboost,0,0.0012318715453147888,0
test,xgboost,0,0.0007075307075865567,0
test,xgboost,0,0.010579538531601429,0
test,xgboost,0,0.022081250324845314,0
test,xgboost,0,0.0007838132441975176,0
test,xgboost,0,0.04789191856980324,0
test,xgboost,0,0.02142353169620037,0
test,xgboost,0,0.008428381755948067,0
test,xgboost,0,0.031169265508651733,0
test,xgboost,0,0.00014619286230299622,0
test,xgboost,0,0.34417441487312317,0
test,xgboost,1,0.9222517013549805,1
test,xgboost,0,0.13147655129432678,0
test,xgboost,1,0.8441565036773682,1
test,xgboost,0,0.01896013878285885,0
test,xgboost,1,0.8934491872787476,1
test,xgboost,0,0.30500689148902893,0
test,xgboost,1,0.7997408509254456,1
test,xgboost,0,0.6707306504249573,1
test,xgboost,0,0.005168064497411251,0
test,xgboost,0,0.0008123770821839571,0
test,xgboost,1,0.0381174236536026,0
test,xgboost,0,0.0005977251566946507,0
test,xgboost,0,0.03303605690598488,0
test,xgboost,0,0.13778594136238098,0
test,xgboost,0,0.011635132133960724,0
test,xgboost,0,0.0005063305725343525,0
test,xgboost,0,0.14039170742034912,0
test,xgboost,0,6.804326403653249e-05,0
test,xgboost,0,0.0025579165667295456,0
test,xgboost,0,0.0185878723859787,0
test,xgboost,0,0.018420545384287834,0
test,xgboost,0,0.07275042682886124,0
test,xgboost,0,0.0010356806451454759,0
test,xgboost,0,0.02122628130018711,0
test,xgboost,0,0.0615035779774189,0
test,xgboost,0,0.13443662226200104,0
test,xgboost,0,0.00030342029640451074,0
test,xgboost,0,0.17381787300109863,0
test,xgboost,0,0.0002397318894509226,0
test,xgboost,0,0.00032685991027392447,0
test,xgboost,0,0.000879958679433912,0
test,xgboost,0,0.19568927586078644,0
test,xgboost,0,0.0024499238934367895,0
test,xgboost,0,0.10675932466983795,0
test,xgboost,0,0.00027312315069139004,0
test,xgboost,0,0.005649958271533251,0
test,xgboost,1,0.8570627570152283,1
test,xgboost,0,0.49912896752357483,0
test,xgboost,0,0.0007845567888580263,0
test,xgboost,0,0.0031393691897392273,0
test,xgboost,0,0.023592626675963402,0
test,xgboost,0,0.0017764668446034193,0
test,xgboost,1,0.24760325253009796,0
test,xgboost,0,0.00019165192497894168,0
test,xgboost,0,5.711891935789026e-05,0
test,xgboost,0,0.0007959672948345542,0
test,xgboost,0,0.07522473484277725,0
test,xgboost,0,0.03314585238695145,0
test,xgboost,0,0.15338465571403503,0
test,xgboost,0,0.01233683805912733,0
test,xgboost,0,0.006148759741336107,0
test,xgboost,0,0.008078519254922867,0
test,xgboost,0,0.005064220167696476,0
test,xgboost,0,0.1868046224117279,0
test,xgboost,0,0.0008894543279893696,0
test,xgboost,0,0.32203012704849243,0
test,xgboost,0,0.007609084248542786,0
test,xgboost,0,0.5002977848052979,0
test,xgboost,0,0.0007212269701994956,0
test,xgboost,0,0.033306535333395004,0
test,xgboost,0,0.038914766162633896,0
test,xgboost,0,0.016954127699136734,0
test,xgboost,0,0.6578472852706909,1
test,xgboost,0,0.008093959651887417,0
test,xgboost,0,0.0006597651517949998,0
test,xgboost,0,0.0009898876305669546,0
test,xgboost,0,0.003637801157310605,0
test,xgboost,0,0.003730242373421788,0
test,xgboost,0,0.003969287965446711,0
test,xgboost,0,0.000348839646903798,0
test,xgboost,0,0.0006613878649659455,0
test,xgboost,0,0.17724250257015228,0
test,xgboost,1,0.6981282234191895,1
test,xgboost,1,0.2562143802642822,0
test,xgboost,1,0.8991339802742004,1
test,xgboost,0,0.26849934458732605,0
test,xgboost,0,0.3915456235408783,0
test,xgboost,0,0.06886248290538788,0
test,xgboost,0,0.0151490718126297,0
test,xgboost,1,0.9296587109565735,1
test,xgboost,0,0.08547993749380112,0
test,xgboost,0,0.9522630572319031,1
test,xgboost,0,0.009370782412588596,0
test,xgboost,0,0.24080555140972137,0
test,xgboost,0,0.12651506066322327,0
test,xgboost,1,0.6861570477485657,1
test,xgboost,1,0.8745066523551941,1
test,xgboost,0,0.6661261320114136,1
test,xgboost,0,0.6246878504753113,1
test,xgboost,1,0.8926416635513306,1
test,xgboost,0,0.0032531192991882563,0
test,xgboost,0,0.4553884267807007,0
test,xgboost,0,0.007097190711647272,0
test,xgboost,1,0.9111787676811218,1
test,xgboost,0,0.7028965353965759,1
test,xgboost,1,0.8124766945838928,1
test,xgboost,1,0.5589396953582764,1
test,xgboost,1,0.26898255944252014,0
test,xgboost,0,0.10369301587343216,0
test,xgboost,0,0.38514962792396545,0
test,xgboost,0,0.6102632880210876,1
test,xgboost,0,0.0020637684501707554,0
test,xgboost,0,0.09452870488166809,0
test,xgboost,0,0.02055240422487259,0
test,xgboost,0,0.20786021649837494,0
test,xgboost,0,0.1799411177635193,0
test,xgboost,0,0.0064364769496023655,0
test,xgboost,0,0.8151845932006836,1
test,xgboost,0,0.0549866184592247,0
test,xgboost,0,0.20719175040721893,0
test,xgboost,0,0.0001249477791134268,0
test,xgboost,0,0.03768080845475197,0
test,xgboost,0,0.05808215215802193,0
test,xgboost,1,0.8502870202064514,1
test,xgboost,1,0.8014345765113831,1
test,xgboost,0,0.0030026824679225683,0
test,xgboost,0,0.07866466790437698,0
test,xgboost,0,0.0011016473872587085,0
test,xgboost,0,0.01145181804895401,0
test,xgboost,0,0.5592148303985596,1
test,xgboost,0,0.011466791853308678,0
test,xgboost,0,0.163019597530365,0
test,xgboost,0,0.750140368938446,1
test,xgboost,0,0.0010145516134798527,0
test,xgboost,0,0.0003374581574462354,0
test,xgboost,0,0.0011298443423584104,0
test,xgboost,0,0.10416482388973236,0
test,xgboost,0,0.07213956862688065,0
test,xgboost,0,0.0002645191561896354,0
test,xgboost,0,0.1419319361448288,0
test,xgboost,0,0.0009958944283425808,0
test,xgboost,0,0.00010461697820574045,0
test,xgboost,0,0.004066860768944025,0
test,xgboost,0,0.17992977797985077,0
test,xgboost,1,0.029106849804520607,0
test,xgboost,1,0.47999709844589233,0
test,xgboost,0,0.05316997319459915,0
test,xgboost,0,0.6209684610366821,1
test,xgboost,0,0.07303708046674728,0
test,xgboost,0,0.027149172499775887,0
test,xgboost,0,0.0002806596166919917,0
test,xgboost,0,0.0004381942271720618,0
test,xgboost,0,0.028204312548041344,0
test,xgboost,0,0.04092603921890259,0
test,xgboost,0,0.0006890383665449917,0
test,xgboost,0,0.00011486938456073403,0
test,xgboost,0,0.5992375016212463,1
test,xgboost,0,0.009029312059283257,0
test,xgboost,0,0.0009664233075454831,0
test,xgboost,0,0.327372282743454,0
test,xgboost,0,0.0016296477988362312,0
test,xgboost,0,0.00047659018309786916,0
test,xgboost,0,0.008873317390680313,0
test,xgboost,0,0.21608343720436096,0
test,xgboost,1,0.9950656294822693,1
test,xgboost,0,0.03968196362257004,0
test,xgboost,0,0.0004682064172811806,0
test,xgboost,0,0.01406540535390377,0
test,xgboost,0,0.014090939424932003,0
test,xgboost,0,0.00012006318138446659,0
test,xgboost,0,0.0021629249677062035,0
test,xgboost,0,0.004053660202771425,0
test,xgboost,0,0.006715163588523865,0
test,xgboost,0,0.0004946583649143577,0
test,xgboost,0,0.0004937605117447674,0
test,xgboost,0,0.20183317363262177,0
test,xgboost,0,0.1273784041404724,0
test,xgboost,0,0.00036181072937324643,0
test,xgboost,0,0.009528581984341145,0
test,xgboost,0,0.0001024759840220213,0
test,xgboost,1,0.9199059009552002,1
test,xgboost,0,0.00101620820350945,0
test,xgboost,0,0.12959501147270203,0
test,xgboost,0,0.001645317068323493,0
test,xgboost,0,0.0017796795582398772,0
test,xgboost,0,0.3141287863254547,0
test,xgboost,0,0.2720046937465668,0
test,xgboost,0,0.413156121969223,0
test,xgboost,0,0.021762531250715256,0
test,xgboost,0,0.4554203450679779,0
test,xgboost,0,0.841404378414154,1
test,xgboost,1,0.9483602643013,1
test,xgboost,0,0.02553734928369522,0
test,xgboost,0,0.007509863004088402,0
test,xgboost,0,0.0017960388213396072,0
test,xgboost,0,0.000331936840666458,0
test,xgboost,0,0.0008383875247091055,0
test,xgboost,0,0.013362388126552105,0
test,xgboost,0,0.06831352412700653,0
test,xgboost,1,0.7423489093780518,1
test,xgboost,0,0.20446552336215973,0
test,xgboost,0,0.01926351524889469,0
test,xgboost,0,0.006658928468823433,0
test,xgboost,0,0.16439935564994812,0
test,xgboost,1,0.5903975367546082,1
test,xgboost,0,0.04345535859465599,0
test,xgboost,0,0.020336275920271873,0
test,xgboost,0,0.8647448420524597,1
test,xgboost,0,0.006541737355291843,0
test,xgboost,0,0.002653054427355528,0
test,xgboost,0,0.0003034706460312009,0
test,xgboost,0,0.04519829526543617,0
test,xgboost,0,0.024416962638497353,0
test,xgboost,0,0.6190908551216125,1
test,xgboost,0,0.004414956085383892,0
test,xgboost,1,0.9192593097686768,1
test,xgboost,1,0.9386860132217407,1
test,xgboost,0,0.020834902301430702,0
test,xgboost,0,0.001840548706240952,0
test,xgboost,0,0.0005441300454549491,0
test,xgboost,0,0.1058763712644577,0
test,xgboost,0,0.5011537671089172,0
test,xgboost,0,0.0043769534677267075,0
test,xgboost,0,0.001366022857837379,0
test,xgboost,0,0.0002418059593765065,0
test,xgboost,0,0.0008645884809084237,0
test,xgboost,0,0.00831102579832077,0
test,xgboost,0,0.04870272055268288,0
test,xgboost,0,0.004126930609345436,0
test,xgboost,0,0.6164358258247375,1
test,xgboost,0,0.0017423342214897275,0
test,xgboost,0,0.3171091079711914,0
test,xgboost,0,0.0016593149630352855,0
test,xgboost,1,0.23807965219020844,0
test,xgboost,0,0.13984227180480957,0
test,xgboost,0,0.061475396156311035,0
test,xgboost,0,0.4715266525745392,0
test,xgboost,0,0.7261418700218201,1
test,xgboost,0,0.4207715690135956,0
test,xgboost,0,0.5708698630332947,1
test,xgboost,0,0.0004967165878042579,0
test,xgboost,0,0.41344162821769714,0
test,xgboost,0,0.022227182984352112,0
test,xgboost,0,0.6231265664100647,1
test,xgboost,1,0.4284065365791321,0
test,xgboost,0,0.8619384169578552,1
test,xgboost,0,0.0010064091766253114,0
test,xgboost,0,0.02075624279677868,0
test,xgboost,0,0.0023477482609450817,0
test,xgboost,0,0.18956246972084045,0
test,xgboost,0,0.2514423131942749,0
test,xgboost,0,9.809444600250572e-05,0
test,xgboost,0,0.05238279700279236,0
test,xgboost,1,0.7962858080863953,1
test,xgboost,1,0.9364405274391174,1
test,xgboost,0,0.005851178430020809,0
test,xgboost,0,0.0031405019108206034,0
test,xgboost,1,0.5384153723716736,0
test,xgboost,0,0.8071869611740112,1
test,xgboost,0,0.006200199015438557,0
test,xgboost,1,0.7705277800559998,1
test,xgboost,0,0.0023262149188667536,0
test,xgboost,0,0.00022316408285405487,0
test,xgboost,0,0.10437328368425369,0
test,xgboost,0,0.0006653528544120491,0
test,xgboost,0,0.23072291910648346,0
test,xgboost,0,0.029725175350904465,0
test,xgboost,0,0.01669706031680107,0
test,xgboost,0,0.012628254480659962,0
test,xgboost,0,0.14859020709991455,0
test,xgboost,1,0.769938051700592,1
test,xgboost,0,0.00039213261334225535,0
test,xgboost,0,0.3078773617744446,0
test,xgboost,0,0.6621655225753784,1
test,xgboost,0,0.023470425978302956,0
test,xgboost,0,0.0005429868469946086,0
test,xgboost,0,0.013184569776058197,0
test,xgboost,0,0.02078341692686081,0
test,xgboost,0,0.0021048015914857388,0
test,xgboost,0,0.03013177216053009,0
test,xgboost,0,0.24949601292610168,0
test,xgboost,0,0.002196969697251916,0
test,xgboost,0,0.02884880267083645,0
test,xgboost,0,0.00027654838049784303,0
test,xgboost,0,0.0004365087079349905,0
test,xgboost,0,0.6008153557777405,1
test,xgboost,0,0.027550602331757545,0
test,xgboost,1,0.37078699469566345,0
test,xgboost,0,0.1011311411857605,0
test,xgboost,0,0.16944263875484467,0
test,xgboost,0,0.7574315071105957,1
test,xgboost,0,0.014682598412036896,0
test,xgboost,0,0.0013600541278719902,0
test,xgboost,0,0.0006561539485119283,0
test,xgboost,0,0.03663983941078186,0
test,xgboost,0,0.26046279072761536,0
test,xgboost,0,0.0008766601677052677,0
test,xgboost,0,0.0006354079814627767,0
test,xgboost,0,0.007572459056973457,0
test,xgboost,0,0.040238797664642334,0
test,xgboost,0,0.0022565124090760946,0
test,xgboost,0,0.009401227347552776,0
test,xgboost,0,0.004040908999741077,0
test,xgboost,0,0.07021031528711319,0
test,xgboost,0,0.0003596239839680493,0
test,xgboost,0,0.0002448730811011046,0
test,xgboost,0,0.2268262505531311,0
test,xgboost,1,0.3651076555252075,0
test,xgboost,1,0.5300756692886353,0
test,xgboost,0,0.0004143364494666457,0
test,xgboost,0,0.014499498531222343,0
test,xgboost,1,0.9847175478935242,1
test,xgboost,1,0.1595901995897293,0
test,xgboost,1,0.8945499062538147,1
test,xgboost,0,0.8486483693122864,1
test,xgboost,0,0.004658732563257217,0
test,xgboost,0,0.6841952204704285,1
test,xgboost,0,0.29026687145233154,0
test,xgboost,0,0.021451659500598907,0
test,xgboost,0,0.9497469663619995,1
test,xgboost,0,0.0034441067837178707,0
test,xgboost,0,0.04031828045845032,0
test,xgboost,0,0.4161098301410675,0
test,xgboost,0,0.0012640426866710186,0
test,xgboost,0,0.11876892298460007,0
test,xgboost,0,0.12509118020534515,0
test,xgboost,0,0.00038278824649751186,0
test,xgboost,1,0.9598984122276306,1
test,xgboost,0,0.0010847976664081216,0
test,xgboost,0,0.014535627327859402,0
test,xgboost,0,0.015499113127589226,0
test,xgboost,0,0.0352177619934082,0
test,xgboost,1,0.6956986784934998,1
test,xgboost,1,0.9905121922492981,1
test,xgboost,0,0.0068153575994074345,0
test,xgboost,0,0.15262483060359955,0
test,xgboost,0,0.0015168895479291677,0
test,xgboost,0,0.00021804239077027887,0
test,xgboost,0,0.001479920232668519,0
test,xgboost,0,0.07071041315793991,0
test,xgboost,0,0.7507022619247437,1
test,xgboost,0,0.002461740979924798,0
test,xgboost,0,0.016645992174744606,0
test,xgboost,0,0.01401722151786089,0
test,xgboost,0,0.00022314451052807271,0
test,xgboost,0,0.03107461892068386,0
test,xgboost,0,0.05271546170115471,0
test,xgboost,0,0.0029356384184211493,0
test,xgboost,0,0.00041585593135096133,0
test,xgboost,0,0.03631587326526642,0
test,xgboost,0,0.5486176013946533,0
test,xgboost,0,0.0029206490144133568,0
test,xgboost,1,0.94685959815979,1
test,xgboost,0,0.07658279687166214,0
test,xgboost,0,0.15563809871673584,0
test,xgboost,0,0.09036119282245636,0
test,xgboost,0,0.0004714190145023167,0
test,xgboost,0,0.7451869249343872,1
test,xgboost,0,0.9326082468032837,1
test,xgboost,0,0.00025913873105309904,0
test,xgboost,0,0.038959551602602005,0
test,xgboost,1,0.09943092614412308,0
test,xgboost,0,0.012272755615413189,0
test,xgboost,1,0.9836995601654053,1
test,xgboost,0,0.04777572676539421,0
test,xgboost,0,0.0009460191940888762,0
test,xgboost,0,0.046170447021722794,0
test,xgboost,0,0.5002174377441406,0
test,xgboost,0,0.18603157997131348,0
test,xgboost,0,0.00045619020238518715,0
test,xgboost,0,0.008516938425600529,0
test,xgboost,0,0.5493953227996826,0
test,xgboost,0,0.027214469388127327,0
test,xgboost,0,0.00027676625177264214,0
test,xgboost,0,0.872545063495636,1
test,xgboost,0,0.9354634881019592,1
test,xgboost,1,0.03755100071430206,0
test,xgboost,0,0.04225524887442589,0
test,xgboost,0,0.059347376227378845,0
test,xgboost,1,0.3851761519908905,0
test,xgboost,0,0.02647697553038597,0
test,xgboost,0,0.05392974987626076,0
test,xgboost,0,0.04444826766848564,0
test,xgboost,0,0.3105146288871765,0
test,xgboost,0,0.0010956560727208853,0
test,xgboost,0,0.0016949477139860392,0
test,xgboost,1,0.9752760529518127,1
test,xgboost,0,0.0011485930299386382,0
test,xgboost,1,0.9526646733283997,1
test,xgboost,0,0.013602077960968018,0
test,xgboost,0,0.005605483893305063,0
test,xgboost,0,0.008845782838761806,0
test,xgboost,0,0.00012125977809773758,0
test,xgboost,0,0.3582751750946045,0
test,xgboost,0,0.0038227399345487356,0
test,xgboost,0,0.005177469924092293,0
test,xgboost,0,0.08765602856874466,0
test,xgboost,0,0.0026861783117055893,0
test,xgboost,1,0.954212486743927,1
test,xgboost,0,0.0780777856707573,0
test,xgboost,0,0.27780771255493164,0
test,xgboost,0,0.13153241574764252,0
test,xgboost,0,0.013100706972181797,0
test,xgboost,0,0.0003392155922483653,0
test,xgboost,0,0.001508206594735384,0
test,xgboost,0,0.0014460847014561296,0
test,xgboost,0,0.8727017045021057,1
test,xgboost,0,0.004052578471601009,0
test,xgboost,0,0.19041450321674347,0
test,xgboost,1,0.404690682888031,0
test,xgboost,0,0.881420910358429,1
test,xgboost,0,0.5726814866065979,1
test,xgboost,1,0.5092786550521851,0
test,xgboost,0,0.0017756256274878979,0
test,xgboost,0,0.0012407711474224925,0
test,xgboost,1,0.8653081655502319,1
test,xgboost,1,0.8725912570953369,1
test,xgboost,0,0.46039143204689026,0
test,xgboost,0,0.00260355556383729,0
test,xgboost,0,0.08467656373977661,0
test,xgboost,0,0.1225709393620491,0
test,xgboost,0,0.0346701443195343,0
test,xgboost,0,0.009838204830884933,0
test,xgboost,0,0.001002460834570229,0
test,xgboost,0,0.07968246936798096,0
test,xgboost,0,0.0002580371801741421,0
test,xgboost,0,0.0008580154972150922,0
test,xgboost,0,0.12489800900220871,0
test,xgboost,0,0.13248512148857117,0
test,xgboost,0,0.33721885085105896,0
test,xgboost,0,0.0009086562786251307,0
test,xgboost,0,0.04932630807161331,0
test,xgboost,0,0.2662675976753235,0
test,xgboost,0,0.1049024760723114,0
test,xgboost,0,0.000323541957186535,0
test,xgboost,0,0.0018121404573321342,0
test,xgboost,0,0.02954329364001751,0
test,xgboost,0,0.001634877291508019,0
test,xgboost,0,0.0012852356303483248,0
test,xgboost,1,0.37509918212890625,0
test,xgboost,0,0.007117525674402714,0
test,xgboost,0,0.19685138761997223,0
test,xgboost,0,0.008440584875643253,0
test,xgboost,0,0.0020108921453356743,0
test,xgboost,0,0.0022468913812190294,0
test,xgboost,1,0.7007706165313721,1
test,xgboost,0,0.6507152318954468,1
test,xgboost,0,0.0005924363504163921,0
test,xgboost,0,0.0006063333712518215,0
test,xgboost,0,0.045534294098615646,0
test,xgboost,1,0.9626853466033936,1
test,xgboost,0,0.3841540217399597,0
test,xgboost,0,0.0010912669822573662,0
test,xgboost,0,0.32298606634140015,0
test,xgboost,0,0.34091848134994507,0
test,xgboost,0,0.0030836276710033417,0
test,xgboost,0,0.2317972183227539,0
test,xgboost,0,0.005033519584685564,0
test,xgboost,0,0.05598742142319679,0
test,xgboost,0,0.5324473977088928,0
test,xgboost,0,0.0033594381529837847,0
test,xgboost,0,0.0019301662687212229,0
test,xgboost,0,0.090765081346035,0
test,xgboost,1,0.5314846634864807,0
test,xgboost,0,0.15679681301116943,0
test,xgboost,1,0.9952636957168579,1
test,xgboost,0,0.2590765357017517,0
test,xgboost,0,0.006766427308320999,0
test,xgboost,0,0.31115487217903137,0
test,xgboost,0,0.01557097490876913,0
test,xgboost,0,0.02590775117278099,0
test,xgboost,0,0.7722904682159424,1
test,xgboost,0,0.027291135862469673,0
test,xgboost,0,0.7638026475906372,1
test,xgboost,1,0.8639021515846252,1
validation,soft_voting,0,0.01334553934602163,0
validation,soft_voting,0,0.0005772588711934504,0
validation,soft_voting,0,0.2464409669820389,0
validation,soft_voting,0,0.1222167151659827,0
validation,soft_voting,0,0.3509399454590443,0
validation,soft_voting,0,0.0180971014894384,0
validation,soft_voting,0,0.07918774663844322,0
validation,soft_voting,0,0.005266588853807351,0
validation,soft_voting,0,0.20010302731595864,0
validation,soft_voting,0,0.651986043662491,1
validation,soft_voting,0,0.003689967117082396,0
validation,soft_voting,0,0.013824953401311289,0
validation,soft_voting,0,0.0163085602476612,0
validation,soft_voting,0,0.058498270187702726,0
validation,soft_voting,0,0.6225118090426568,1
validation,soft_voting,0,0.0008786159799971179,0
validation,soft_voting,0,0.021119153390975892,0
validation,soft_voting,0,0.007025262561538599,0
validation,soft_voting,0,0.06854272085352535,0
validation,soft_voting,0,0.16167211037572513,0
validation,soft_voting,0,0.1263970719428429,0
validation,soft_voting,0,0.04869297354258123,0
validation,soft_voting,0,0.00037267914211760317,0
validation,soft_voting,0,0.06545993142169355,0
validation,soft_voting,0,0.007308638975641606,0
validation,soft_voting,0,0.06667029991677186,0
validation,soft_voting,0,0.47169400023859814,0
validation,soft_voting,0,0.010522002982231481,0
validation,soft_voting,0,0.02134054178664947,0
validation,soft_voting,1,0.39496284076244875,0
validation,soft_voting,0,0.06667506686189056,0
validation,soft_voting,0,0.013569218079257345,0
validation,soft_voting,0,0.21319011671589183,0
validation,soft_voting,1,0.8308875962288119,1
validation,soft_voting,0,0.1829104073369293,0
validation,soft_voting,0,0.5274920882538945,0
validation,soft_voting,0,0.013903603871726752,0
validation,soft_voting,0,0.11564322926086866,0
validation,soft_voting,0,0.031096725377977263,0
validation,soft_voting,0,0.11438046694761843,0
validation,soft_voting,0,0.6977053190048398,1
validation,soft_voting,0,0.007944726255162241,0
validation,soft_voting,0,0.008427404300699364,0
validation,soft_voting,0,0.01360723494507036,0
validation,soft_voting,0,0.03951863674017068,0
validation,soft_voting,0,0.03976447858369955,0
validation,soft_voting,0,0.025623909600625955,0
validation,soft_voting,0,0.6822654337718713,1
validation,soft_voting,0,0.00519559811373839,0
validation,soft_voting,0,0.10982072268921739,0
validation,soft_voting,0,0.08241239349571794,0
validation,soft_voting,0,0.06500117098637818,0
validation,soft_voting,0,0.39688084935497864,0
validation,soft_voting,0,0.016789704671105955,0
validation,soft_voting,0,0.29571526983288376,0
validation,soft_voting,0,0.18250555197151352,0
validation,soft_voting,0,0.059701427876715396,0
validation,soft_voting,0,0.012466164000006044,0
validation,soft_voting,0,0.1554483426284565,0
validation,soft_voting,1,0.3777666321567885,0
validation,soft_voting,0,0.01897503604803665,0
validation,soft_voting,0,0.04934930536699472,0
validation,soft_voting,0,0.3310149219907214,0
validation,soft_voting,1,0.46516569005420316,0
validation,soft_voting,0,0.076348908569442,0
validation,soft_voting,0,0.12263666435983904,0
validation,soft_voting,0,0.05078386089088921,0
validation,soft_voting,0,0.03426555058461926,0
validation,soft_voting,0,0.11705328899348492,0
validation,soft_voting,0,0.2691724460624652,0
validation,soft_voting,0,0.18489926570984025,0
validation,soft_voting,0,0.03260782818029113,0
validation,soft_voting,0,0.061397588242866064,0
validation,soft_voting,0,0.6743315727140925,1
validation,soft_voting,0,0.7045850317164953,1
validation,soft_voting,0,0.16506650479578164,0
validation,soft_voting,1,0.46310182654006254,0
validation,soft_voting,0,0.06966815276793657,0
validation,soft_voting,0,0.000600312387096262,0
validation,soft_voting,0,0.04978882123604433,0
validation,soft_voting,0,0.00017379133415376972,0
validation,soft_voting,0,0.0026015977311007964,0
validation,soft_voting,0,0.0002556974663907351,0
validation,soft_voting,0,0.45374743986368776,0
validation,soft_voting,0,0.017856994952789054,0
validation,soft_voting,0,0.04514445751727245,0
validation,soft_voting,0,0.002165413051379465,0
validation,soft_voting,0,0.9218591127090057,1
validation,soft_voting,0,0.007143877460558151,0
validation,soft_voting,0,0.007295599814648682,0
validation,soft_voting,0,0.052220398994465844,0
validation,soft_voting,0,0.39958355104970417,0
validation,soft_voting,0,0.4720112894958026,0
validation,soft_voting,0,0.02078932892188732,0
validation,soft_voting,0,0.17549236523352915,0
validation,soft_voting,0,0.17741414753866133,0
validation,soft_voting,0,0.0010298789524530911,0
validation,soft_voting,0,0.013627663072388564,0
validation,soft_voting,0,0.38733925964467125,0
validation,soft_voting,0,0.12037645764492923,0
validation,soft_voting,0,0.7834190310572029,1
validation,soft_voting,0,0.4284811642952429,0
validation,soft_voting,0,0.00047786305669289823,0
validation,soft_voting,0,0.04105877529798,0
validation,soft_voting,0,0.217488804708321,0
validation,soft_voting,0,0.0834835239140727,0
validation,soft_voting,0,0.15522737547246337,0
validation,soft_voting,0,0.012238259931750503,0
validation,soft_voting,0,0.017880330210867785,0
validation,soft_voting,1,0.5967830072714375,1
validation,soft_voting,0,0.0033456803921514556,0
validation,soft_voting,0,0.44776270781706345,0
validation,soft_voting,0,0.179417858495032,0
validation,soft_voting,0,0.7794754341429359,1
validation,soft_voting,0,0.03909594427369601,0
validation,soft_voting,0,0.012642326260025103,0
validation,soft_voting,0,0.10819169755631179,0
validation,soft_voting,0,0.004822111090549876,0
validation,soft_voting,0,0.4038410621926534,0
validation,soft_voting,0,0.2685812440189753,0
validation,soft_voting,0,0.028426927767633416,0
validation,soft_voting,0,0.1633639884900032,0
validation,soft_voting,1,0.48895287468344123,0
validation,soft_voting,0,0.23437450031127097,0
validation,soft_voting,1,0.8635767191685106,1
validation,soft_voting,0,0.6984512995351763,1
validation,soft_voting,0,0.020157977311244177,0
validation,soft_voting,0,0.029591872319888104,0
validation,soft_voting,0,0.675957953571416,1
validation,soft_voting,1,0.4786031230255894,0
validation,soft_voting,0,0.10501744914056525,0
validation,soft_voting,0,0.0003468715413378097,0
validation,soft_voting,0,0.15878156104888894,0
validation,soft_voting,0,0.02346639706929581,0
validation,soft_voting,0,0.004535014901681512,0
validation,soft_voting,0,0.41679552618010707,0
validation,soft_voting,0,0.15781241987725447,0
validation,soft_voting,0,0.22416385953944687,0
validation,soft_voting,0,0.19688415158467706,0
validation,soft_voting,0,0.019531999163343316,0
validation,soft_voting,0,0.14486809785194574,0
validation,soft_voting,0,0.2226549373230244,0
validation,soft_voting,0,0.14693131488869318,0
validation,soft_voting,0,0.5862309586721332,0
validation,soft_voting,0,0.005608918391503895,0
validation,soft_voting,0,0.10957639160432131,0
validation,soft_voting,0,0.3751442183537921,0
validation,soft_voting,0,0.06485227357896425,0
validation,soft_voting,0,0.008778670095502074,0
validation,soft_voting,0,0.734899134197259,1
validation,soft_voting,0,0.5065230405470923,0
validation,soft_voting,0,0.008909956024092742,0
validation,soft_voting,0,0.2930228625198244,0
validation,soft_voting,0,0.022266724483539266,0
validation,soft_voting,0,0.009080778133117388,0
validation,soft_voting,0,0.029026510606562434,0
validation,soft_voting,0,0.3804039420275956,0
validation,soft_voting,0,0.017741842533692296,0
validation,soft_voting,0,0.21928217091454535,0
validation,soft_voting,0,0.07111814753828044,0
validation,soft_voting,0,0.03572888571654285,0
validation,soft_voting,0,0.21513374469637644,0
validation,soft_voting,0,0.004032424328592504,0
validation,soft_voting,0,0.005817670659088363,0
validation,soft_voting,1,0.4159274152927283,0
validation,soft_voting,0,0.25954291438204236,0
validation,soft_voting,0,0.049892227246274345,0
validation,soft_voting,0,0.016289033494756782,0
validation,soft_voting,0,0.19166068264095712,0
validation,soft_voting,0,0.0037739027093967713,0
validation,soft_voting,1,0.4682089555093348,0
validation,soft_voting,0,0.007442264638422407,0
validation,soft_voting,0,0.7323872024492943,1
validation,soft_voting,0,0.14815107005327977,0
validation,soft_voting,0,0.2677668463239345,0
validation,soft_voting,0,0.21385448579251834,0
validation,soft_voting,0,0.7348856283257529,1
validation,soft_voting,0,0.5189661035939402,0
validation,soft_voting,0,0.12719185804121466,0
validation,soft_voting,0,0.1222987968634578,0
validation,soft_voting,1,0.730516738824504,1
validation,soft_voting,0,0.008947240523310194,0
validation,soft_voting,0,0.2149832606414327,0
validation,soft_voting,0,0.007410492609967908,0
validation,soft_voting,0,0.008459649102644224,0
validation,soft_voting,0,0.41048971726437067,0
validation,soft_voting,0,0.0031843279993553127,0
validation,soft_voting,0,0.18582908115277552,0
validation,soft_voting,0,0.0013144403810689792,0
validation,soft_voting,0,0.006826284509596738,0
validation,soft_voting,0,0.00844775115878216,0
validation,soft_voting,0,0.41822679811914537,0
validation,soft_voting,1,0.6399267868341133,1
validation,soft_voting,0,0.18461362343166143,0
validation,soft_voting,1,0.7666084048202769,1
validation,soft_voting,0,0.6249551039295045,1
validation,soft_voting,0,0.06471473993097103,0
validation,soft_voting,0,0.006107864014731279,0
validation,soft_voting,0,0.463955526894866,0
validation,soft_voting,0,0.08615323981228314,0
validation,soft_voting,0,0.006712035629215664,0
validation,soft_voting,0,0.004165526855034009,0
validation,soft_voting,0,0.034860302979831115,0
validation,soft_voting,0,0.04480996359414837,0
validation,soft_voting,0,0.3395503271803448,0
validation,soft_voting,0,0.0027666678838210537,0
validation,soft_voting,0,0.25087382124011587,0
validation,soft_voting,0,0.0146172615062883,0
validation,soft_voting,0,0.6015530936919398,1
validation,soft_voting,0,0.0028088804093268156,0
validation,soft_voting,1,0.7164826337609277,1
validation,soft_voting,0,0.08574497670259802,0
validation,soft_voting,1,0.8442803897884531,1
validation,soft_voting,0,0.013501683881732583,0
validation,soft_voting,1,0.6379109213144399,1
validation,soft_voting,0,0.014430179114554844,0
validation,soft_voting,0,0.009525462649394892,0
validation,soft_voting,0,0.00030756195438566574,0
validation,soft_voting,0,0.016782882341014674,0
validation,soft_voting,0,0.31474337505896116,0
validation,soft_voting,0,0.01745750420974399,0
validation,soft_voting,0,0.7017639202004924,1
validation,soft_voting,0,0.2849230224627777,0
validation,soft_voting,0,0.0643394742195361,0
validation,soft_voting,0,0.38727620443697025,0
validation,soft_voting,0,0.0032590036681878053,0
validation,soft_voting,0,0.005992593742722514,0
validation,soft_voting,0,0.03308239590240423,0
validation,soft_voting,0,0.03484528366676703,0
validation,soft_voting,1,0.7547549749079598,1
validation,soft_voting,0,0.0012011394158303302,0
validation,soft_voting,0,0.02475351145736565,0
validation,soft_voting,0,0.00017601921633113968,0
validation,soft_voting,0,0.2619576385488497,0
validation,soft_voting,0,0.4677097660315031,0
validation,soft_voting,0,0.16581616561224174,0
validation,soft_voting,0,0.012306714770560853,0
validation,soft_voting,0,0.5145600565759135,0
validation,soft_voting,0,0.03429465966267437,0
validation,soft_voting,1,0.4230333633095999,0
validation,soft_voting,0,0.04460336154612338,0
validation,soft_voting,0,0.018268763733382775,0
validation,soft_voting,0,0.024653202666749568,0
validation,soft_voting,0,0.6115795258140965,1
validation,soft_voting,0,0.0006796032801191327,0
validation,soft_voting,1,0.506297167072459,0
validation,soft_voting,0,0.042273950801269965,0
validation,soft_voting,0,0.09611231575098489,0
validation,soft_voting,0,0.0034873691958864,0
validation,soft_voting,0,0.19783425243238717,0
validation,soft_voting,0,0.07409325802219725,0
validation,soft_voting,1,0.5776421738499607,0
validation,soft_voting,0,0.5087761434619151,0
validation,soft_voting,0,0.005885705100499516,0
validation,soft_voting,0,0.03133135920775223,0
validation,soft_voting,0,0.010657149958610815,0
validation,soft_voting,1,0.8225711248972036,1
validation,soft_voting,0,0.1573338923992614,0
validation,soft_voting,1,0.8076115225632443,1
validation,soft_voting,0,0.572657700118285,0
validation,soft_voting,0,0.3696407132382891,0
validation,soft_voting,0,0.13480658399755893,0
validation,soft_voting,1,0.792619160641994,1
validation,soft_voting,1,0.8653678688414662,1
validation,soft_voting,0,0.13046133598271117,0
validation,soft_voting,0,0.020736836716646143,0
validation,soft_voting,0,0.003482313230203928,0
validation,soft_voting,0,0.11113645958028928,0
validation,soft_voting,0,0.06313942957002595,0
validation,soft_voting,0,0.08855619251031292,0
validation,soft_voting,0,0.5418957577301705,0
validation,soft_voting,0,0.13604352258321922,0
validation,soft_voting,1,0.7580623698919142,1
validation,soft_voting,0,0.4917038665724079,0
validation,soft_voting,0,0.0781670565828642,0
validation,soft_voting,1,0.6848786665816107,1
validation,soft_voting,0,0.13665830264827436,0
validation,soft_voting,0,0.5621385441330286,0
validation,soft_voting,0,0.0020167628258847075,0
validation,soft_voting,1,0.6343347339207277,1
validation,soft_voting,0,0.023348381284115552,0
validation,soft_voting,0,0.04891481601194222,0
validation,soft_voting,0,0.0004668774594250871,0
validation,soft_voting,1,0.7920029044816573,1
validation,soft_voting,0,0.2909385703687658,0
validation,soft_voting,1,0.1407313054151468,0
validation,soft_voting,0,0.014519375818125702,0
validation,soft_voting,0,0.4568351362768839,0
validation,soft_voting,0,0.090261282408118,0
validation,soft_voting,0,0.07933534306490571,0
validation,soft_voting,0,0.03072822810172915,0
validation,soft_voting,0,0.8538808815729452,1
validation,soft_voting,0,0.10469819095059703,0
validation,soft_voting,0,0.8405432865831646,1
validation,soft_voting,1,0.69366601391323,1
validation,soft_voting,0,0.020767071930797017,0
validation,soft_voting,0,0.12220004708268799,0
validation,soft_voting,0,0.017763036820701718,0
validation,soft_voting,1,0.7956843460864186,1
validation,soft_voting,0,0.19001829561135927,0
validation,soft_voting,0,0.045468446873430664,0
validation,soft_voting,0,0.026220373229416487,0
validation,soft_voting,0,0.14793628863724062,0
validation,soft_voting,0,0.08363513884845371,0
validation,soft_voting,0,0.04348891301845966,0
validation,soft_voting,0,0.33521571095176667,0
validation,soft_voting,1,0.47608372844837965,0
validation,soft_voting,0,0.0005558727097787832,0
validation,soft_voting,0,0.12610551137859394,0
validation,soft_voting,0,0.006657475360358785,0
validation,soft_voting,0,0.02391199669097534,0
validation,soft_voting,0,0.004445206819998291,0
validation,soft_voting,1,0.40213118759392036,0
validation,soft_voting,0,0.06022079314760039,0
validation,soft_voting,0,0.3744816395923471,0
validation,soft_voting,0,0.16387781257666736,0
validation,soft_voting,1,0.7130454479768588,1
validation,soft_voting,0,0.21392450573574404,0
validation,soft_voting,0,0.36577118441222317,0
validation,soft_voting,0,0.20617144157639986,0
validation,soft_voting,0,0.0010515676040438156,0
validation,soft_voting,0,0.23722769703556734,0
validation,soft_voting,0,0.0016565295332772074,0
validation,soft_voting,0,0.005552476671243464,0
validation,soft_voting,0,0.03943764986917786,0
validation,soft_voting,0,0.007408346662847935,0
validation,soft_voting,0,0.0003712494408194699,0
validation,soft_voting,0,0.0337105483809797,0
validation,soft_voting,1,0.04031652839038379,0
validation,soft_voting,0,0.3240658507261446,0
validation,soft_voting,0,0.053748884769982984,0
validation,soft_voting,1,0.21982707961510498,0
validation,soft_voting,1,0.29794921724479195,0
validation,soft_voting,0,0.25833214318738346,0
validation,soft_voting,0,0.22629742985869813,0
validation,soft_voting,0,0.24103060227059073,0
validation,soft_voting,0,0.14856072826988964,0
validation,soft_voting,0,0.7368311528049606,1
validation,soft_voting,0,0.5797063510426373,0
validation,soft_voting,0,0.016193402848230017,0
validation,soft_voting,0,0.0016565738014211867,0
validation,soft_voting,0,0.3862568568872861,0
validation,soft_voting,0,0.18233944698180546,0
validation,soft_voting,0,0.31839676483240176,0
validation,soft_voting,0,0.031169971119588413,0
validation,soft_voting,0,0.031683547120128136,0
validation,soft_voting,0,0.10656255484074341,0
validation,soft_voting,0,0.3870743724257044,0
validation,soft_voting,0,0.49289901359041616,0
validation,soft_voting,0,0.011559478749562516,0
validation,soft_voting,0,0.002314613227142502,0
validation,soft_voting,0,0.13410186047814446,0
validation,soft_voting,0,0.0024443381839738183,0
validation,soft_voting,0,0.32351900153208873,0
validation,soft_voting,1,0.8720690061249284,1
validation,soft_voting,0,0.7441945360561592,1
validation,soft_voting,0,0.5442888699673393,0
validation,soft_voting,0,0.0965129625122414,0
validation,soft_voting,0,0.2854689631951443,0
validation,soft_voting,0,0.04625238746677237,0
validation,soft_voting,0,0.5885691983457959,0
validation,soft_voting,0,0.14161863670078662,0
validation,soft_voting,0,0.08692116009659283,0
validation,soft_voting,0,0.24311657371166703,0
validation,soft_voting,0,0.006413537429176045,0
validation,soft_voting,1,0.8820140169956411,1
validation,soft_voting,1,0.42270424219372355,0
validation,soft_voting,1,0.6708470321420658,1
validation,soft_voting,0,0.13824525250719616,0
validation,soft_voting,0,0.03570068887703437,0
validation,soft_voting,0,0.019922255375161835,0
validation,soft_voting,1,0.7035925535086749,1
validation,soft_voting,0,0.0014376672816114365,0
validation,soft_voting,0,0.00931672512769713,0
validation,soft_voting,0,0.01923409443550207,0
validation,soft_voting,0,0.22273077355103718,0
validation,soft_voting,0,0.5515543256568796,0
validation,soft_voting,0,0.0937211462091994,0
validation,soft_voting,0,0.04642129497690881,0
validation,soft_voting,0,0.013556509213915746,0
validation,soft_voting,0,0.15799604741169232,0
validation,soft_voting,0,0.19021568544427658,0
validation,soft_voting,0,0.078829909678612,0
validation,soft_voting,0,0.10871596558769582,0
validation,soft_voting,0,0.05885481784652447,0
validation,soft_voting,0,0.026567820628326123,0
validation,soft_voting,0,0.059292050644396126,0
validation,soft_voting,0,0.2523666285951514,0
validation,soft_voting,0,0.060015625937359124,0
validation,soft_voting,0,0.19107961527124265,0
validation,soft_voting,0,0.001069677055970404,0
validation,soft_voting,0,0.020107197472005445,0
validation,soft_voting,0,0.052970239097206266,0
validation,soft_voting,0,0.6282219958260512,1
validation,soft_voting,0,0.29142885096070387,0
validation,soft_voting,1,0.7511614798351899,1
validation,soft_voting,0,0.3470361686560146,0
validation,soft_voting,0,0.14016242552321792,0
validation,soft_voting,0,0.2960369142672508,0
validation,soft_voting,0,0.015554648557323242,0
validation,soft_voting,0,0.004556131972044509,0
validation,soft_voting,0,0.0010684222701127977,0
validation,soft_voting,0,0.0014434871108384715,0
validation,soft_voting,0,0.3542146970167959,0
validation,soft_voting,0,0.36851571996881743,0
validation,soft_voting,0,0.719188614182963,1
validation,soft_voting,0,0.26761063391172774,0
validation,soft_voting,0,0.049742253573358874,0
validation,soft_voting,0,0.03370833171270058,0
validation,soft_voting,1,0.7758479694035176,1
validation,soft_voting,0,0.009743428587087344,0
validation,soft_voting,0,0.003965303597184477,0
validation,soft_voting,0,0.04021667847399418,0
validation,soft_voting,0,0.4694860774872916,0
validation,soft_voting,0,0.33941780721073117,0
validation,soft_voting,0,0.02305997893695522,0
validation,soft_voting,0,0.09985545762492502,0
validation,soft_voting,0,0.022156197599754384,0
validation,soft_voting,0,0.08328146498519814,0
validation,soft_voting,0,0.5752080128007485,0
validation,soft_voting,0,0.001255075855521727,0
validation,soft_voting,0,0.08049194725798803,0
validation,soft_voting,0,0.7969204912633178,1
validation,soft_voting,0,0.016467902183820896,0
validation,soft_voting,0,0.1252004498694985,0
validation,soft_voting,0,0.011015281395375776,0
validation,soft_voting,0,0.8091011215919733,1
validation,soft_voting,0,0.026184798198801235,0
validation,soft_voting,0,0.4417541955067425,0
validation,soft_voting,0,0.0009595582195618297,0
validation,soft_voting,1,0.8522262055176825,1
validation,soft_voting,0,0.8220128368447662,1
validation,soft_voting,0,0.35779832204624723,0
validation,soft_voting,1,0.6174322629753435,1
validation,soft_voting,1,0.5888231365533946,0
validation,soft_voting,0,0.00017655566828373055,0
validation,soft_voting,0,0.09024907975011769,0
validation,soft_voting,0,0.000657500227353845,0
validation,soft_voting,0,0.03983222328692452,0
validation,soft_voting,0,0.0002748139692355022,0
validation,soft_voting,0,0.27634517728996305,0
validation,soft_voting,0,0.01418986747163712,0
validation,soft_voting,0,0.02550541469339861,0
validation,soft_voting,0,0.4830331655906302,0
validation,soft_voting,0,0.20770064165183588,0
validation,soft_voting,0,0.04787664904217671,0
validation,soft_voting,0,0.004549963270667693,0
validation,soft_voting,0,0.00035519807377192,0
validation,soft_voting,1,0.2296091931065918,0
validation,soft_voting,0,0.013907495117443734,0
validation,soft_voting,1,0.1958661255267006,0
validation,soft_voting,1,0.5018954892937019,0
validation,soft_voting,0,0.016287731384186963,0
validation,soft_voting,0,0.15552663552241827,0
validation,soft_voting,0,0.0016493538284833192,0
validation,soft_voting,0,0.06244774380501278,0
validation,soft_voting,0,0.00432289442014108,0
validation,soft_voting,1,0.1766911880887673,0
validation,soft_voting,0,0.008050978065539432,0
validation,soft_voting,1,0.7064433523555689,1
validation,soft_voting,0,0.0019368925392995232,0
validation,soft_voting,0,0.001832553825181992,0
validation,soft_voting,0,0.15139146509216594,0
validation,soft_voting,0,0.004387242263974151,0
validation,soft_voting,0,0.008533212235232158,0
validation,soft_voting,0,0.5320805600809652,0
validation,soft_voting,0,0.005466043695567684,0
validation,soft_voting,0,0.691571921603327,1
validation,soft_voting,0,0.03189707474833077,0
validation,soft_voting,0,0.02582051389256072,0
validation,soft_voting,0,0.01675157492949086,0
validation,soft_voting,1,0.9419562041752215,1
validation,soft_voting,0,0.0034003300972247712,0
validation,soft_voting,0,0.03203332069295372,0
validation,soft_voting,0,0.004361661886578646,0
validation,soft_voting,0,0.0012652278227175122,0
validation,soft_voting,1,0.7957210873148344,1
validation,soft_voting,0,0.0003599410841304798,0
validation,soft_voting,0,0.04295671418226221,0
validation,soft_voting,0,0.03343629309207715,0
validation,soft_voting,1,0.5972005259855472,1
validation,soft_voting,0,0.0007580661459387453,0
validation,soft_voting,1,0.8466384268818302,1
validation,soft_voting,0,0.7732488589045516,1
validation,soft_voting,1,0.6771022165973936,1
validation,soft_voting,0,0.34687619197251324,0
validation,soft_voting,0,0.2348296179079349,0
validation,soft_voting,0,0.13659594419791873,0
validation,soft_voting,0,0.019401936218299706,0
validation,soft_voting,0,0.00022520157666867314,0
validation,soft_voting,0,0.1574449535929396,0
validation,soft_voting,0,0.0022714426344308133,0
validation,soft_voting,0,0.02442065897374868,0
validation,soft_voting,0,0.03378024407739382,0
validation,soft_voting,0,0.008837892152430771,0
validation,soft_voting,0,0.778291796934038,1
validation,soft_voting,0,0.6034286885297268,1
validation,soft_voting,1,0.36323410143579377,0
validation,soft_voting,0,0.1569011398237357,0
validation,soft_voting,0,0.21558668169056314,0
validation,soft_voting,0,0.00235647818968087,0
validation,soft_voting,0,0.00046898665905427693,0
validation,soft_voting,0,0.4455481986689094,0
validation,soft_voting,0,0.08423942656226872,0
validation,soft_voting,1,0.8490442945769353,1
validation,soft_voting,0,0.22776035368241676,0
validation,soft_voting,1,0.5183309822092541,0
validation,soft_voting,0,0.01297584480521427,0
validation,soft_voting,1,0.8099592189651084,1
validation,soft_voting,0,0.00015030950681023796,0
validation,soft_voting,0,0.1634496013455531,0
validation,soft_voting,0,0.10682902191881434,0
validation,soft_voting,0,0.23087976485592251,0
validation,soft_voting,0,0.06856252380503645,0
validation,soft_voting,0,0.02148234388821264,0
validation,soft_voting,0,0.0027933437004198695,0
validation,soft_voting,0,0.013203972086944541,0
validation,soft_voting,0,0.14088491404872075,0
validation,soft_voting,0,0.0603618418597655,0
validation,soft_voting,0,0.013968087180011177,0
validation,soft_voting,0,0.03337884539915289,0
validation,soft_voting,1,0.6116602313895277,1
validation,soft_voting,0,0.0043999485233278774,0
validation,soft_voting,0,0.5665020708829166,0
validation,soft_voting,0,0.0021717139081396416,0
validation,soft_voting,0,0.015551445235879082,0
validation,soft_voting,1,0.5381522211043875,0
validation,soft_voting,0,0.015255971482423282,0
validation,soft_voting,0,0.10487897373492734,0
validation,soft_voting,0,0.05001106364303548,0
validation,soft_voting,0,0.05077370553206154,0
validation,soft_voting,1,0.8116716933435209,1
validation,soft_voting,0,0.011942041774569935,0
validation,soft_voting,1,0.5957878469886412,1
validation,soft_voting,0,0.24360666283327623,0
validation,soft_voting,0,0.015108215018340676,0
validation,soft_voting,0,0.0005491964065825964,0
validation,soft_voting,0,0.06771715810583798,0
validation,soft_voting,0,0.1852507508599489,0
validation,soft_voting,0,0.021519368667363915,0
validation,soft_voting,0,0.5194225091137352,0
validation,soft_voting,1,0.9022600749550317,1
validation,soft_voting,1,0.8716628227596397,1
validation,soft_voting,0,0.02131042243761563,0
validation,soft_voting,0,0.001309985911202573,0
validation,soft_voting,0,0.04289919702987755,0
validation,soft_voting,0,0.03329409271643105,0
validation,soft_voting,0,0.12015091639018839,0
validation,soft_voting,0,0.0005161450745139805,0
validation,soft_voting,0,0.08307587299234395,0
validation,soft_voting,0,0.049076299524211546,0
validation,soft_voting,0,0.03848362978148393,0
validation,soft_voting,0,0.12300201170823603,0
validation,soft_voting,0,0.0492006520155771,0
validation,soft_voting,0,0.009032593702393822,0
validation,soft_voting,0,0.00019069415465870442,0
validation,soft_voting,0,0.00521925055832962,0
validation,soft_voting,0,0.02945417313398418,0
validation,soft_voting,0,0.28939837017595765,0
validation,soft_voting,0,0.005508205129232914,0
validation,soft_voting,0,0.7373043336418595,1
validation,soft_voting,0,0.002511767915194285,0
validation,soft_voting,0,0.16098262099162955,0
validation,soft_voting,0,0.17231016216412418,0
validation,soft_voting,0,0.046787521552901085,0
validation,soft_voting,0,0.0588506877332444,0
validation,soft_voting,0,0.1114918370118999,0
validation,soft_voting,0,0.08014993036983722,0
validation,soft_voting,1,0.9208651462896359,1
validation,soft_voting,0,0.10511398964406025,0
validation,soft_voting,0,0.03442960077981403,0
validation,soft_voting,0,0.008246436358065169,0
validation,soft_voting,1,0.36493586425220315,0
validation,soft_voting,0,0.02982997506677669,0
validation,soft_voting,0,0.162068819016935,0
validation,soft_voting,0,0.0051326478328703766,0
validation,soft_voting,0,0.030219828460258297,0
validation,soft_voting,0,0.053885636280054196,0
validation,soft_voting,0,0.3520570075065718,0
validation,soft_voting,0,0.1158397897173989,0
validation,soft_voting,0,0.10679955976150529,0
validation,soft_voting,0,0.0006416653990828467,0
validation,soft_voting,0,0.021324757368711724,0
validation,soft_voting,0,0.033516151614872036,0
validation,soft_voting,1,0.7520519298012918,1
validation,soft_voting,0,0.00014259957657427398,0
validation,soft_voting,0,0.42081697300615684,0
validation,soft_voting,0,0.004628997253062281,0
validation,soft_voting,0,0.31372924899856375,0
validation,soft_voting,0,0.5917131308612241,1
validation,soft_voting,0,0.06065494183957284,0
validation,soft_voting,0,0.028653286515000778,0
validation,soft_voting,0,0.09660502200759684,0
validation,soft_voting,0,0.08721872300544016,0
validation,soft_voting,1,0.10592198185479562,0
validation,soft_voting,0,0.07360768234783491,0
validation,soft_voting,0,0.6450473429712246,1
validation,soft_voting,0,0.31085090411387534,0
validation,soft_voting,0,0.05769997205200205,0
validation,soft_voting,0,0.5477695088165301,0
validation,soft_voting,0,0.004004408886468509,0
validation,soft_voting,0,0.07574080339379317,0
validation,soft_voting,0,0.32492133845109744,0
validation,soft_voting,0,0.528097301264914,0
validation,soft_voting,1,0.7600120562190034,1
validation,soft_voting,0,0.03078787075185116,0
validation,soft_voting,0,0.6719911630294576,1
validation,soft_voting,0,0.5345316914993973,0
validation,soft_voting,0,0.03749280487707595,0
validation,soft_voting,0,0.37191320913271436,0
validation,soft_voting,0,0.04005504703098347,0
validation,soft_voting,0,0.006281189615238301,0
validation,soft_voting,0,0.2997850204424081,0
validation,soft_voting,0,0.2460668650973011,0
validation,soft_voting,0,0.033245073555960354,0
validation,soft_voting,0,0.01871225818448942,0
validation,soft_voting,0,0.4857211088090992,0
validation,soft_voting,0,0.5262206918819089,0
validation,soft_voting,0,0.025058327838681213,0
validation,soft_voting,1,0.14478079381690873,0
validation,soft_voting,0,0.19302326058004268,0
validation,soft_voting,0,0.10368780943652123,0
validation,soft_voting,0,0.0830439140832874,0
validation,soft_voting,1,0.7503692509844201,1
validation,soft_voting,0,0.09801481113718141,0
validation,soft_voting,0,0.14018084167998282,0
validation,soft_voting,0,0.22663410768908357,0
validation,soft_voting,0,0.25713085267015706,0
validation,soft_voting,0,0.05316052611106082,0
validation,soft_voting,1,0.49473831750585046,0
validation,soft_voting,1,0.7400049394533474,1
validation,soft_voting,0,0.030281334525852587,0
validation,soft_voting,0,0.0882327352910879,0
validation,soft_voting,0,0.38022326186287003,0
validation,soft_voting,0,0.050095648154500017,0
validation,soft_voting,0,0.008513558485605364,0
validation,soft_voting,0,0.007558612492202126,0
validation,soft_voting,0,0.0018962249005510738,0
validation,soft_voting,0,0.01549717065285427,0
validation,soft_voting,0,0.060636126122876575,0
validation,soft_voting,0,0.027221392516062936,0
validation,soft_voting,0,0.0063536366252149755,0
validation,soft_voting,1,0.8647973341842414,1
validation,soft_voting,0,0.001286290598292162,0
validation,soft_voting,0,0.09237005083414292,0
validation,soft_voting,1,0.4657119944283892,0
validation,soft_voting,0,0.5130204532024195,0
validation,soft_voting,0,0.5566181264448146,0
validation,soft_voting,0,0.03369539689806643,0
validation,soft_voting,0,0.06562743664792443,0
validation,soft_voting,0,0.007130613976153815,0
validation,soft_voting,0,0.06273497151079506,0
validation,soft_voting,0,0.30644781477845334,0
validation,soft_voting,0,0.02263679860793909,0
validation,soft_voting,0,0.48052015020289046,0
validation,soft_voting,0,0.09988080237707354,0
validation,soft_voting,0,0.005969602490274152,0
validation,soft_voting,0,0.0014603908762806166,0
validation,soft_voting,0,0.004749905541199623,0
validation,soft_voting,0,0.32728707393196127,0
validation,soft_voting,0,0.0017118285858827313,0
validation,soft_voting,0,0.02234226577900475,0
validation,soft_voting,0,0.02709072545819741,0
validation,soft_voting,1,0.6485916963036145,1
validation,soft_voting,1,0.8125602824487483,1
validation,soft_voting,0,0.05664759648055718,0
validation,soft_voting,0,0.5463738443287469,0
validation,soft_voting,0,0.08489317014979021,0
validation,soft_voting,0,0.02032428957663023,0
validation,soft_voting,0,0.6463824695196269,1
validation,soft_voting,0,4.301173627248034e-05,0
validation,soft_voting,0,0.049932942744462076,0
validation,soft_voting,0,0.029451007518189746,0
validation,soft_voting,0,0.17120177694689662,0
validation,soft_voting,0,0.37817582061031874,0
validation,soft_voting,1,0.7893970080970821,1
validation,soft_voting,0,0.027717923749594548,0
validation,soft_voting,0,0.0019885944972226582,0
validation,soft_voting,0,0.0045964042956124,0
validation,soft_voting,0,0.000853298449996248,0
validation,soft_voting,0,0.490412155144543,0
validation,soft_voting,1,0.7893167972727948,1
validation,soft_voting,0,0.0037186413879453963,0
validation,soft_voting,0,0.21815943505921495,0
validation,soft_voting,1,0.758994863786208,1
validation,soft_voting,1,0.09379520708700606,0
validation,soft_voting,0,0.06319049208715835,0
validation,soft_voting,1,0.09387489278299437,0
validation,soft_voting,0,0.6786360881156136,1
validation,soft_voting,1,0.8274084988112217,1
validation,soft_voting,0,0.04465244870756311,0
validation,soft_voting,0,0.5449876516646045,0
validation,soft_voting,0,0.3689239562303889,0
validation,soft_voting,1,0.7461394949606736,1
validation,soft_voting,0,0.0036470551724825818,0
validation,soft_voting,0,0.017702536810783757,0
validation,soft_voting,1,0.29425840465104874,0
validation,soft_voting,0,0.014312795958038749,0
validation,soft_voting,0,0.001965466451979461,0
validation,soft_voting,1,0.9726295537887201,1
validation,soft_voting,0,0.31137771062683534,0
validation,soft_voting,0,0.021339853855703583,0
validation,soft_voting,0,0.02138187149069198,0
validation,soft_voting,0,0.17788538201438162,0
validation,soft_voting,0,0.015936252651384195,0
validation,soft_voting,0,0.0021282535147005665,0
validation,soft_voting,0,0.587756262143448,0
validation,soft_voting,0,0.3141605308431809,0
validation,soft_voting,0,0.8284980767037862,1
validation,soft_voting,0,0.0343736572207634,0
validation,soft_voting,0,0.08531476913946956,0
validation,soft_voting,0,0.005778634137602514,0
validation,soft_voting,0,0.0009553416102026828,0
validation,soft_voting,0,0.4800105169928979,0
validation,soft_voting,0,0.552015656231053,0
validation,soft_voting,0,0.0034926369782794695,0
validation,soft_voting,0,0.2877718441037814,0
validation,soft_voting,0,0.007618718524873898,0
validation,soft_voting,0,0.01135995928606451,0
validation,soft_voting,0,0.056210336761709334,0
validation,soft_voting,1,0.745444659654054,1
validation,soft_voting,0,0.01140826413943062,0
validation,soft_voting,0,0.3383657861865661,0
validation,soft_voting,0,0.006291928497698486,0
validation,soft_voting,0,0.1246842447762137,0
validation,soft_voting,0,0.15953063860895594,0
validation,soft_voting,0,0.20416689264039714,0
validation,soft_voting,0,0.24979974651499282,0
validation,soft_voting,0,0.07316295621432188,0
validation,soft_voting,0,0.015226186010428354,0
validation,soft_voting,0,0.4298883662746951,0
validation,soft_voting,0,0.7955418795050878,1
validation,soft_voting,0,0.004532578238819712,0
validation,soft_voting,0,0.0031556123820554193,0
validation,soft_voting,0,0.5427138564347836,0
validation,soft_voting,0,0.34933315078023935,0
validation,soft_voting,0,0.022215979470298828,0
validation,soft_voting,0,0.3711487115059386,0
validation,soft_voting,0,0.020958577804346734,0
validation,soft_voting,0,0.42079868922981095,0
validation,soft_voting,1,0.8384593979530339,1
validation,soft_voting,0,0.04207531377869509,0
validation,soft_voting,0,0.08920219738723206,0
validation,soft_voting,0,0.08632232661990547,0
validation,soft_voting,0,0.03249636423346825,0
validation,soft_voting,0,0.2023762370029939,0
validation,soft_voting,0,0.058603613051807744,0
validation,soft_voting,0,0.766593454381263,1
validation,soft_voting,0,0.09627741448169018,0
validation,soft_voting,0,0.039128034241277115,0
validation,soft_voting,0,0.6615520654437461,1
validation,soft_voting,0,0.33495714263146237,0
validation,soft_voting,0,0.1129313355190626,0
validation,soft_voting,1,0.9567758751434604,1
validation,soft_voting,0,0.10830680829133044,0
validation,soft_voting,0,0.018138679042028687,0
validation,soft_voting,0,0.044959708757184615,0
validation,soft_voting,0,0.08508624715204216,0
validation,soft_voting,1,0.8907739578065903,1
validation,soft_voting,0,0.4604796496439527,0
validation,soft_voting,0,0.041133681806501766,0
validation,soft_voting,0,0.2413073668517813,0
validation,soft_voting,0,0.07047697382356659,0
validation,soft_voting,1,0.42447831878172465,0
validation,soft_voting,0,0.08436380547064153,0
validation,soft_voting,0,0.04514673548725051,0
validation,soft_voting,0,0.23100907409764437,0
validation,soft_voting,0,0.00846003691737048,0
validation,soft_voting,0,0.032388340552384785,0
validation,soft_voting,0,0.5831200140659215,0
validation,soft_voting,0,0.03685474012738838,0
validation,soft_voting,0,0.16445255207091258,0
validation,soft_voting,0,0.6047187485358198,1
validation,soft_voting,0,0.0190647164464102,0
validation,soft_voting,0,0.0049575211791914086,0
validation,soft_voting,0,0.25695343736361587,0
validation,soft_voting,0,0.13081761142755874,0
validation,soft_voting,0,0.031386870709066206,0
validation,soft_voting,1,0.9162151612071976,1
validation,soft_voting,0,0.08524310682678615,0
validation,soft_voting,0,0.9260120300072487,1
validation,soft_voting,0,0.8406722336001602,1
validation,soft_voting,1,0.900154650811365,1
validation,soft_voting,0,0.008938211036504261,0
validation,soft_voting,0,0.020463588387697944,0
validation,soft_voting,0,0.1547210689803826,0
validation,soft_voting,0,0.04366611198285699,0
validation,soft_voting,0,0.0023192003494372816,0
validation,soft_voting,0,0.09023729942152232,0
validation,soft_voting,1,0.21057846941418482,0
validation,soft_voting,0,0.6567306902744735,1
validation,soft_voting,0,0.06203796835198158,0
validation,soft_voting,0,0.023833450123023337,0
validation,soft_voting,0,0.054561843579070034,0
validation,soft_voting,0,0.07935296694372122,0
validation,soft_voting,0,0.008845979071687618,0
validation,soft_voting,1,0.8293899585551001,1
validation,soft_voting,0,0.0016872120819335003,0
validation,soft_voting,0,0.7116045748088244,1
validation,soft_voting,0,0.014043857399461955,0
validation,soft_voting,0,0.0036225662016230054,0
validation,soft_voting,1,0.2370697595500919,0
validation,soft_voting,0,0.09184125954620133,0
validation,soft_voting,0,0.8114826193557905,1
validation,soft_voting,0,0.0008049071354426784,0
validation,soft_voting,0,0.01145354484212197,0
validation,soft_voting,0,0.26255454543189666,0
validation,soft_voting,0,0.007744943644735156,0
validation,soft_voting,1,0.6496514251751483,1
validation,soft_voting,0,0.011239904637409849,0
validation,soft_voting,0,0.056017767715623425,0
validation,soft_voting,0,0.37229995080510636,0
validation,soft_voting,0,0.09354262031648079,0
validation,soft_voting,0,0.06682844924553004,0
validation,soft_voting,1,0.5402531314850264,0
validation,soft_voting,0,0.030219556000237135,0
validation,soft_voting,0,0.08161569415258317,0
validation,soft_voting,0,0.0037491303057439595,0
validation,soft_voting,0,0.05124051915941974,0
validation,soft_voting,0,0.5748257465324071,0
validation,soft_voting,0,0.008193675306500264,0
validation,soft_voting,0,0.0012712439797648444,0
validation,soft_voting,0,0.00858502284790067,0
validation,soft_voting,0,0.0007111423682443276,0
validation,soft_voting,1,0.5545893626486399,0
validation,soft_voting,1,0.5559962938462495,0
validation,soft_voting,1,0.6997865319752702,1
validation,soft_voting,0,0.6662701179343595,1
validation,soft_voting,0,0.1754781662318002,0
validation,soft_voting,0,0.0012557310365962663,0
validation,soft_voting,0,0.5424709171046557,0
validation,soft_voting,0,0.4408574662427216,0
validation,soft_voting,0,0.006715523805460632,0
validation,soft_voting,0,0.04621357474177593,0
validation,soft_voting,0,0.05270460068087599,0
validation,soft_voting,0,0.000810466501680795,0
validation,soft_voting,1,0.178732332055339,0
validation,soft_voting,1,0.7819625758712317,1
validation,soft_voting,1,0.9585254349715179,1
validation,soft_voting,0,0.12044451765576521,0
validation,soft_voting,0,0.038004671219150604,0
validation,soft_voting,0,0.621309750608941,1
validation,soft_voting,0,0.20372826919571377,0
validation,soft_voting,0,0.07078898473601956,0
validation,soft_voting,1,0.7882904832306963,1
validation,soft_voting,0,0.24232246002830649,0
validation,soft_voting,0,0.031647943264549304,0
validation,soft_voting,0,0.050133293701024435,0
validation,soft_voting,0,0.1837935870552467,0
validation,soft_voting,0,0.6719684347494731,1
validation,soft_voting,0,0.03187487942142078,0
validation,soft_voting,0,0.2679387625411533,0
validation,soft_voting,0,0.06368627644691381,0
validation,soft_voting,0,0.5104654431621318,0
validation,soft_voting,0,0.015844783748372112,0
validation,soft_voting,0,0.004744113339218442,0
validation,soft_voting,0,0.10462067962474599,0
validation,soft_voting,1,0.3184094557428723,0
validation,soft_voting,0,0.07300081135479294,0
validation,soft_voting,0,0.08914585328651403,0
validation,soft_voting,1,0.5471590930193966,0
validation,soft_voting,0,0.008950968508356296,0
validation,soft_voting,0,0.0730080712975158,0
validation,soft_voting,0,0.03639230837586421,0
validation,soft_voting,0,0.20570758467655467,0
validation,soft_voting,0,0.2111512239602091,0
validation,soft_voting,0,0.2562363016989199,0
validation,soft_voting,0,0.6959725187716076,1
validation,soft_voting,0,0.23272662693913113,0
validation,soft_voting,1,0.8083631113420248,1
validation,soft_voting,0,0.001515532989952182,0
validation,soft_voting,0,0.24346120184548115,0
validation,soft_voting,0,0.36255546727383553,0
validation,soft_voting,1,0.6905830959898228,1
validation,soft_voting,0,0.03642923658252304,0
validation,soft_voting,1,0.8301989063941736,1
validation,soft_voting,0,0.0772248206308704,0
validation,soft_voting,0,0.20426479097028935,0
validation,soft_voting,0,0.561012079826598,0
validation,soft_voting,0,0.008786648607491496,0
validation,soft_voting,0,0.004975766189982152,0
validation,soft_voting,0,0.028189469257235783,0
validation,soft_voting,0,0.11965909551098171,0
validation,soft_voting,0,0.23556626701441,0
validation,soft_voting,0,0.2637837293946886,0
validation,soft_voting,0,0.4470124294269023,0
validation,soft_voting,1,0.7472248784963664,1
validation,soft_voting,0,0.16003943250703384,0
validation,soft_voting,0,0.25761708952534157,0
validation,soft_voting,1,0.11415356583049663,0
validation,soft_voting,0,0.05987970474758312,0
validation,soft_voting,1,0.9012229606730263,1
validation,soft_voting,0,0.03276672997790536,0
validation,soft_voting,0,0.33105679949454614,0
validation,soft_voting,0,0.45703740354976796,0
validation,soft_voting,0,0.16188273463755637,0
validation,soft_voting,0,0.00024003060981900705,0
validation,soft_voting,0,0.1267332807261785,0
validation,soft_voting,0,0.23706448798164345,0
validation,soft_voting,0,0.001216932204367209,0
validation,soft_voting,0,0.014803847029368647,0
validation,soft_voting,0,0.10383655501126306,0
validation,soft_voting,0,0.06899712394374109,0
validation,soft_voting,0,0.2573334423480757,0
validation,soft_voting,1,0.8409799532811847,1
validation,soft_voting,0,0.00549637212687796,0
validation,soft_voting,0,0.2668264101759607,0
validation,soft_voting,0,0.00633451875565209,0
validation,soft_voting,0,0.0015901368066350374,0
validation,soft_voting,0,0.031601984882173674,0
validation,soft_voting,0,0.08125244241083777,0
validation,soft_voting,0,0.2326067865162217,0
validation,soft_voting,0,0.0008667117974475561,0
validation,soft_voting,0,0.10447841676358545,0
validation,soft_voting,0,0.19230325744049462,0
validation,soft_voting,0,0.006002471480198702,0
validation,soft_voting,0,0.37877159766981633,0
validation,soft_voting,0,0.01141226313681455,0
validation,soft_voting,0,0.8205605618613053,1
validation,soft_voting,0,0.003955661609894326,0
validation,soft_voting,0,0.0007808192254116156,0
validation,soft_voting,0,0.1227361136689702,0
validation,soft_voting,0,0.06724645632679589,0
validation,soft_voting,0,0.18764595511216572,0
validation,soft_voting,0,0.013953405519887585,0
validation,soft_voting,0,0.050545333008210624,0
validation,soft_voting,0,0.022256767915095548,0
validation,soft_voting,0,0.01014771212887528,0
validation,soft_voting,0,0.5432774627065591,0
validation,soft_voting,0,0.6620382566497135,1
validation,soft_voting,0,0.006733496331065348,0
validation,soft_voting,0,0.011977435475496711,0
validation,soft_voting,0,0.012672181720848948,0
validation,soft_voting,0,0.038577912335781527,0
validation,soft_voting,0,0.2460094887751745,0
validation,soft_voting,1,0.9393617959676509,1
validation,soft_voting,0,0.005821688890919298,0
validation,soft_voting,0,0.027117659176321255,0
validation,soft_voting,0,0.01753970435497718,0
validation,soft_voting,1,0.9540285843232165,1
validation,soft_voting,1,0.8509054603707576,1
validation,soft_voting,0,0.41197726160066095,0
validation,soft_voting,0,0.01309438535290039,0
validation,soft_voting,0,0.22061364092079983,0
validation,soft_voting,0,0.7171086666132296,1
validation,soft_voting,0,0.0287772645550597,0
validation,soft_voting,0,0.010407410036629665,0
validation,soft_voting,0,0.0320681042599681,0
validation,soft_voting,0,0.7018985025824164,1
validation,soft_voting,0,0.004117340369817609,0
validation,soft_voting,0,0.01220508360317354,0
validation,soft_voting,0,0.15311622449619353,0
validation,soft_voting,0,0.35114497022598723,0
validation,soft_voting,0,0.021119759787113362,0
validation,soft_voting,0,0.32627390583965526,0
validation,soft_voting,0,0.009968365195876126,0
validation,soft_voting,0,0.0030891563876679043,0
validation,soft_voting,0,0.542764404974835,0
validation,soft_voting,0,0.7222779701693881,1
validation,soft_voting,0,0.013904054604870583,0
validation,soft_voting,1,0.7423035959263302,1
validation,soft_voting,0,0.4915975277307174,0
validation,soft_voting,0,0.09916042555949713,0
validation,soft_voting,0,0.0034171816937371186,0
validation,soft_voting,1,0.12804413143283397,0
validation,soft_voting,0,0.01749941128673144,0
validation,soft_voting,0,0.0011192538361988996,0
validation,soft_voting,0,0.05109232228273616,0
validation,soft_voting,0,0.06701245763172765,0
validation,soft_voting,1,0.9194608262033491,1
validation,soft_voting,0,0.20194563038284985,0
validation,soft_voting,0,0.18922316573103926,0
validation,soft_voting,0,0.34618052873682553,0
validation,soft_voting,0,0.004370056212182911,0
validation,soft_voting,0,0.0008226714649499091,0
validation,soft_voting,0,0.0012897256743310901,0
validation,soft_voting,0,0.37696718151376557,0
validation,soft_voting,0,0.06559329622627137,0
validation,soft_voting,0,0.07703103128900023,0
validation,soft_voting,0,0.06787722214695911,0
validation,soft_voting,0,0.4220937360021992,0
validation,soft_voting,0,0.0017592279424709964,0
validation,soft_voting,1,0.8689389770421836,1
validation,soft_voting,0,0.015678894963331715,0
validation,soft_voting,1,0.9530566495278433,1
validation,soft_voting,1,0.43903455464311913,0
validation,soft_voting,0,0.002791867650586224,0
validation,soft_voting,0,0.049238648202525666,0
validation,soft_voting,0,0.8787568861299554,1
validation,soft_voting,0,0.02640582837384685,0
validation,soft_voting,0,0.28976096738777357,0
validation,soft_voting,0,0.06747369144105232,0
validation,soft_voting,0,0.051222146352470084,0
validation,soft_voting,0,0.5539490837068034,0
validation,soft_voting,0,0.2756934767683053,0
validation,soft_voting,0,0.056299364300289804,0
validation,soft_voting,0,0.005972743315172259,0
validation,soft_voting,0,0.0026213718745175633,0
validation,soft_voting,0,0.12330190818634719,0
validation,soft_voting,1,0.8802519587116514,1
validation,soft_voting,0,0.06794501951774994,0
validation,soft_voting,1,0.6984508944514087,1
validation,soft_voting,0,0.017529523827785796,0
validation,soft_voting,1,0.632081179334788,1
validation,soft_voting,0,0.6346351211272557,1
validation,soft_voting,1,0.42457592576536246,0
validation,soft_voting,0,0.08344535053749191,0
validation,soft_voting,1,0.1895855266733483,0
validation,soft_voting,0,0.002342693429629644,0
validation,soft_voting,0,0.1083133964333639,0
validation,soft_voting,0,0.15190306275855647,0
validation,soft_voting,0,0.002652105738256172,0
validation,soft_voting,0,0.0410078290378242,0
validation,soft_voting,0,0.06712316929623287,0
validation,soft_voting,0,0.23206747686669046,0
validation,soft_voting,0,0.012128532489728804,0
validation,soft_voting,0,0.06236906093068164,0
validation,soft_voting,1,0.8047607130213014,1
validation,soft_voting,1,0.07387586092403985,0
validation,soft_voting,0,0.006393687872630942,0
validation,soft_voting,0,0.01137149683460185,0
validation,soft_voting,0,0.5253358528135638,0
validation,soft_voting,0,0.0811110011271704,0
validation,soft_voting,0,0.8313896172618606,1
validation,soft_voting,0,0.742539424519023,1
validation,soft_voting,0,0.8446004893742699,1
validation,soft_voting,1,0.39539761369290427,0
validation,soft_voting,0,0.013897970356797582,0
validation,soft_voting,0,0.03341003187024164,0
validation,soft_voting,0,0.005369089590613672,0
validation,soft_voting,0,0.19197897632994257,0
validation,soft_voting,1,0.0917903420744876,0
validation,soft_voting,1,0.8796149636036458,1
validation,soft_voting,0,0.015890407483860614,0
validation,soft_voting,0,0.0013890569057833653,0
validation,soft_voting,1,0.3557598679300184,0
validation,soft_voting,0,0.011859356836475007,0
validation,soft_voting,0,0.029218682296468314,0
validation,soft_voting,0,0.0006731191590316432,0
validation,soft_voting,0,0.7581809166747133,1
validation,soft_voting,0,0.2321513070518004,0
validation,soft_voting,0,0.09383874655509122,0
validation,soft_voting,0,0.0070256871808599825,0
validation,soft_voting,0,0.7930619817582535,1
validation,soft_voting,0,0.03933561289872749,0
validation,soft_voting,0,0.0780678852691675,0
validation,soft_voting,1,0.8655691086527842,1
validation,soft_voting,0,0.037013890627058905,0
validation,soft_voting,0,0.027670104563194794,0
validation,soft_voting,0,0.017513360934133547,0
validation,soft_voting,0,0.059409724304550014,0
validation,soft_voting,0,0.7686564261141792,1
validation,soft_voting,0,0.19504814172120935,0
validation,soft_voting,0,0.7436955476220274,1
validation,soft_voting,0,0.016450054090279494,0
validation,soft_voting,0,0.10551740071069267,0
validation,soft_voting,1,0.13862522694968418,0
validation,soft_voting,0,0.028103052899226016,0
validation,soft_voting,0,0.006580138882005333,0
validation,soft_voting,0,0.018725458459085544,0
validation,soft_voting,0,0.02035916407663549,0
validation,soft_voting,1,0.5377521654866406,0
validation,soft_voting,0,0.22327248941638725,0
validation,soft_voting,0,0.06267467120768869,0
validation,soft_voting,0,0.019414797171792526,0
validation,soft_voting,1,0.45382462119302364,0
validation,soft_voting,0,0.0427153419302659,0
validation,soft_voting,0,0.17910366053153182,0
validation,soft_voting,0,0.18414593236573737,0
validation,soft_voting,0,0.025682040196395407,0
validation,soft_voting,1,0.12226031682692913,0
validation,soft_voting,0,0.30440279717080887,0
validation,soft_voting,1,0.8518589444988519,1
validation,soft_voting,0,0.0008629143648059362,0
validation,soft_voting,0,0.00036081328541134357,0
validation,soft_voting,0,0.16499687680368424,0
validation,soft_voting,1,0.139994668893791,0
validation,soft_voting,0,0.00100382948355791,0
validation,soft_voting,0,0.008598023103345256,0
validation,soft_voting,0,0.29897544946683974,0
validation,soft_voting,0,0.010677009888892934,0
validation,soft_voting,0,0.007291568585627339,0
validation,soft_voting,0,0.03331631077396036,0
validation,soft_voting,1,0.9697569133704734,1
validation,soft_voting,0,0.004874164878895303,0
validation,soft_voting,0,0.02823345571158008,0
validation,soft_voting,0,9.113249647786603e-05,0
validation,soft_voting,0,0.21711571427409138,0
validation,soft_voting,0,0.0456987223605061,0
validation,soft_voting,0,0.10553377823251738,0
validation,soft_voting,0,0.04020754648394409,0
validation,soft_voting,0,0.5284674583377006,0
validation,soft_voting,0,0.0009779357318228817,0
validation,soft_voting,0,0.0013357215588999636,0
validation,soft_voting,0,0.07540259815648391,0
validation,soft_voting,0,0.06173574390538994,0
validation,soft_voting,0,0.0011037980506344502,0
validation,soft_voting,0,0.021371028824151345,0
validation,soft_voting,0,0.36649512645447696,0
validation,soft_voting,0,0.47792116688578196,0
validation,soft_voting,0,0.6810683787788001,1
validation,soft_voting,1,0.7210242366263074,1
validation,soft_voting,1,0.9127330662268646,1
validation,soft_voting,0,0.011778588206948727,0
validation,soft_voting,0,0.057801064352970166,0
validation,soft_voting,1,0.8462381445185971,1
validation,soft_voting,1,0.6691196241685624,1
validation,soft_voting,0,0.10332802104704532,0
validation,soft_voting,0,0.0007478617363577247,0
validation,soft_voting,0,0.6556526609327656,1
validation,soft_voting,0,0.05871399184381021,0
validation,soft_voting,0,0.009269054401432364,0
validation,soft_voting,1,0.5363463552399419,0
validation,soft_voting,1,0.3297061272089859,0
validation,soft_voting,0,0.2986163635052538,0
validation,soft_voting,0,0.10388925758707229,0
validation,soft_voting,0,0.042767421931433375,0
validation,soft_voting,0,0.5049056398244168,0
validation,soft_voting,0,0.2839524181962322,0
validation,soft_voting,0,0.25499098189558805,0
validation,soft_voting,0,0.026692705004574057,0
validation,soft_voting,0,0.3396919688252317,0
validation,soft_voting,0,0.04257317393130081,0
validation,soft_voting,0,0.22146803438330118,0
validation,soft_voting,0,0.0045454306495609,0
validation,soft_voting,0,0.0553450230741477,0
validation,soft_voting,1,0.5314306585188389,0
validation,soft_voting,0,0.015623669506009635,0
validation,soft_voting,1,0.604955477898899,1
validation,soft_voting,1,0.7635951632113435,1
validation,soft_voting,0,0.00654509202027605,0
validation,soft_voting,0,0.0007850833634782139,0
validation,soft_voting,0,0.13423810153145596,0
validation,soft_voting,0,0.21624645293330266,0
validation,soft_voting,0,0.005092108260745195,0
validation,soft_voting,1,0.7945248468122967,1
validation,soft_voting,0,0.27668711737569535,0
validation,soft_voting,0,0.0009373243281558001,0
validation,soft_voting,1,0.8641439343375912,1
validation,soft_voting,1,0.9152443634042832,1
validation,soft_voting,1,0.33502984122990376,0
validation,soft_voting,1,0.3445015821116569,0
validation,soft_voting,0,0.2875239498754338,0
validation,soft_voting,0,0.048674430644734513,0
validation,soft_voting,0,0.0550511287241472,0
validation,soft_voting,1,0.5814732935465398,0
validation,soft_voting,0,0.0025121887167517207,0
validation,soft_voting,0,0.5750684643150081,0
validation,soft_voting,0,0.1365763094263677,0
validation,soft_voting,0,0.11767191709292733,0
validation,soft_voting,0,0.7558398789280107,1
validation,soft_voting,0,0.0015344430362976306,0
validation,soft_voting,0,0.11646624065814985,0
validation,soft_voting,0,0.23453030399353883,0
validation,soft_voting,0,0.020620812579947752,0
validation,soft_voting,0,0.5607768903240121,0
validation,soft_voting,1,0.31286529322424794,0
validation,soft_voting,0,0.001520182389405582,0
validation,soft_voting,0,0.0008253187029156403,0
validation,soft_voting,0,0.543166143178755,0
validation,soft_voting,0,0.006093415972643065,0
validation,soft_voting,0,0.40884294763117995,0
validation,soft_voting,0,0.27187085657980975,0
validation,soft_voting,0,0.8056743541907081,1
validation,soft_voting,0,0.0588400539700979,0
validation,soft_voting,1,0.7875843915064696,1
validation,soft_voting,0,0.20349495522974959,0
validation,soft_voting,0,0.03711054039993652,0
validation,soft_voting,0,0.0019950247263357096,0
validation,soft_voting,0,0.27131390166122277,0
validation,soft_voting,0,0.1857252050696799,0
validation,soft_voting,1,0.7944471149456301,1
validation,soft_voting,0,0.017431980863221817,0
validation,soft_voting,0,0.18714107035169958,0
validation,soft_voting,0,0.3989578144223451,0
validation,soft_voting,0,0.15281720979726734,0
validation,soft_voting,1,0.5014022639366226,0
validation,soft_voting,0,0.02355740279277969,0
validation,soft_voting,0,3.983065658732872e-05,0
validation,soft_voting,0,0.3159246843921381,0
validation,soft_voting,1,0.07115120093309991,0
validation,soft_voting,0,0.3615110447625381,0
validation,soft_voting,0,0.07958519602096875,0
validation,soft_voting,0,0.22692698661004884,0
validation,soft_voting,0,0.012024996130387154,0
validation,soft_voting,0,0.16144865970243163,0
validation,soft_voting,0,0.01899306360626768,0
validation,soft_voting,0,0.26237069723510814,0
validation,soft_voting,1,0.04324612879391212,0
validation,soft_voting,0,0.004746589160618418,0
validation,soft_voting,1,0.7545474644811846,1
validation,soft_voting,0,0.1329260724571037,0
validation,soft_voting,0,0.07725648996604856,0
validation,soft_voting,0,0.013224238642850198,0
validation,soft_voting,0,0.7951812597530409,1
validation,soft_voting,0,0.6756227171097432,1
validation,soft_voting,0,0.17035319739807955,0
validation,soft_voting,0,0.4443332371007802,0
validation,soft_voting,0,0.0827351642651583,0
validation,soft_voting,0,0.0006776243033562767,0
validation,soft_voting,0,0.022270010016261183,0
validation,soft_voting,1,0.6814570695820841,1
validation,soft_voting,0,0.17210192384518988,0
validation,soft_voting,0,0.0437931258959467,0
validation,soft_voting,0,0.022826938144638213,0
validation,soft_voting,1,0.6110697393247846,1
validation,soft_voting,0,0.40513815450689017,0
validation,soft_voting,0,0.38043814122473735,0
validation,soft_voting,0,0.03984285792075246,0
validation,soft_voting,0,0.026789988139771122,0
validation,soft_voting,0,0.020017245934346835,0
validation,soft_voting,0,0.23206082533921654,0
validation,soft_voting,1,0.8079161104786229,1
validation,soft_voting,0,0.09744996520880389,0
validation,soft_voting,0,0.006778349098596342,0
validation,soft_voting,0,0.22184384853868866,0
validation,soft_voting,0,0.04046116164574035,0
validation,soft_voting,0,0.23892772246243196,0
validation,soft_voting,0,0.10265199851323246,0
validation,soft_voting,0,0.5519022402859507,0
validation,soft_voting,0,0.012267422843066493,0
validation,soft_voting,0,0.11401588288656665,0
validation,soft_voting,0,0.08843905792452682,0
validation,soft_voting,0,0.005849989825046185,0
validation,soft_voting,1,0.6927772383936256,1
validation,soft_voting,0,0.006822055434648894,0
validation,soft_voting,1,0.8336923048458228,1
validation,soft_voting,0,0.10067146785849819,0
validation,soft_voting,0,0.0026966947209635865,0
validation,soft_voting,1,0.8851949121740024,1
validation,soft_voting,1,0.5773033698375752,0
validation,soft_voting,0,0.007136311470443556,0
validation,soft_voting,0,0.9271960538462389,1
validation,soft_voting,0,0.6792198778516353,1
validation,soft_voting,0,0.14612796407099407,0
validation,soft_voting,0,0.05642859214745436,0
validation,soft_voting,1,0.366054602832508,0
validation,soft_voting,0,0.009454376799828327,0
validation,soft_voting,0,0.0662368032321406,0
validation,soft_voting,0,0.0010419498614670495,0
validation,soft_voting,1,0.8314389839371809,1
validation,soft_voting,0,0.055496926226088684,0
validation,soft_voting,0,0.11232143394913076,0
validation,soft_voting,0,0.024141219270686087,0
validation,soft_voting,0,0.43543862059707905,0
validation,soft_voting,0,0.005818361979058245,0
validation,soft_voting,0,0.025571869422986157,0
validation,soft_voting,0,0.039373295826341526,0
validation,soft_voting,1,0.966363542584296,1
validation,soft_voting,1,0.6675314648066474,1
validation,soft_voting,0,0.11639478970285856,0
validation,soft_voting,0,0.00026242359079991807,0
validation,soft_voting,0,0.03417016958765374,0
validation,soft_voting,0,0.008196490564027915,0
validation,soft_voting,1,0.6181663820798703,1
validation,soft_voting,0,0.04657237077496382,0
validation,soft_voting,0,0.15250360141939376,0
validation,soft_voting,0,0.0004670191187916082,0
validation,soft_voting,0,0.025380846278884834,0
validation,soft_voting,1,0.7792722022324989,1
validation,soft_voting,0,0.017892598719080065,0
validation,soft_voting,0,0.6893130894109434,1
validation,soft_voting,0,0.7046693866216828,1
validation,soft_voting,0,0.169913078507008,0
validation,soft_voting,0,0.18515396237706774,0
validation,soft_voting,0,0.33042554468675905,0
validation,soft_voting,0,5.6006244138877163e-05,0
validation,soft_voting,0,0.3220804704298849,0
validation,soft_voting,0,0.35091813520088416,0
validation,soft_voting,0,0.5894554259779267,0
validation,soft_voting,1,0.9327756323107304,1
validation,soft_voting,0,0.0643823226577468,0
validation,soft_voting,0,0.01590195218971638,0
validation,soft_voting,0,0.0012978271215870571,0
validation,soft_voting,0,6.762968266531482e-05,0
validation,soft_voting,1,0.7551412859107131,1
validation,soft_voting,1,0.4229962670444014,0
validation,soft_voting,0,0.011534620901743606,0
validation,soft_voting,0,0.2538591743637168,0
validation,soft_voting,0,0.04525670009515553,0
validation,soft_voting,0,0.0011281102207694336,0
validation,soft_voting,0,0.2995289892532981,0
validation,soft_voting,0,0.020907601027791517,0
validation,soft_voting,1,0.19433454884086265,0
validation,soft_voting,0,0.11361513990008555,0
validation,soft_voting,0,0.18023261123499332,0
validation,soft_voting,0,0.0005128857378763999,0
validation,soft_voting,0,0.10496863405341733,0
validation,soft_voting,0,0.011841148652968864,0
validation,soft_voting,0,0.017556305902260264,0
validation,soft_voting,0,0.02335121074460809,0
validation,soft_voting,0,0.45424788073617317,0
validation,soft_voting,1,0.8540862923818585,1
validation,soft_voting,0,0.08619465546178823,0
validation,soft_voting,0,0.36281433779580613,0
validation,soft_voting,0,0.09976546124909806,0
validation,soft_voting,0,0.5405883088603466,0
validation,soft_voting,0,0.0070718655116575,0
validation,soft_voting,0,0.059568969763455624,0
validation,soft_voting,1,0.46840389618714456,0
validation,soft_voting,0,0.04845339128276113,0
validation,soft_voting,0,0.3164344822283681,0
validation,soft_voting,0,0.028408948974062556,0
validation,soft_voting,0,0.011450497002683356,0
validation,soft_voting,0,0.0565275746299904,0
validation,soft_voting,0,0.45360683520147843,0
validation,soft_voting,0,0.01066387151645713,0
validation,soft_voting,0,0.22435695124772967,0
validation,soft_voting,0,0.03668068411341479,0
validation,soft_voting,1,0.6160439332295441,1
validation,soft_voting,0,0.08377463199135711,0
validation,soft_voting,0,0.009661634457237436,0
validation,soft_voting,1,0.8101870206738465,1
validation,soft_voting,0,0.39575798517579797,0
validation,soft_voting,0,0.0018263401930909016,0
validation,soft_voting,1,0.6260779359568077,1
validation,soft_voting,1,0.38735773079873104,0
validation,soft_voting,0,0.02280811576802701,0
validation,soft_voting,0,0.1393526078169176,0
validation,soft_voting,0,0.07053703291768022,0
validation,soft_voting,0,0.01522027986950813,0
validation,soft_voting,0,0.023082013937834527,0
validation,soft_voting,1,0.2138881440963294,0
validation,soft_voting,0,0.03145627619519628,0
validation,soft_voting,0,0.0730167964477083,0
validation,soft_voting,0,0.08444878792079409,0
validation,soft_voting,0,0.09877687003508,0
validation,soft_voting,0,0.16702504849877675,0
validation,soft_voting,0,0.002138118659452804,0
validation,soft_voting,0,0.016328192175364634,0
validation,soft_voting,1,0.8570638779697931,1
validation,soft_voting,0,0.14818175021606186,0
validation,soft_voting,0,0.04112122931362245,0
validation,soft_voting,0,0.026744849740653012,0
validation,soft_voting,0,0.6212639289819987,1
validation,soft_voting,0,0.1197342150283558,0
validation,soft_voting,0,0.09184613785033192,0
validation,soft_voting,1,0.6643552648338998,1
validation,soft_voting,0,0.005103845875869686,0
validation,soft_voting,0,0.24799500538291222,0
validation,soft_voting,0,0.0401492359745122,0
validation,soft_voting,0,0.7015474114088653,1
validation,soft_voting,1,0.8433036511137754,1
validation,soft_voting,0,0.8032574559976995,1
validation,soft_voting,1,0.6023287412593922,1
validation,soft_voting,0,0.010822327169326356,0
validation,soft_voting,0,0.005236034809241477,0
validation,soft_voting,0,0.0001627562477712859,0
validation,soft_voting,0,0.08224038696084983,0
validation,soft_voting,0,0.0577928190089833,0
validation,soft_voting,0,0.10957151857312879,0
validation,soft_voting,0,0.008749944430104578,0
validation,soft_voting,0,0.0013346448706518723,0
validation,soft_voting,0,0.4948072944654284,0
validation,soft_voting,1,0.6650447087398107,1
validation,soft_voting,0,0.1828258396652419,0
validation,soft_voting,0,0.022184119351828832,0
validation,soft_voting,0,0.02469075499782007,0
validation,soft_voting,0,0.002870594673111833,0
validation,soft_voting,1,0.9585395558087276,1
validation,soft_voting,0,0.348215093216597,0
validation,soft_voting,0,0.011975981671729414,0
validation,soft_voting,0,0.02354539894178698,0
validation,soft_voting,0,0.5195616896194911,0
validation,soft_voting,1,0.8532354913873078,1
validation,soft_voting,0,0.014021239548739838,0
validation,soft_voting,1,0.8077410024808502,1
validation,soft_voting,1,0.9092718189218622,1
validation,soft_voting,0,0.24700484855133434,0
validation,soft_voting,0,0.008226725359578154,0
validation,soft_voting,1,0.8240467696487053,1
validation,soft_voting,0,0.027527923216653278,0
validation,soft_voting,0,0.034965000779349144,0
validation,soft_voting,0,0.09462383299414336,0
validation,soft_voting,0,0.01331795488352129,0
validation,soft_voting,1,0.7174783067282139,1
validation,soft_voting,0,0.00018980834578734502,0
validation,soft_voting,0,0.78286464375502,1
validation,soft_voting,0,0.6671300420821998,1
validation,soft_voting,0,0.11472822312312375,0
validation,soft_voting,1,0.1674144143330082,0
validation,soft_voting,0,0.0028193619507863206,0
validation,soft_voting,1,0.8084858267495155,1
validation,soft_voting,0,0.029254627401502198,0
validation,soft_voting,0,0.18762246185524234,0
validation,soft_voting,0,0.052122123208968536,0
validation,soft_voting,0,0.000790911998525237,0
validation,soft_voting,0,0.1517442984853535,0
validation,soft_voting,0,0.012682194554208381,0
validation,soft_voting,0,0.3936741618796756,0
validation,soft_voting,1,0.42420463261425834,0
validation,soft_voting,0,0.04244220882718718,0
validation,soft_voting,0,0.07996425456338356,0
validation,soft_voting,1,0.13267491172931,0
validation,soft_voting,0,0.18551063560406977,0
validation,soft_voting,0,0.0057244441253943784,0
validation,soft_voting,0,0.1303660120580138,0
validation,soft_voting,0,0.19168468997000251,0
validation,soft_voting,0,0.6351592629571405,1
validation,soft_voting,0,0.14851275098477387,0
validation,soft_voting,0,0.07672955812943998,0
validation,soft_voting,0,0.004578256023529392,0
validation,soft_voting,0,0.01494004260427361,0
validation,soft_voting,0,0.0076801766908195035,0
validation,soft_voting,0,0.17490534420823053,0
validation,soft_voting,1,0.7169858529515177,1
validation,soft_voting,1,0.8461456265839716,1
validation,soft_voting,0,0.06575703714551534,0
validation,soft_voting,0,0.2884724273013813,0
validation,soft_voting,0,0.24492698599163953,0
validation,soft_voting,0,0.07018866523254476,0
validation,soft_voting,0,0.6049988192892436,1
validation,soft_voting,1,0.9115499991077374,1
validation,soft_voting,0,0.0475868775285882,0
validation,soft_voting,0,0.20564559302388896,0
validation,soft_voting,0,0.15509331544412477,0
validation,soft_voting,0,0.044802410475760224,0
validation,soft_voting,0,0.21557650777893178,0
validation,soft_voting,0,0.009053263975698748,0
validation,soft_voting,1,0.8526488911325778,1
validation,soft_voting,0,0.8168844593638122,1
validation,soft_voting,0,0.00392877894315163,0
validation,soft_voting,0,0.008425888403025219,0
validation,soft_voting,0,0.00011742514274088421,0
validation,soft_voting,0,0.11976646073531187,0
validation,soft_voting,0,0.5788416076726054,0
validation,soft_voting,1,0.3826235469827956,0
validation,soft_voting,0,0.288888228243838,0
validation,soft_voting,1,0.884819828438156,1
validation,soft_voting,0,0.48452524952203097,0
validation,soft_voting,0,0.014167609919888606,0
validation,soft_voting,0,0.002973459914130323,0
validation,soft_voting,0,0.01513973154072159,0
validation,soft_voting,0,0.07664570986046094,0
validation,soft_voting,0,0.005490522264831772,0
validation,soft_voting,0,0.2955250315951408,0
validation,soft_voting,1,0.5640912478601957,0
validation,soft_voting,0,0.16540717828632193,0
validation,soft_voting,0,0.1291170058897393,0
validation,soft_voting,0,0.014159636045360836,0
validation,soft_voting,0,0.47724844334280525,0
validation,soft_voting,0,0.13828992262866535,0
validation,soft_voting,0,0.011189663684086866,0
validation,soft_voting,0,0.006632720644001258,0
validation,soft_voting,0,0.10365652389211083,0
validation,soft_voting,0,0.0023126925788705317,0
validation,soft_voting,0,0.01973064402806406,0
validation,soft_voting,1,0.6563797297049339,1
validation,soft_voting,0,0.056574284967029626,0
validation,soft_voting,0,0.038610463800712536,0
validation,soft_voting,0,0.07457570880216141,0
validation,soft_voting,0,0.00028383312382271314,0
validation,soft_voting,0,0.3172982711733409,0
validation,soft_voting,0,0.14604675737848005,0
validation,soft_voting,0,0.07670835564285922,0
validation,soft_voting,1,0.6114608954698605,1
validation,soft_voting,1,0.3730586855220164,0
validation,soft_voting,0,0.04594025824531659,0
validation,soft_voting,1,0.7690121859874218,1
validation,soft_voting,0,0.012464962878763622,0
validation,soft_voting,0,0.00028396256907305904,0
validation,soft_voting,0,0.014752117553492249,0
validation,soft_voting,0,0.012390071356472724,0
validation,soft_voting,0,0.23903054418418446,0
validation,soft_voting,0,0.6644776723906362,1
validation,soft_voting,1,0.7601182762851248,1
validation,soft_voting,1,0.4041292047208607,0
validation,soft_voting,0,0.438947195453886,0
validation,soft_voting,0,0.20840523793392066,0
validation,soft_voting,1,0.8472550449614932,1
validation,soft_voting,1,0.6410885899730018,1
validation,soft_voting,1,0.650405127837835,1
validation,soft_voting,0,0.6327640740177644,1
validation,soft_voting,0,0.0003979532534146858,0
validation,soft_voting,0,0.023041263227698155,0
validation,soft_voting,0,0.2674965249678349,0
validation,soft_voting,0,0.35825066424914526,0
validation,soft_voting,0,0.039954544930510094,0
validation,soft_voting,0,0.007225107757341032,0
validation,soft_voting,0,0.0009876457719650484,0
validation,soft_voting,0,0.026226958976030616,0
validation,soft_voting,0,0.06449265594739716,0
validation,soft_voting,0,0.5373196205107337,0
validation,soft_voting,1,0.69990595834554,1
validation,soft_voting,0,0.0008789863432929596,0
validation,soft_voting,0,0.003065766249881282,0
validation,soft_voting,0,0.019734711848437062,0
validation,soft_voting,0,0.013623116701633952,0
validation,soft_voting,0,0.12033006683640073,0
validation,soft_voting,0,0.1771071170132097,0
validation,soft_voting,0,0.0007007743302782859,0
validation,soft_voting,0,0.009200912310254805,0
validation,soft_voting,0,0.007454186136143535,0
validation,soft_voting,0,0.14719968598004227,0
validation,soft_voting,0,0.4380974723614745,0
validation,soft_voting,0,0.038054089942392996,0
validation,soft_voting,1,0.5625797663906505,0
validation,soft_voting,0,0.028971560659140805,0
validation,soft_voting,0,0.0010796387766496647,0
validation,soft_voting,0,0.3019572994704574,0
test,soft_voting,0,0.022389429984997374,0
test,soft_voting,0,9.190138510279377e-05,0
test,soft_voting,0,0.5035606262505078,0
test,soft_voting,0,0.024504127695832156,0
test,soft_voting,0,0.2909384657352189,0
test,soft_voting,0,0.5548418498014611,0
test,soft_voting,0,0.08749056143697154,0
test,soft_voting,0,0.003151921472207662,0
test,soft_voting,0,0.034469669500979995,0
test,soft_voting,1,0.7526581763933705,1
test,soft_voting,0,0.09734259131441876,0
test,soft_voting,0,0.17357012069153524,0
test,soft_voting,0,0.1677361511118911,0
test,soft_voting,1,0.9625065032139027,1
test,soft_voting,0,0.24228110290865243,0
test,soft_voting,0,0.1963387353352706,0
test,soft_voting,0,0.0010303365272004606,0
test,soft_voting,1,0.09362578734739568,0
test,soft_voting,0,0.08316683580789937,0
test,soft_voting,0,0.23092699493824062,0
test,soft_voting,0,0.3068022011295795,0
test,soft_voting,0,0.23160613512598646,0
test,soft_voting,0,0.17494314156083945,0
test,soft_voting,0,0.025454180340335836,0
test,soft_voting,0,0.0010726145220667112,0
test,soft_voting,1,0.7968515311674805,1
test,soft_voting,0,0.018467095112616308,0
test,soft_voting,0,0.14772565064314438,0
test,soft_voting,1,0.21444219627580194,0
test,soft_voting,0,0.020918940461180067,0
test,soft_voting,0,0.25104406549834757,0
test,soft_voting,0,0.0011674057897868662,0
test,soft_voting,0,0.7389306780868797,1
test,soft_voting,0,0.0834639875673419,0
test,soft_voting,0,0.1555491118834019,0
test,soft_voting,0,0.0045433339884932795,0
test,soft_voting,0,0.0018199914119542409,0
test,soft_voting,0,0.005550636332071895,0
test,soft_voting,0,0.05311917628367652,0
test,soft_voting,0,0.07044525126209168,0
test,soft_voting,0,0.02942577427407857,0
test,soft_voting,0,0.01775507076088426,0
test,soft_voting,0,0.08726782688996786,0
test,soft_voting,0,0.011382373985804365,0
test,soft_voting,1,0.669461707819537,1
test,soft_voting,0,0.013177333320728318,0
test,soft_voting,0,0.3298509482173842,0
test,soft_voting,0,0.001509626022385354,0
test,soft_voting,1,0.6219220995871922,1
test,soft_voting,1,0.5752400098370388,0
test,soft_voting,0,0.0030230478036511106,0
test,soft_voting,0,0.04752844078322965,0
test,soft_voting,1,0.8942114742433661,1
test,soft_voting,0,0.1142959565781539,0
test,soft_voting,0,0.03326129380124248,0
test,soft_voting,0,0.000986851360372727,0
test,soft_voting,0,0.009850893469046319,0
test,soft_voting,0,0.12239258143878996,0
test,soft_voting,0,0.14810784391864815,0
test,soft_voting,0,0.8337885092286581,1
test,soft_voting,1,0.7321757228112576,1
test,soft_voting,0,0.002947833095247534,0
test,soft_voting,0,0.14818465758804777,0
test,soft_voting,0,0.005582471416428033,0
test,soft_voting,0,0.05310497905753824,0
test,soft_voting,0,0.10385108578241169,0
test,soft_voting,0,0.025627585013125998,0
test,soft_voting,0,0.051175863528979626,0
test,soft_voting,0,0.3185614592412004,0
test,soft_voting,0,0.3606658548754445,0
test,soft_voting,0,0.356165804328107,0
test,soft_voting,0,0.010656926777049871,0
test,soft_voting,0,0.01762690331160592,0
test,soft_voting,0,0.21820225512664582,0
test,soft_voting,1,0.8848600747205754,1
test,soft_voting,0,0.03688881050291639,0
test,soft_voting,0,0.026461571830907624,0
test,soft_voting,0,0.003261815798615175,0
test,soft_voting,0,0.18186592667871393,0
test,soft_voting,0,0.0020061900104548737,0
test,soft_voting,1,0.5478052112564565,0
test,soft_voting,0,0.3780165516948883,0
test,soft_voting,0,0.028362514431330133,0
test,soft_voting,0,0.5727235405076251,0
test,soft_voting,1,0.9203027403003091,1
test,soft_voting,1,0.9065272991306127,1
test,soft_voting,0,0.09924139812051229,0
test,soft_voting,0,0.027821870598392945,0
test,soft_voting,1,0.7203419607210814,1
test,soft_voting,0,0.02481064329461824,0
test,soft_voting,0,0.28759951805252526,0
test,soft_voting,0,0.6585989568322976,1
test,soft_voting,0,0.601664749469577,1
test,soft_voting,0,0.00021531875474576506,0
test,soft_voting,1,0.5222044954913988,0
test,soft_voting,0,0.40984053200999493,0
test,soft_voting,0,0.009936110839285327,0
test,soft_voting,1,0.4577724004023964,0
test,soft_voting,0,0.7881715868077044,1
test,soft_voting,0,0.3460885008596832,0
test,soft_voting,0,0.10718747177107062,0
test,soft_voting,1,0.9326047707009387,1
test,soft_voting,0,0.07693383584884216,0
test,soft_voting,0,0.006865828004551732,0
test,soft_voting,0,0.3093010517288574,0
test,soft_voting,0,0.023923456658021272,0
test,soft_voting,0,0.00943796867386326,0
test,soft_voting,0,0.019972068908007463,0
test,soft_voting,0,0.028321533963408196,0
test,soft_voting,0,0.0908503562861353,0
test,soft_voting,0,0.06521722302746148,0
test,soft_voting,0,0.01465734755027597,0
test,soft_voting,1,0.6515720273451334,1
test,soft_voting,0,0.14667462799764733,0
test,soft_voting,0,0.010001944864594192,0
test,soft_voting,0,0.37651398006594733,0
test,soft_voting,0,0.10200943761463961,0
test,soft_voting,0,0.007127611269800927,0
test,soft_voting,0,0.0969533411367192,0
test,soft_voting,0,0.4330491620914188,0
test,soft_voting,1,0.07454422980134477,0
test,soft_voting,0,0.034599781228032415,0
test,soft_voting,0,0.0005323998471169947,0
test,soft_voting,0,0.01923261830210841,0
test,soft_voting,1,0.5433395632150702,0
test,soft_voting,0,0.021510323398304023,0
test,soft_voting,0,0.6223966620954028,1
test,soft_voting,0,0.2527283230629609,0
test,soft_voting,0,0.024592239257770068,0
test,soft_voting,0,0.007092343133594865,0
test,soft_voting,0,0.004668176788974342,0
test,soft_voting,0,0.0018049814093688392,0
test,soft_voting,1,0.8969926698164364,1
test,soft_voting,1,0.8409160913006861,1
test,soft_voting,0,0.007858850090071456,0
test,soft_voting,0,0.24488954693632234,0
test,soft_voting,0,0.8032926526933508,1
test,soft_voting,0,0.006443217561296936,0
test,soft_voting,0,0.16010430747774565,0
test,soft_voting,0,0.2924826624593088,0
test,soft_voting,0,0.40794408796670983,0
test,soft_voting,0,0.02416719626907755,0
test,soft_voting,0,0.2674653589964526,0
test,soft_voting,0,0.0016919946443688585,0
test,soft_voting,1,0.6492738161695719,1
test,soft_voting,0,0.6807516715907651,1
test,soft_voting,0,0.011501772240971446,0
test,soft_voting,0,0.01492574174167611,0
test,soft_voting,0,0.22248917581847838,0
test,soft_voting,0,0.06679750003591779,0
test,soft_voting,1,0.39295356213131805,0
test,soft_voting,1,0.6602383423708739,1
test,soft_voting,0,0.1809621981371777,0
test,soft_voting,0,0.25590195981981806,0
test,soft_voting,0,0.007496817478114717,0
test,soft_voting,0,0.9168636941539998,1
test,soft_voting,0,0.2555377916296882,0
test,soft_voting,0,0.04518489286815879,0
test,soft_voting,1,0.5496225402695596,0
test,soft_voting,0,0.27978700984742383,0
test,soft_voting,1,0.5921732045895846,1
test,soft_voting,0,0.009455100522265523,0
test,soft_voting,0,0.05617840955984038,0
test,soft_voting,0,0.40477720955977176,0
test,soft_voting,1,0.34257317741936033,0
test,soft_voting,0,0.0015719663044957606,0
test,soft_voting,0,0.014718589290277084,0
test,soft_voting,0,0.31685115107464645,0
test,soft_voting,0,0.0876994425070099,0
test,soft_voting,1,0.7069256425069629,1
test,soft_voting,0,0.00114135692954341,0
test,soft_voting,1,0.9598506011281569,1
test,soft_voting,0,0.5160183599290464,0
test,soft_voting,0,0.1765844046930919,0
test,soft_voting,0,0.0044958837763709,0
test,soft_voting,0,0.014369178872342953,0
test,soft_voting,0,0.020510298662639904,0
test,soft_voting,0,0.0743226338644034,0
test,soft_voting,0,0.05443770870850878,0
test,soft_voting,0,0.00886831360010993,0
test,soft_voting,0,0.0001807703678446869,0
test,soft_voting,0,0.3840008014792644,0
test,soft_voting,0,0.16499784304309975,0
test,soft_voting,0,0.5646120889577158,0
test,soft_voting,0,0.02415716381243628,0
test,soft_voting,0,0.011485269591869506,0
test,soft_voting,0,0.7168301857193423,1
test,soft_voting,0,0.09989560852414935,0
test,soft_voting,0,0.029006144880762367,0
test,soft_voting,0,0.33320026995314694,0
test,soft_voting,0,0.20673832166217934,0
test,soft_voting,0,0.002109119118031516,0
test,soft_voting,0,0.013293410400126765,0
test,soft_voting,0,0.20912700675501397,0
test,soft_voting,0,0.031897201194726575,0
test,soft_voting,0,0.024308764376503336,0
test,soft_voting,0,0.0026322844647657553,0
test,soft_voting,1,0.5521467809618483,0
test,soft_voting,0,0.006948104177933165,0
test,soft_voting,0,0.0005206159591167442,0
test,soft_voting,1,0.7256181873846576,1
test,soft_voting,0,0.7489813550618082,1
test,soft_voting,1,0.374788269646887,0
test,soft_voting,0,0.5348799903248546,0
test,soft_voting,0,0.4701012328587432,0
test,soft_voting,0,0.003671887577740092,0
test,soft_voting,0,0.01868075976313378,0
test,soft_voting,0,0.06780787055225672,0
test,soft_voting,0,0.3451400067918347,0
test,soft_voting,0,0.5214611041658447,0
test,soft_voting,0,0.6907369928636212,1
test,soft_voting,0,0.0008822045935175256,0
test,soft_voting,0,0.442830551558923,0
test,soft_voting,0,0.07929941238213033,0
test,soft_voting,0,0.018212100016019625,0
test,soft_voting,0,0.42484309048168295,0
test,soft_voting,0,0.006631270341406201,0
test,soft_voting,0,0.14596853491795816,0
test,soft_voting,0,0.014699984855322867,0
test,soft_voting,0,0.8854323753693271,1
test,soft_voting,0,0.0006326392132713754,0
test,soft_voting,0,0.14948048209468778,0
test,soft_voting,0,0.0011356724791381904,0
test,soft_voting,0,0.023283485245134166,0
test,soft_voting,0,0.012224441795966523,0
test,soft_voting,0,0.2835674596129624,0
test,soft_voting,0,0.47081360892344204,0
test,soft_voting,0,0.013264613855197067,0
test,soft_voting,0,0.07138239115705212,0
test,soft_voting,0,0.2448074361802426,0
test,soft_voting,0,0.16499758028242936,0
test,soft_voting,0,0.04266758781592168,0
test,soft_voting,0,0.06381769278037035,0
test,soft_voting,0,0.41627279552227625,0
test,soft_voting,0,0.007969467669092676,0
test,soft_voting,0,0.019389619926301484,0
test,soft_voting,1,0.671907565383643,1
test,soft_voting,0,0.158310165123491,0
test,soft_voting,0,0.000526206662270011,0
test,soft_voting,0,0.00894024457072373,0
test,soft_voting,0,0.32658844887700195,0
test,soft_voting,0,0.13004368955634885,0
test,soft_voting,0,0.5268079417711878,0
test,soft_voting,0,0.9007900401491667,1
test,soft_voting,0,0.1701952816202852,0
test,soft_voting,1,0.3288118615014905,0
test,soft_voting,0,0.6207823440100856,1
test,soft_voting,0,0.0911065558598293,0
test,soft_voting,0,0.002195199389325999,0
test,soft_voting,1,0.5800513010410421,0
test,soft_voting,0,0.019145592388871462,0
test,soft_voting,0,0.23697856818306487,0
test,soft_voting,1,0.8253117233663452,1
test,soft_voting,0,0.44125214675004737,0
test,soft_voting,1,0.207539806335286,0
test,soft_voting,0,0.04778303494302751,0
test,soft_voting,0,0.3070081282269404,0
test,soft_voting,0,0.06054279197326065,0
test,soft_voting,0,0.7636466019151772,1
test,soft_voting,0,0.023948219380649075,0
test,soft_voting,0,0.802964766526657,1
test,soft_voting,0,0.702764933507539,1
test,soft_voting,0,0.05060895950022467,0
test,soft_voting,0,0.026185171909519345,0
test,soft_voting,0,0.19920628801340992,0
test,soft_voting,0,0.4929222008404334,0
test,soft_voting,0,0.17559993482217065,0
test,soft_voting,0,0.34552734765638665,0
test,soft_voting,1,0.42856525279647023,0
test,soft_voting,0,0.12245870248460065,0
test,soft_voting,0,0.0332854030790046,0
test,soft_voting,0,0.5853800736395999,0
test,soft_voting,0,0.38810467550557,0
test,soft_voting,0,0.023291747357708087,0
test,soft_voting,0,0.38969054921500595,0
test,soft_voting,0,0.20512970699819177,0
test,soft_voting,0,0.006242061426343755,0
test,soft_voting,0,0.050740185926024785,0
test,soft_voting,0,0.08134071026448667,0
test,soft_voting,0,0.13602189635873704,0
test,soft_voting,1,0.7479432034647407,1
test,soft_voting,0,0.32687922164879407,0
test,soft_voting,0,0.2823898148614407,0
test,soft_voting,1,0.6536334163995767,1
test,soft_voting,0,0.5085642731044429,0
test,soft_voting,0,0.00012965843830359142,0
test,soft_voting,0,0.011470951366862249,0
test,soft_voting,1,0.6038788609895668,1
test,soft_voting,0,0.045957740619385734,0
test,soft_voting,0,0.024274361624056065,0
test,soft_voting,0,0.2043852612011021,0
test,soft_voting,0,0.014321222557315624,0
test,soft_voting,0,0.13566525629383272,0
test,soft_voting,0,0.2341655609278559,0
test,soft_voting,0,0.28880160715223063,0
test,soft_voting,0,0.025532548376333897,0
test,soft_voting,0,0.09076524964457754,0
test,soft_voting,0,0.012845693862887081,0
test,soft_voting,0,0.022163030796137805,0
test,soft_voting,0,0.5366366453856631,0
test,soft_voting,0,0.10724988616770319,0
test,soft_voting,0,0.8254694178620842,1
test,soft_voting,0,0.021014381212260264,0
test,soft_voting,0,0.0034491967629386457,0
test,soft_voting,0,0.009888796669877943,0
test,soft_voting,0,0.012611422161291477,0
test,soft_voting,0,0.4335779899923495,0
test,soft_voting,0,0.35176146661251817,0
test,soft_voting,0,0.02931737426407481,0
test,soft_voting,0,0.06312477212031255,0
test,soft_voting,1,0.7191430247123268,1
test,soft_voting,0,0.8623687122432703,1
test,soft_voting,0,0.044498305987017116,0
test,soft_voting,0,0.011204037431393041,0
test,soft_voting,0,0.14789637842741066,0
test,soft_voting,0,0.024260492847615094,0
test,soft_voting,0,0.030221872888844373,0
test,soft_voting,0,0.28218345498338554,0
test,soft_voting,0,0.28069204406280385,0
test,soft_voting,1,0.8171058962734499,1
test,soft_voting,0,0.18275579859679417,0
test,soft_voting,0,0.4347890195124453,0
test,soft_voting,0,0.2921113357477602,0
test,soft_voting,0,0.05096880620238201,0
test,soft_voting,0,0.00265119061794314,0
test,soft_voting,0,0.5112111356711423,0
test,soft_voting,0,0.13073325167039676,0
test,soft_voting,0,0.06308499111872798,0
test,soft_voting,0,0.22879546835326647,0
test,soft_voting,1,0.17112630171783508,0
test,soft_voting,0,0.15034929048953505,0
test,soft_voting,0,0.7770716844404998,1
test,soft_voting,0,0.10258805325651195,0
test,soft_voting,0,0.019000525967937984,0
test,soft_voting,0,0.5360846744217004,0
test,soft_voting,0,0.050688772538657036,0
test,soft_voting,0,0.052260130559354655,0
test,soft_voting,0,0.020359349754176425,0
test,soft_voting,1,0.9405179010108647,1
test,soft_voting,0,0.01989714298611293,0
test,soft_voting,0,0.10935938687388302,0
test,soft_voting,0,0.06338947039948477,0
test,soft_voting,0,0.00041298894792637106,0
test,soft_voting,1,0.9273763859556744,1
test,soft_voting,0,0.041941703476475974,0
test,soft_voting,0,0.040991370323853464,0
test,soft_voting,0,0.0013209836381349654,0
test,soft_voting,0,0.23398971925188758,0
test,soft_voting,0,0.04060899133083878,0
test,soft_voting,0,0.0008354616414170648,0
test,soft_voting,1,0.4502470443324296,0
test,soft_voting,1,0.47785770455905846,0
test,soft_voting,0,0.2584874235992837,0
test,soft_voting,0,0.23555487065791217,0
test,soft_voting,0,0.032491274112165756,0
test,soft_voting,0,0.011437167890243358,0
test,soft_voting,0,0.048893422042936986,0
test,soft_voting,0,0.19376218275221743,0
test,soft_voting,1,0.45715654682955115,0
test,soft_voting,0,0.0002532984931735882,0
test,soft_voting,1,0.5906978276365921,1
test,soft_voting,1,0.8342018901464093,1
test,soft_voting,0,0.014288161673483638,0
test,soft_voting,0,0.5569701009874584,0
test,soft_voting,0,0.024788264967900476,0
test,soft_voting,1,0.3552273045397638,0
test,soft_voting,0,0.16696437135256828,0
test,soft_voting,0,0.008263086139429249,0
test,soft_voting,0,0.45832879098046825,0
test,soft_voting,0,0.05439839548938158,0
test,soft_voting,0,0.0027817408394892533,0
test,soft_voting,0,0.02245945608982512,0
test,soft_voting,0,0.09521550130312124,0
test,soft_voting,0,0.0017813282966610763,0
test,soft_voting,0,0.02325014820245225,0
test,soft_voting,0,0.6656942357477903,1
test,soft_voting,1,0.8984856007221637,1
test,soft_voting,1,0.9201564371982253,1
test,soft_voting,0,0.14406867385805044,0
test,soft_voting,0,0.001284688820899585,0
test,soft_voting,0,0.01836208297933154,0
test,soft_voting,0,0.1256414086324608,0
test,soft_voting,0,0.2322444528107882,0
test,soft_voting,1,0.6375734595609915,1
test,soft_voting,0,0.013903643982250068,0
test,soft_voting,0,0.010642070174777018,0
test,soft_voting,0,0.5101912368797942,0
test,soft_voting,0,0.48819599876901404,0
test,soft_voting,0,0.0017491302201981228,0
test,soft_voting,0,0.16446944718393433,0
test,soft_voting,0,0.036480441183149935,0
test,soft_voting,0,0.409879976869185,0
test,soft_voting,0,0.03536714054170269,0
test,soft_voting,0,0.011058967330381466,0
test,soft_voting,0,0.06023691804882606,0
test,soft_voting,0,0.08810211068406175,0
test,soft_voting,1,0.543431906134738,0
test,soft_voting,0,0.10999425155669357,0
test,soft_voting,1,0.6182798042298551,1
test,soft_voting,0,0.04881589791809126,0
test,soft_voting,0,0.6750325634527014,1
test,soft_voting,0,0.0724192900819802,0
test,soft_voting,0,0.0019175171975108745,0
test,soft_voting,0,0.01221542377179067,0
test,soft_voting,0,0.8132583133504602,1
test,soft_voting,0,0.012310973825685807,0
test,soft_voting,0,0.11483025546569033,0
test,soft_voting,0,0.10228072353977176,0
test,soft_voting,0,0.08884540172227824,0
test,soft_voting,0,0.024022093747079008,0
test,soft_voting,0,0.05630377160003002,0
test,soft_voting,0,0.5878994850670215,0
test,soft_voting,0,0.07039436258224024,0
test,soft_voting,0,0.00613442005275774,0
test,soft_voting,0,0.003189037101403038,0
test,soft_voting,0,0.0628687476302401,0
test,soft_voting,0,0.015529580318340614,0
test,soft_voting,0,0.7246532535614705,1
test,soft_voting,0,0.2733293862452571,0
test,soft_voting,0,0.14588847544797118,0
test,soft_voting,0,0.01570795920199567,0
test,soft_voting,0,0.370596955568992,0
test,soft_voting,0,0.04262572624303542,0
test,soft_voting,0,0.027152261967866295,0
test,soft_voting,0,0.6163158305661743,1
test,soft_voting,0,0.010676762440228063,0
test,soft_voting,0,0.008315170209588064,0
test,soft_voting,0,0.14016191282715418,0
test,soft_voting,0,0.14545523850980388,0
test,soft_voting,1,0.7728957827979733,1
test,soft_voting,1,0.328394181962492,0
test,soft_voting,0,0.006209983843827868,0
test,soft_voting,0,0.0021882533181666274,0
test,soft_voting,0,0.0023272663108211823,0
test,soft_voting,0,0.13723952831750064,0
test,soft_voting,0,0.009410675485145471,0
test,soft_voting,0,0.049630550112100956,0
test,soft_voting,0,0.01734750922452561,0
test,soft_voting,0,9.749542492965322e-05,0
test,soft_voting,0,0.5692352869427487,0
test,soft_voting,1,0.46538773651599036,0
test,soft_voting,0,0.29104921838030634,0
test,soft_voting,0,0.008102755007823674,0
test,soft_voting,0,0.43652104757090493,0
test,soft_voting,1,0.8805185981162206,1
test,soft_voting,0,0.24306215192301397,0
test,soft_voting,0,0.713605962262712,1
test,soft_voting,0,0.00526347160530093,0
test,soft_voting,0,0.4691481231854992,0
test,soft_voting,0,0.25730348599337144,0
test,soft_voting,0,0.006752688330830872,0
test,soft_voting,0,0.00041535720975014096,0
test,soft_voting,0,0.0068855848514078775,0
test,soft_voting,0,0.0009449613795650577,0
test,soft_voting,0,0.006398618146022991,0
test,soft_voting,0,0.010187512863405423,0
test,soft_voting,0,0.514450513567639,0
test,soft_voting,0,0.2124613872351402,0
test,soft_voting,1,0.9016072982297536,1
test,soft_voting,0,0.0897140097630511,0
test,soft_voting,0,0.017077020327648174,0
test,soft_voting,1,0.3396738512492998,0
test,soft_voting,0,0.07323686927431439,0
test,soft_voting,0,0.21446754374769603,0
test,soft_voting,0,0.18477881555090137,0
test,soft_voting,0,0.0004230287481567436,0
test,soft_voting,0,0.007426477680662396,0
test,soft_voting,1,0.0598090099406934,0
test,soft_voting,0,0.5771032687178502,0
test,soft_voting,1,0.6211955158801094,1
test,soft_voting,0,0.006347378228480379,0
test,soft_voting,0,0.3701344785548211,0
test,soft_voting,0,0.00047875116086889294,0
test,soft_voting,0,0.8307236904754611,1
test,soft_voting,1,0.8672985509470551,1
test,soft_voting,0,0.23461039898122835,0
test,soft_voting,0,0.5833724596145812,0
test,soft_voting,0,0.5508560728816277,0
test,soft_voting,0,0.03680490346321504,0
test,soft_voting,0,0.26264566803671346,0
test,soft_voting,0,0.665880985707668,1
test,soft_voting,1,0.7473531495141804,1
test,soft_voting,0,0.09369465259774018,0
test,soft_voting,1,0.7677476637679189,1
test,soft_voting,1,0.3327613946745056,0
test,soft_voting,0,0.00029680986307380625,0
test,soft_voting,0,0.18230566617852886,0
test,soft_voting,0,0.06995893033613289,0
test,soft_voting,0,0.052572795343901545,0
test,soft_voting,0,0.1701406357296792,0
test,soft_voting,0,0.03259314063527339,0
test,soft_voting,0,0.017539587080431573,0
test,soft_voting,0,0.03473214581181255,0
test,soft_voting,0,0.07353810484225158,0
test,soft_voting,0,0.003960762862168333,0
test,soft_voting,0,0.018512006982861956,0
test,soft_voting,0,0.06781981839379678,0
test,soft_voting,0,0.0011097774465251183,0
test,soft_voting,0,0.006488608791568102,0
test,soft_voting,0,0.007078286609518169,0
test,soft_voting,0,0.6817623320723545,1
test,soft_voting,0,0.4303918010925106,0
test,soft_voting,0,0.5960815751257921,1
test,soft_voting,0,0.6200798340119749,1
test,soft_voting,0,0.09744077976682985,0
test,soft_voting,0,0.05237079706156159,0
test,soft_voting,0,0.034847377928085045,0
test,soft_voting,0,0.25452089420422164,0
test,soft_voting,0,0.026260956282345694,0
test,soft_voting,0,0.19994671926109453,0
test,soft_voting,0,0.12973804076260842,0
test,soft_voting,0,0.4411848462624776,0
test,soft_voting,1,0.911902860572782,1
test,soft_voting,0,0.26184508860718086,0
test,soft_voting,0,0.00664833942404662,0
test,soft_voting,0,0.296649698751478,0
test,soft_voting,0,0.12108402555559106,0
test,soft_voting,0,0.020801584344878655,0
test,soft_voting,0,0.03518002749545791,0
test,soft_voting,0,0.07503334528861368,0
test,soft_voting,0,0.005393820272712019,0
test,soft_voting,1,0.8673349017722699,1
test,soft_voting,0,0.08358765480314702,0
test,soft_voting,1,0.19965700325127658,0
test,soft_voting,0,0.6920474367731173,1
test,soft_voting,0,0.011186863668416994,0
test,soft_voting,0,0.029214192108311877,0
test,soft_voting,0,0.11487687770071243,0
test,soft_voting,0,0.06691839776556523,0
test,soft_voting,0,0.3257111107291062,0
test,soft_voting,0,0.10469046046795728,0
test,soft_voting,0,0.005055763329770687,0
test,soft_voting,0,0.16467535416609888,0
test,soft_voting,0,0.028805763182812638,0
test,soft_voting,0,0.0048942857048551456,0
test,soft_voting,0,0.009144452714049558,0
test,soft_voting,0,0.3907092466548952,0
test,soft_voting,0,0.01203222150684708,0
test,soft_voting,0,0.1099869561854519,0
test,soft_voting,0,0.004147618547977741,0
test,soft_voting,1,0.7361131783902097,1
test,soft_voting,0,0.0015986888849190315,0
test,soft_voting,0,0.11433790652681491,0
test,soft_voting,0,0.4447152957792863,0
test,soft_voting,0,0.39569493766780967,0
test,soft_voting,0,0.01369362615912667,0
test,soft_voting,0,0.4947479005467634,0
test,soft_voting,1,0.19657877675166013,0
test,soft_voting,0,0.034718204126683964,0
test,soft_voting,1,0.8891917007486795,1
test,soft_voting,0,0.021402345574999194,0
test,soft_voting,0,0.38044846200407906,0
test,soft_voting,1,0.7417570379633522,1
test,soft_voting,0,0.048265204943223394,0
test,soft_voting,1,0.44771085656703,0
test,soft_voting,0,0.3167609544525564,0
test,soft_voting,0,0.20644037835086326,0
test,soft_voting,1,0.4057256589429225,0
test,soft_voting,0,0.011581811305858508,0
test,soft_voting,1,0.8208640788676497,1
test,soft_voting,0,0.034785424404031796,0
test,soft_voting,0,0.012732102802098808,0
test,soft_voting,0,0.0018985287305215584,0
test,soft_voting,0,0.010470897530841938,0
test,soft_voting,1,0.6659148413957541,1
test,soft_voting,0,0.23065260761932352,0
test,soft_voting,0,0.034581723313248096,0
test,soft_voting,0,0.03711899598591946,0
test,soft_voting,0,0.3147630106007923,0
test,soft_voting,0,0.4612727363183938,0
test,soft_voting,0,0.09679037839770827,0
test,soft_voting,0,0.22451000447234448,0
test,soft_voting,0,0.016605154056247195,0
test,soft_voting,0,0.02857562063124427,0
test,soft_voting,0,0.08368441797281406,0
test,soft_voting,1,0.3801322716044259,0
test,soft_voting,0,0.009062086032441288,0
test,soft_voting,0,0.0003581309816685084,0
test,soft_voting,0,0.06039144149083079,0
test,soft_voting,0,0.07582536096625551,0
test,soft_voting,0,0.27538678567211466,0
test,soft_voting,0,0.05613226371600074,0
test,soft_voting,0,0.011913482377010001,0
test,soft_voting,1,0.9002565228618629,1
test,soft_voting,0,0.0030487196733536832,0
test,soft_voting,0,0.021615184757877187,0
test,soft_voting,0,0.3172849068055645,0
test,soft_voting,1,0.25181569556320776,0
test,soft_voting,0,0.7467597429533542,1
test,soft_voting,1,0.4233897473497768,0
test,soft_voting,0,0.13555955011585993,0
test,soft_voting,1,0.13491440949923997,0
test,soft_voting,1,0.4090562456097975,0
test,soft_voting,1,0.6211870079364369,1
test,soft_voting,1,0.8958532290131744,1
test,soft_voting,1,0.7181581389140718,1
test,soft_voting,0,0.0015462618185912522,0
test,soft_voting,0,0.1024008954478014,0
test,soft_voting,0,0.038554938855260006,0
test,soft_voting,0,0.13658034374302538,0
test,soft_voting,0,0.04063423031461092,0
test,soft_voting,0,0.005201108339344416,0
test,soft_voting,0,0.8273046283226999,1
test,soft_voting,0,0.02828346848649868,0
test,soft_voting,0,0.1268184668185208,0
test,soft_voting,0,0.003151239999492654,0
test,soft_voting,0,0.025987071679203225,0
test,soft_voting,0,0.14517421385294174,0
test,soft_voting,0,0.0008707318541044472,0
test,soft_voting,0,0.10294112166870088,0
test,soft_voting,0,0.040694144717363635,0
test,soft_voting,0,0.474620399632066,0
test,soft_voting,0,0.015132781410743973,0
test,soft_voting,0,0.05358358620079795,0
test,soft_voting,0,0.08298923369306653,0
test,soft_voting,0,0.6153696910015843,1
test,soft_voting,0,0.06116111643408725,0
test,soft_voting,0,0.2531553683036969,0
test,soft_voting,1,0.8746266308150498,1
test,soft_voting,0,0.0016995501622707962,0
test,soft_voting,0,0.24714621844348794,0
test,soft_voting,0,0.023698230412809846,0
test,soft_voting,1,0.04859910656053998,0
test,soft_voting,0,0.048352912140335075,0
test,soft_voting,0,0.016370028803738352,0
test,soft_voting,0,0.0025629636024990248,0
test,soft_voting,0,0.001814578077891684,0
test,soft_voting,0,0.0015817257804331096,0
test,soft_voting,0,0.1917985178757302,0
test,soft_voting,0,0.06182891217238048,0
test,soft_voting,0,0.12195297271931617,0
test,soft_voting,1,0.799793626946722,1
test,soft_voting,0,0.1502570712640581,0
test,soft_voting,0,0.009943728219640083,0
test,soft_voting,0,0.6075897738692949,1
test,soft_voting,0,0.010272379536875079,0
test,soft_voting,0,0.04185336758066129,0
test,soft_voting,0,0.3212715638599313,0
test,soft_voting,1,0.6458515541378814,1
test,soft_voting,0,0.021876953851747965,0
test,soft_voting,1,0.42155156905034313,0
test,soft_voting,0,0.008012877098309768,0
test,soft_voting,0,0.03766250653506809,0
test,soft_voting,0,0.14616309999269336,0
test,soft_voting,0,0.041156567778259316,0
test,soft_voting,0,0.05294575503191732,0
test,soft_voting,0,0.7896452440052374,1
test,soft_voting,0,0.12260708575840078,0
test,soft_voting,0,0.09671577598046177,0
test,soft_voting,0,0.03094042252722345,0
test,soft_voting,0,0.001272493483874455,0
test,soft_voting,1,0.6959113367937197,1
test,soft_voting,0,0.25591155885547184,0
test,soft_voting,0,0.010792859471187882,0
test,soft_voting,1,0.7628007332560092,1
test,soft_voting,1,0.249787182124507,0
test,soft_voting,0,0.008340985213992567,0
test,soft_voting,0,0.060042886123444994,0
test,soft_voting,0,0.3953847714045757,0
test,soft_voting,0,0.3396821181813723,0
test,soft_voting,0,0.006122392842150502,0
test,soft_voting,0,0.3385610791562536,0
test,soft_voting,0,0.004053573597504543,0
test,soft_voting,0,0.16367091869949899,0
test,soft_voting,0,0.05609948842814969,0
test,soft_voting,0,0.6189906424528715,1
test,soft_voting,0,0.8620280380354303,1
test,soft_voting,0,0.03270688131886788,0
test,soft_voting,0,0.5098764408715875,0
test,soft_voting,0,0.12971738166353194,0
test,soft_voting,0,0.6161319759307123,1
test,soft_voting,0,0.3959096430061961,0
test,soft_voting,0,0.012428396416465292,0
test,soft_voting,0,0.20032521294879577,0
test,soft_voting,1,0.45215876888173656,0
test,soft_voting,0,0.10351138552314576,0
test,soft_voting,0,0.0021276167399270035,0
test,soft_voting,0,0.522842688620297,0
test,soft_voting,0,0.09660756805221145,0
test,soft_voting,0,0.00580199763362677,0
test,soft_voting,0,0.25462112062340925,0
test,soft_voting,0,0.33196924163304425,0
test,soft_voting,1,0.4657274148500942,0
test,soft_voting,0,0.014463079167335295,0
test,soft_voting,0,0.03965020791457614,0
test,soft_voting,0,0.09572907618318949,0
test,soft_voting,0,0.002598369142231534,0
test,soft_voting,0,0.08576243394638565,0
test,soft_voting,0,0.03595038598760014,0
test,soft_voting,1,0.7098685015534937,1
test,soft_voting,0,0.34275440703682447,0
test,soft_voting,0,0.000857975839927381,0
test,soft_voting,0,0.09677694011170539,0
test,soft_voting,0,0.0342574260825213,0
test,soft_voting,1,0.3223523317225119,0
test,soft_voting,0,0.00481074076027765,0
test,soft_voting,0,0.03597432720917822,0
test,soft_voting,0,0.5502410509554929,0
test,soft_voting,0,0.1327698836730894,0
test,soft_voting,0,0.23379567558915962,0
test,soft_voting,1,0.7724382802875988,1
test,soft_voting,0,0.06299138674536388,0
test,soft_voting,1,0.1897510528062617,0
test,soft_voting,0,0.01768993501951423,0
test,soft_voting,0,0.009058506589081335,0
test,soft_voting,0,0.6470640939449105,1
test,soft_voting,0,0.00281200916161529,0
test,soft_voting,0,0.008779546884200741,0
test,soft_voting,0,0.2501507710793492,0
test,soft_voting,1,0.7996403416508109,1
test,soft_voting,0,0.27007009305856083,0
test,soft_voting,0,0.001833763518299597,0
test,soft_voting,0,0.03030557307168777,0
test,soft_voting,0,0.22513131206964954,0
test,soft_voting,0,0.012061232267405944,0
test,soft_voting,0,0.08523962277781465,0
test,soft_voting,0,0.21180082062519537,0
test,soft_voting,0,0.14709279451504823,0
test,soft_voting,0,0.05480533323573511,0
test,soft_voting,0,0.12797065420179232,0
test,soft_voting,0,0.008396377231794606,0
test,soft_voting,0,0.08222333769501648,0
test,soft_voting,0,0.11993191381992539,0
test,soft_voting,0,0.3664515867316617,0
test,soft_voting,0,0.04005478566806819,0
test,soft_voting,1,0.7510743421455576,1
test,soft_voting,0,0.005403828782469251,0
test,soft_voting,0,0.054947510706119244,0
test,soft_voting,0,0.012273455716985106,0
test,soft_voting,0,0.07004129903851089,0
test,soft_voting,0,0.04266818280243254,0
test,soft_voting,1,0.29495203466751246,0
test,soft_voting,1,0.4089384998366125,0
test,soft_voting,0,0.17692543062801502,0
test,soft_voting,1,0.2602467195118092,0
test,soft_voting,1,0.037141537590395395,0
test,soft_voting,0,0.23818894055130135,0
test,soft_voting,0,0.059634663431985986,0
test,soft_voting,0,0.0030856423761358447,0
test,soft_voting,0,0.10403294836527166,0
test,soft_voting,1,0.7608525704647876,1
test,soft_voting,0,0.15958812306356795,0
test,soft_voting,1,0.7453419332691329,1
test,soft_voting,0,0.031467764002459736,0
test,soft_voting,0,0.11281920969917054,0
test,soft_voting,1,0.4137805865800517,0
test,soft_voting,0,0.5968245841483956,1
test,soft_voting,1,0.8134010512653579,1
test,soft_voting,0,0.07827963915016668,0
test,soft_voting,0,0.011637295596660385,0
test,soft_voting,1,0.9719383999409502,1
test,soft_voting,1,0.8335358471696156,1
test,soft_voting,0,0.18263411171793129,0
test,soft_voting,0,0.023809159624924383,0
test,soft_voting,0,0.009543968719012629,0
test,soft_voting,0,0.5756161341962245,0
test,soft_voting,0,0.0003023676406676025,0
test,soft_voting,1,0.6850702734674168,1
test,soft_voting,0,0.18490726486831857,0
test,soft_voting,1,0.4516757769058612,0
test,soft_voting,0,0.001560472477371883,0
test,soft_voting,1,0.8634521791591969,1
test,soft_voting,0,0.07779432400096557,0
test,soft_voting,0,0.12671642515382137,0
test,soft_voting,1,0.6083884132993153,1
test,soft_voting,0,0.013739333206270883,0
test,soft_voting,0,0.041393686644308585,0
test,soft_voting,0,0.02111455354403234,0
test,soft_voting,0,0.16007138880633556,0
test,soft_voting,0,0.1732218102143737,0
test,soft_voting,0,0.15615914438794967,0
test,soft_voting,0,0.03593433736565605,0
test,soft_voting,0,0.0007429072991707836,0
test,soft_voting,0,0.4906823085173313,0
test,soft_voting,0,0.00017839206043376998,0
test,soft_voting,0,0.026426358685517112,0
test,soft_voting,1,0.7939219969949818,1
test,soft_voting,1,0.5575507244856572,0
test,soft_voting,1,0.6730846992916367,1
test,soft_voting,1,0.9451603081224912,1
test,soft_voting,0,0.200843284615256,0
test,soft_voting,0,0.02072129311937294,0
test,soft_voting,0,0.029992358122898997,0
test,soft_voting,1,0.9301048425492159,1
test,soft_voting,0,0.01653929000280796,0
test,soft_voting,0,0.1487870247097154,0
test,soft_voting,0,0.11880945596981811,0
test,soft_voting,0,0.22354391780464045,0
test,soft_voting,0,0.07136456507451873,0
test,soft_voting,1,0.6377312608001376,1
test,soft_voting,0,0.18573137265623862,0
test,soft_voting,0,0.5371541137017463,0
test,soft_voting,0,0.1890595398904463,0
test,soft_voting,0,0.0021458715284958505,0
test,soft_voting,0,0.019749777549202326,0
test,soft_voting,0,0.03952682862578449,0
test,soft_voting,0,0.07112185540501569,0
test,soft_voting,0,0.06821637165532503,0
test,soft_voting,0,0.08235244563134633,0
test,soft_voting,0,0.018486455057757693,0
test,soft_voting,0,0.002994167143893637,0
test,soft_voting,1,0.23041204253073763,0
test,soft_voting,0,0.0047166815010489735,0
test,soft_voting,0,0.01445556861477418,0
test,soft_voting,1,0.5075748285519773,0
test,soft_voting,0,0.007079390092008152,0
test,soft_voting,0,0.007676513496731749,0
test,soft_voting,0,0.006590590980549214,0
test,soft_voting,0,0.045156620980759954,0
test,soft_voting,0,0.0057179310194288915,0
test,soft_voting,0,0.4969252945339699,0
test,soft_voting,0,0.08357755848409949,0
test,soft_voting,0,0.09395374405867907,0
test,soft_voting,0,0.6805237655943492,1
test,soft_voting,0,0.010623757868359196,0
test,soft_voting,0,0.1012355089345534,0
test,soft_voting,0,0.0390754440957743,0
test,soft_voting,0,0.6603679723293794,1
test,soft_voting,0,0.015979682072980016,0
test,soft_voting,0,0.015692980077269887,0
test,soft_voting,0,0.2683566485275608,0
test,soft_voting,0,0.04145563912838144,0
test,soft_voting,0,0.009236553672641269,0
test,soft_voting,0,0.08303913003809002,0
test,soft_voting,0,0.17001787513183583,0
test,soft_voting,0,0.010511165966276527,0
test,soft_voting,0,0.020724252393108683,0
test,soft_voting,0,0.7333254180225622,1
test,soft_voting,0,0.7309809074639958,1
test,soft_voting,1,0.8523943228735907,1
test,soft_voting,0,0.4496279214839725,0
test,soft_voting,0,0.29865894482939886,0
test,soft_voting,0,0.5305891188641606,0
test,soft_voting,1,0.7454447279953578,1
test,soft_voting,1,0.556780774613377,0
test,soft_voting,0,0.00021367494515301853,0
test,soft_voting,0,0.013948622315766901,0
test,soft_voting,0,0.016815073970041356,0
test,soft_voting,0,0.0017617382672485825,0
test,soft_voting,1,0.962730733531926,1
test,soft_voting,0,0.024904695173924605,0
test,soft_voting,0,0.1489010953890029,0
test,soft_voting,0,0.03371161388863159,0
test,soft_voting,1,0.6819974704828203,1
test,soft_voting,0,0.40627968504154666,0
test,soft_voting,0,0.11846002413411887,0
test,soft_voting,0,0.3830174987573909,0
test,soft_voting,1,0.5771215091518408,0
test,soft_voting,0,0.04998600225571607,0
test,soft_voting,0,0.0005025070279957971,0
test,soft_voting,1,0.6497864084527251,1
test,soft_voting,1,0.8136088414051562,1
test,soft_voting,0,0.6839821897099739,1
test,soft_voting,0,0.47406302215762186,0
test,soft_voting,0,0.014790855626988444,0
test,soft_voting,0,0.02497473944629341,0
test,soft_voting,0,0.016873667065561135,0
test,soft_voting,0,0.09768654584284149,0
test,soft_voting,1,0.3771132074313623,0
test,soft_voting,0,0.7171223205428374,1
test,soft_voting,0,0.00373462490397003,0
test,soft_voting,0,0.0848039530501989,0
test,soft_voting,0,0.05567131733264691,0
test,soft_voting,0,0.1690370192557957,0
test,soft_voting,0,0.21520737076837157,0
test,soft_voting,0,0.007735225479743237,0
test,soft_voting,0,0.5640843172459166,0
test,soft_voting,0,0.1290091141231924,0
test,soft_voting,0,0.0127589489480735,0
test,soft_voting,0,0.8557523068103662,1
test,soft_voting,0,0.4658518504223956,0
test,soft_voting,1,0.9085485848525541,1
test,soft_voting,1,0.816295365236591,1
test,soft_voting,0,0.2053960810132123,0
test,soft_voting,1,0.9224314745360894,1
test,soft_voting,0,0.1336827329293984,0
test,soft_voting,0,0.008997954859113555,0
test,soft_voting,0,0.0015488572930373856,0
test,soft_voting,0,0.00014744891478679663,0
test,soft_voting,0,0.4807967631392265,0
test,soft_voting,0,0.09966583341703245,0
test,soft_voting,0,0.6982390681444238,1
test,soft_voting,0,0.09290490598947693,0
test,soft_voting,0,0.003824138984922684,0
test,soft_voting,1,0.7075395202209851,1
test,soft_voting,0,0.8988000555949348,1
test,soft_voting,0,4.802899517884391e-05,0
test,soft_voting,0,0.04236309956978187,0
test,soft_voting,0,0.325828376316669,0
test,soft_voting,0,0.5480697803926867,0
test,soft_voting,0,0.48304327645891126,0
test,soft_voting,0,0.011086086869134539,0
test,soft_voting,1,0.5639314319601159,0
test,soft_voting,0,0.0006292325468312041,0
test,soft_voting,0,0.0004533850928522328,0
test,soft_voting,0,8.249463208841191e-05,0
test,soft_voting,1,0.8600163824569304,1
test,soft_voting,0,0.21591655052100822,0
test,soft_voting,1,0.349176511021269,0
test,soft_voting,0,0.007726878901488214,0
test,soft_voting,0,0.2990859111834001,0
test,soft_voting,0,0.01619392296957557,0
test,soft_voting,1,0.47770641797767643,0
test,soft_voting,0,0.014544975317927028,0
test,soft_voting,0,0.019692226899674665,0
test,soft_voting,0,0.001135082604953744,0
test,soft_voting,0,0.17424672560400087,0
test,soft_voting,0,0.0017196251881590014,0
test,soft_voting,1,0.6648692860847214,1
test,soft_voting,0,0.028155770464289437,0
test,soft_voting,0,0.033463290580958434,0
test,soft_voting,1,0.6932340688879041,1
test,soft_voting,0,0.13003358223033915,0
test,soft_voting,0,0.012900840503477869,0
test,soft_voting,0,0.002540300431506527,0
test,soft_voting,0,0.2815598050217027,0
test,soft_voting,0,0.13029874181119827,0
test,soft_voting,0,0.04952368887443751,0
test,soft_voting,0,0.48316426512374355,0
test,soft_voting,0,0.332363729342323,0
test,soft_voting,0,0.38303605441521854,0
test,soft_voting,0,0.0032112680806742795,0
test,soft_voting,0,0.005923946673006599,0
test,soft_voting,0,0.7049806718422885,1
test,soft_voting,0,0.044952411309580574,0
test,soft_voting,0,0.7595532305958343,1
test,soft_voting,1,0.9727422843147465,1
test,soft_voting,0,0.06387944161787547,0
test,soft_voting,0,0.807038122746557,1
test,soft_voting,0,0.018152812350485954,0
test,soft_voting,0,0.1560740434748697,0
test,soft_voting,0,0.19567553229875542,0
test,soft_voting,0,0.1472519113760092,0
test,soft_voting,0,0.051107956616745755,0
test,soft_voting,0,0.19003754143407595,0
test,soft_voting,0,0.7294156183554369,1
test,soft_voting,0,0.007200981547544325,0
test,soft_voting,1,0.28494424778563304,0
test,soft_voting,0,0.03212512458455032,0
test,soft_voting,1,0.7170055782813542,1
test,soft_voting,0,0.38474396383838,0
test,soft_voting,1,0.4675916509668287,0
test,soft_voting,0,0.18763742501887373,0
test,soft_voting,0,0.22319152598447048,0
test,soft_voting,0,0.09297651572206829,0
test,soft_voting,0,0.025613031907178316,0
test,soft_voting,0,0.45887748109509446,0
test,soft_voting,0,0.01757374198439503,0
test,soft_voting,1,0.8649852324405122,1
test,soft_voting,0,0.06012733986366695,0
test,soft_voting,0,0.038649926577849845,0
test,soft_voting,0,0.20910776560155786,0
test,soft_voting,0,0.06578585839405605,0
test,soft_voting,1,0.8764354688766911,1
test,soft_voting,0,0.032310181144315574,0
test,soft_voting,0,0.15953097763297128,0
test,soft_voting,1,0.9190304912928114,1
test,soft_voting,0,0.008846534174811628,0
test,soft_voting,0,0.010113717073194766,0
test,soft_voting,0,0.07179115270732148,0
test,soft_voting,0,0.7569795094667163,1
test,soft_voting,0,0.06869477895874938,0
test,soft_voting,1,0.36411645114829566,0
test,soft_voting,0,0.27965146707165073,0
test,soft_voting,0,0.48276809712844565,0
test,soft_voting,0,0.7456134993813013,1
test,soft_voting,0,0.00554643975528487,0
test,soft_voting,0,0.02984387850381112,0
test,soft_voting,0,0.22388763551175914,0
test,soft_voting,1,0.9149958522197131,1
test,soft_voting,0,0.0011654393561040335,0
test,soft_voting,0,0.0019485742817046878,0
test,soft_voting,0,0.07942430752892397,0
test,soft_voting,0,0.4357301724827127,0
test,soft_voting,0,0.2223129602828108,0
test,soft_voting,0,0.022103385519313484,0
test,soft_voting,0,0.20817925538148008,0
test,soft_voting,0,0.5268909038735827,0
test,soft_voting,0,0.014317410432230263,0
test,soft_voting,0,0.0014712188692482947,0
test,soft_voting,0,0.08819161827198811,0
test,soft_voting,0,0.07071669789799016,0
test,soft_voting,1,0.798537960831196,1
test,soft_voting,0,0.2808004573757314,0
test,soft_voting,0,5.653935537915366e-05,0
test,soft_voting,0,0.28956162118917206,0
test,soft_voting,0,0.5591746746713029,0
test,soft_voting,0,0.6168551539750923,1
test,soft_voting,0,0.007093985526120043,0
test,soft_voting,1,0.8841631981345758,1
test,soft_voting,0,0.00818724752611437,0
test,soft_voting,0,0.04688368554933802,0
test,soft_voting,0,0.1332884588671254,0
test,soft_voting,0,0.005115219649547703,0
test,soft_voting,0,0.015600554288427373,0
test,soft_voting,0,0.1918428713559106,0
test,soft_voting,0,0.37189487227991774,0
test,soft_voting,0,0.08046586596650948,0
test,soft_voting,0,0.0024782317050850845,0
test,soft_voting,0,0.024399487506712354,0
test,soft_voting,0,0.02346398841310038,0
test,soft_voting,1,0.6650046397649664,1
test,soft_voting,0,0.3865175531069525,0
test,soft_voting,0,0.012483786848456696,0
test,soft_voting,0,0.026378033633781273,0
test,soft_voting,0,0.2940582596005828,0
test,soft_voting,0,0.007528986940130315,0
test,soft_voting,0,0.022458812590132285,0
test,soft_voting,0,0.6109057773272265,1
test,soft_voting,0,0.06463134848395823,0
test,soft_voting,0,0.0013999437579845224,0
test,soft_voting,0,0.8032965150624709,1
test,soft_voting,0,0.05737177761723705,0
test,soft_voting,0,0.7844977452183723,1
test,soft_voting,0,0.014119471763463764,0
test,soft_voting,0,0.002717518975674252,0
test,soft_voting,0,0.18045483114310756,0
test,soft_voting,0,0.0443883171278416,0
test,soft_voting,0,0.06494824168491727,0
test,soft_voting,0,0.536234967665107,0
test,soft_voting,0,0.5982527325972301,1
test,soft_voting,1,0.7549530666755769,1
test,soft_voting,1,0.5641430004270499,0
test,soft_voting,0,0.031092088208229594,0
test,soft_voting,0,0.02884119216749087,0
test,soft_voting,0,0.004772619936951975,0
test,soft_voting,0,0.15603365985623,0
test,soft_voting,0,0.03210059797668971,0
test,soft_voting,0,0.004690882860985102,0
test,soft_voting,0,0.06847235765039646,0
test,soft_voting,0,0.03234546538017129,0
test,soft_voting,0,0.03422845016079637,0
test,soft_voting,0,0.04220076550102005,0
test,soft_voting,0,0.001749968028761896,0
test,soft_voting,0,0.40027188187922685,0
test,soft_voting,1,0.8524166105562653,1
test,soft_voting,0,0.14125579369272154,0
test,soft_voting,1,0.8416167001539566,1
test,soft_voting,0,0.10401589872830398,0
test,soft_voting,1,0.7311817358363425,1
test,soft_voting,0,0.26516981105293325,0
test,soft_voting,1,0.6947747973716044,1
test,soft_voting,0,0.63800946871592,1
test,soft_voting,0,0.03594003333588915,0
test,soft_voting,0,0.009469735012397522,0
test,soft_voting,1,0.08671766999989838,0
test,soft_voting,0,0.0021587671049488667,0
test,soft_voting,0,0.037419493366585045,0
test,soft_voting,0,0.11850985493311988,0
test,soft_voting,0,0.0438709889979862,0
test,soft_voting,0,0.0064245422120477735,0
test,soft_voting,0,0.20298766313504157,0
test,soft_voting,0,0.00012305534361330584,0
test,soft_voting,0,0.006657279693405925,0
test,soft_voting,0,0.0450760967098846,0
test,soft_voting,0,0.0598360071915276,0
test,soft_voting,0,0.2444756337013291,0
test,soft_voting,0,0.006790180156006217,0
test,soft_voting,0,0.06002081427164174,0
test,soft_voting,0,0.2274507177267807,0
test,soft_voting,0,0.24235803304942274,0
test,soft_voting,0,0.0015348185204268532,0
test,soft_voting,0,0.15836157878382612,0
test,soft_voting,0,0.0017119773454388595,0
test,soft_voting,0,0.0006974518952866677,0
test,soft_voting,0,0.0032490065966261574,0
test,soft_voting,0,0.3150524816912167,0
test,soft_voting,0,0.016159603532188333,0
test,soft_voting,0,0.11702148111255434,0
test,soft_voting,0,0.002819388254810226,0
test,soft_voting,0,0.040920335918223256,0
test,soft_voting,1,0.7958391089520935,1
test,soft_voting,0,0.5620158163111989,0
test,soft_voting,0,0.006347508309792745,0
test,soft_voting,0,0.024272127318263833,0
test,soft_voting,0,0.08292933058420442,0
test,soft_voting,0,0.018880777373756086,0
test,soft_voting,1,0.3458710844092164,0
test,soft_voting,0,0.0012592945772064662,0
test,soft_voting,0,0.00010010770661137589,0
test,soft_voting,0,0.00731216865599784,0
test,soft_voting,0,0.1775944569700154,0
test,soft_voting,0,0.21467811714306087,0
test,soft_voting,0,0.16786337727103862,0
test,soft_voting,0,0.07375317492236257,0
test,soft_voting,0,0.012879319777603516,0
test,soft_voting,0,0.016965274811648275,0
test,soft_voting,0,0.07201724160905343,0
test,soft_voting,0,0.41861965341125634,0
test,soft_voting,0,0.003837154033851965,0
test,soft_voting,0,0.30490296129195277,0
test,soft_voting,0,0.11237016933533696,0
test,soft_voting,0,0.5207710501780471,0
test,soft_voting,0,0.007001577008757765,0
test,soft_voting,0,0.11263126611061207,0
test,soft_voting,0,0.1861677112603081,0
test,soft_voting,0,0.0871531794818714,0
test,soft_voting,0,0.5630411277248661,0
test,soft_voting,0,0.1208729801740354,0
test,soft_voting,0,0.0058222904358306024,0
test,soft_voting,0,0.00046482752481691054,0
test,soft_voting,0,0.016902862874169085,0
test,soft_voting,0,0.017686278712080065,0
test,soft_voting,0,0.015557939275761158,0
test,soft_voting,0,0.005389039702630231,0
test,soft_voting,0,0.0064407960387318575,0
test,soft_voting,0,0.24896032080808353,0
test,soft_voting,1,0.6806661093943199,1
test,soft_voting,1,0.20267451242838486,0
test,soft_voting,1,0.8237272115344291,1
test,soft_voting,0,0.33269886091940803,0
test,soft_voting,0,0.4359967107271668,0
test,soft_voting,0,0.17169672644929468,0
test,soft_voting,0,0.041523329162849475,0
test,soft_voting,1,0.844993641226886,1
test,soft_voting,0,0.08985474716010995,0
test,soft_voting,0,0.8654134772131691,1
test,soft_voting,0,0.07464396862174977,0
test,soft_voting,0,0.23461039276358353,0
test,soft_voting,0,0.18196485844620544,0
test,soft_voting,1,0.5954004162793771,1
test,soft_voting,1,0.7901177216607662,1
test,soft_voting,0,0.6853045359943053,1
test,soft_voting,0,0.6544025857124088,1
test,soft_voting,1,0.7682807792933275,1
test,soft_voting,0,0.044601696388322704,0
test,soft_voting,0,0.5737997213844471,0
test,soft_voting,0,0.1668412020426342,0
test,soft_voting,1,0.8461687035837934,1
test,soft_voting,0,0.7148365430481144,1
test,soft_voting,1,0.7351089646761464,1
test,soft_voting,1,0.5907351733870976,1
test,soft_voting,1,0.4540876831242553,0
test,soft_voting,0,0.09231640782749673,0
test,soft_voting,0,0.40109867561348933,0
test,soft_voting,0,0.5856621557270635,0
test,soft_voting,0,0.015743117959465095,0
test,soft_voting,0,0.12555552692366723,0
test,soft_voting,0,0.1191519151914587,0
test,soft_voting,0,0.19447768231807383,0
test,soft_voting,0,0.270121193147294,0
test,soft_voting,0,0.10247298688780111,0
test,soft_voting,0,0.6299227462483774,1
test,soft_voting,0,0.2634119735007285,0
test,soft_voting,0,0.39062621428697697,0
test,soft_voting,0,0.004274713949470193,0
test,soft_voting,0,0.060045149574230905,0
test,soft_voting,0,0.055709866548708235,0
test,soft_voting,1,0.7867628450123357,1
test,soft_voting,1,0.7336987716403839,1
test,soft_voting,0,0.01601676692768202,0
test,soft_voting,0,0.13930764451846012,0
test,soft_voting,0,0.007104328073069378,0
test,soft_voting,0,0.023417853979517164,0
test,soft_voting,0,0.6319407971739625,1
test,soft_voting,0,0.038286574536437405,0
test,soft_voting,0,0.12458322860535033,0
test,soft_voting,0,0.6334199262349918,1
test,soft_voting,0,0.01859651704414413,0
test,soft_voting,0,0.002633105450236083,0
test,soft_voting,0,0.0024228520906580957,0
test,soft_voting,0,0.15297579456623014,0
test,soft_voting,0,0.0919365435487643,0
test,soft_voting,0,0.0006802488121910377,0
test,soft_voting,0,0.17692169276047343,0
test,soft_voting,0,0.009340335696812937,0
test,soft_voting,0,0.000841259117800882,0
test,soft_voting,0,0.03426147021883072,0
test,soft_voting,0,0.174483789453304,0
test,soft_voting,1,0.0650251218210011,0
test,soft_voting,1,0.44586901737154183,0
test,soft_voting,0,0.13202834003453442,0
test,soft_voting,0,0.555059343925418,0
test,soft_voting,0,0.09423501691373974,0
test,soft_voting,0,0.0923654558899254,0
test,soft_voting,0,0.001444638238707863,0
test,soft_voting,0,0.009349748235255277,0
test,soft_voting,0,0.07772660571458744,0
test,soft_voting,0,0.06420247741573937,0
test,soft_voting,0,0.0033138155179846824,0
test,soft_voting,0,0.0033772381065454555,0
test,soft_voting,0,0.5579684979546998,0
test,soft_voting,0,0.07849088542748266,0
test,soft_voting,0,0.009042904120818618,0
test,soft_voting,0,0.4650443111209083,0
test,soft_voting,0,0.03996203046185434,0
test,soft_voting,0,0.008917952606349915,0
test,soft_voting,0,0.027460954477344673,0
test,soft_voting,0,0.27382335689621384,0
test,soft_voting,1,0.9766742887193166,1
test,soft_voting,0,0.1650890612147841,0
test,soft_voting,0,0.002837216477643714,0
test,soft_voting,0,0.07816992665383443,0
test,soft_voting,0,0.16838403319938341,0
test,soft_voting,0,0.0007827739832552146,0
test,soft_voting,0,0.04211772333555367,0
test,soft_voting,0,0.0071411653715416495,0
test,soft_voting,0,0.014711312601638056,0
test,soft_voting,0,0.005787352242276376,0
test,soft_voting,0,0.0042499517639882495,0
test,soft_voting,0,0.42235845324503085,0
test,soft_voting,0,0.18364190074966924,0
test,soft_voting,0,0.025238044975765452,0
test,soft_voting,0,0.019285789545161244,0
test,soft_voting,0,9.089953156865011e-05,0
test,soft_voting,1,0.8586626714854222,1
test,soft_voting,0,0.006627674229841574,0
test,soft_voting,0,0.2108917547909078,0
test,soft_voting,0,0.010632348384878988,0
test,soft_voting,0,0.017737819479272835,0
test,soft_voting,0,0.40639129741483426,0
test,soft_voting,0,0.4072763637721839,0
test,soft_voting,0,0.4053593239146953,0
test,soft_voting,0,0.14393506451892832,0
test,soft_voting,0,0.3547757725591934,0
test,soft_voting,0,0.62736697806373,1
test,soft_voting,1,0.8225815475147208,1
test,soft_voting,0,0.0973216569414745,0
test,soft_voting,0,0.014537048893661876,0
test,soft_voting,0,0.006676340280531402,0
test,soft_voting,0,0.002551063431568121,0
test,soft_voting,0,0.004119225668082713,0
test,soft_voting,0,0.03453145696684808,0
test,soft_voting,0,0.07163555328201053,0
test,soft_voting,1,0.752581412646859,1
test,soft_voting,0,0.20275114103296263,0
test,soft_voting,0,0.21198757447774,0
test,soft_voting,0,0.02770614611167921,0
test,soft_voting,0,0.2376228513485624,0
test,soft_voting,1,0.6750684519240359,1
test,soft_voting,0,0.14067340665728056,0
test,soft_voting,0,0.1064916695081265,0
test,soft_voting,0,0.79596051641971,1
test,soft_voting,0,0.025666846571663602,0
test,soft_voting,0,0.021629594717088682,0
test,soft_voting,0,0.004454081954466709,0
test,soft_voting,0,0.07816923481655229,0
test,soft_voting,0,0.06930096073106973,0
test,soft_voting,0,0.5926763224366696,1
test,soft_voting,0,0.018862289537262128,0
test,soft_voting,1,0.7632922430255151,1
test,soft_voting,1,0.8237541555631184,1
test,soft_voting,0,0.05471651080676673,0
test,soft_voting,0,0.01352607895260084,0
test,soft_voting,0,0.001215690232628688,0
test,soft_voting,0,0.10195012315403,0
test,soft_voting,0,0.5319126663416194,0
test,soft_voting,0,0.029777805360506143,0
test,soft_voting,0,0.011720095897669659,0
test,soft_voting,0,0.0017541896465401042,0
test,soft_voting,0,0.0013939591013033003,0
test,soft_voting,0,0.032523831407966323,0
test,soft_voting,0,0.1247841298829851,0
test,soft_voting,0,0.03283560538604418,0
test,soft_voting,0,0.5708871794962358,0
test,soft_voting,0,0.0028168009156691602,0
test,soft_voting,0,0.4640743732681926,0
test,soft_voting,0,0.008443420615695323,0
test,soft_voting,1,0.4367053625383394,0
test,soft_voting,0,0.2704448702560848,0
test,soft_voting,0,0.24377351938877082,0
test,soft_voting,0,0.4242281290542908,0
test,soft_voting,0,0.6502849214355758,1
test,soft_voting,0,0.3542353445047952,0
test,soft_voting,0,0.38367367717103223,0
test,soft_voting,0,0.013291177296750478,0
test,soft_voting,0,0.46359326731149975,0
test,soft_voting,0,0.06839369847218166,0
test,soft_voting,0,0.5583044066113992,0
test,soft_voting,1,0.43611420094848424,0
test,soft_voting,0,0.7879821270524419,1
test,soft_voting,0,0.010646769696723476,0
test,soft_voting,0,0.0666278531824181,0
test,soft_voting,0,0.08551643723948665,0
test,soft_voting,0,0.38401483720791846,0
test,soft_voting,0,0.3625172510690953,0
test,soft_voting,0,0.002829453221275219,0
test,soft_voting,0,0.06702349223772154,0
test,soft_voting,1,0.7985971847510229,1
test,soft_voting,1,0.8751579918307254,1
test,soft_voting,0,0.022125197444263344,0
test,soft_voting,0,0.03447474167009399,0
test,soft_voting,1,0.4952130618543779,0
test,soft_voting,0,0.6228698084754828,1
test,soft_voting,0,0.017688312995904624,0
test,soft_voting,1,0.7151742780046396,1
test,soft_voting,0,0.0031825510245226244,0
test,soft_voting,0,0.0018821858596940043,0
test,soft_voting,0,0.2122453972605307,0
test,soft_voting,0,0.006285454210503878,0
test,soft_voting,0,0.3523621250964244,0
test,soft_voting,0,0.07851240172759982,0
test,soft_voting,0,0.08467414872708723,0
test,soft_voting,0,0.02854539665081804,0
test,soft_voting,0,0.25886006968561404,0
test,soft_voting,1,0.5621747384013217,0
test,soft_voting,0,0.009617882455145686,0
test,soft_voting,0,0.4604672057007926,0
test,soft_voting,0,0.5267709472801766,0
test,soft_voting,0,0.03059427196353913,0
test,soft_voting,0,0.0009190422020682069,0
test,soft_voting,0,0.04228332344376817,0
test,soft_voting,0,0.05622237118055093,0
test,soft_voting,0,0.020936092695621245,0
test,soft_voting,0,0.10719032131746191,0
test,soft_voting,0,0.3071734511675132,0
test,soft_voting,0,0.015475889780069677,0
test,soft_voting,0,0.07625828806036293,0
test,soft_voting,0,0.0009617462984286713,0
test,soft_voting,0,0.009682914767915213,0
test,soft_voting,0,0.5322948966567471,0
test,soft_voting,0,0.19179933352817294,0
test,soft_voting,1,0.452807178455584,0
test,soft_voting,0,0.1726641502535383,0
test,soft_voting,0,0.2832489178952802,0
test,soft_voting,0,0.6459957683758552,1
test,soft_voting,0,0.07334991891083785,0
test,soft_voting,0,0.012611203578846722,0
test,soft_voting,0,0.001898130738643946,0
test,soft_voting,0,0.08131721038235593,0
test,soft_voting,0,0.2502797389597828,0
test,soft_voting,0,0.006731374303709316,0
test,soft_voting,0,0.007435995970890913,0
test,soft_voting,0,0.019200101388668414,0
test,soft_voting,0,0.07111556803052688,0
test,soft_voting,0,0.010825469566309047,0
test,soft_voting,0,0.03941929464450338,0
test,soft_voting,0,0.024155820988965803,0
test,soft_voting,0,0.16635030734962905,0
test,soft_voting,0,0.0009077484580687546,0
test,soft_voting,0,0.0008837075287222138,0
test,soft_voting,0,0.4431351455393843,0
test,soft_voting,1,0.4701574765135697,0
test,soft_voting,1,0.42340322450178963,0
test,soft_voting,0,0.0015968867990412397,0
test,soft_voting,0,0.05920716459352863,0
test,soft_voting,1,0.9458557220162658,1
test,soft_voting,1,0.22076102196200575,0
test,soft_voting,1,0.7900142518153026,1
test,soft_voting,0,0.6026368119430691,1
test,soft_voting,0,0.012326972098651169,0
test,soft_voting,0,0.6305702144931274,1
test,soft_voting,0,0.28199399633632316,0
test,soft_voting,0,0.13490918004426636,0
test,soft_voting,0,0.7730707175338215,1
test,soft_voting,0,0.05707193677384905,0
test,soft_voting,0,0.07895333074690569,0
test,soft_voting,0,0.37291648109564224,0
test,soft_voting,0,0.007710803684951504,0
test,soft_voting,0,0.22908059756581345,0
test,soft_voting,0,0.20454716863756803,0
test,soft_voting,0,0.010512831458865552,0
test,soft_voting,1,0.9120502647348733,1
test,soft_voting,0,0.07982884206715794,0
test,soft_voting,0,0.08411108716417187,0
test,soft_voting,0,0.08441643450362951,0
test,soft_voting,0,0.32719211725190017,0
test,soft_voting,1,0.5855576236169928,0
test,soft_voting,1,0.9151504840084695,1
test,soft_voting,0,0.013729547914437173,0
test,soft_voting,0,0.24642323212327433,0
test,soft_voting,0,0.02385058873578835,0
test,soft_voting,0,0.0013835380978892994,0
test,soft_voting,0,0.01907850239478824,0
test,soft_voting,0,0.07644768561262398,0
test,soft_voting,0,0.545403629318937,0
test,soft_voting,0,0.014022874578087504,0
test,soft_voting,0,0.021380289208439495,0
test,soft_voting,0,0.02835444993071105,0
test,soft_voting,0,0.0007002356060937103,0
test,soft_voting,0,0.05474186484028367,0
test,soft_voting,0,0.0831732043351001,0
test,soft_voting,0,0.014788513743034123,0
test,soft_voting,0,0.0007747091074543083,0
test,soft_voting,0,0.06746456610270585,0
test,soft_voting,0,0.6044398259040851,1
test,soft_voting,0,0.012576525514006167,0
test,soft_voting,1,0.9002323708449832,1
test,soft_voting,0,0.1410757110235337,0
test,soft_voting,0,0.1972031612921373,0
test,soft_voting,0,0.3145575064053958,0
test,soft_voting,0,0.002426350792128384,0
test,soft_voting,0,0.6368936248024845,1
test,soft_voting,0,0.8421373388276227,1
test,soft_voting,0,0.003840495675102492,0
test,soft_voting,0,0.22202872309824348,0
test,soft_voting,1,0.2069272168124017,0
test,soft_voting,0,0.1280419479857513,0
test,soft_voting,1,0.9415349916002667,1
test,soft_voting,0,0.18904826079975368,0
test,soft_voting,0,0.04127076016217859,0
test,soft_voting,0,0.05157075926672285,0
test,soft_voting,0,0.4203038252056124,0
test,soft_voting,0,0.26754450820436104,0
test,soft_voting,0,0.005341998510103169,0
test,soft_voting,0,0.03787450914725528,0
test,soft_voting,0,0.43244987950782826,0
test,soft_voting,0,0.05204220876992081,0
test,soft_voting,0,0.004515935991481765,0
test,soft_voting,0,0.7244719803241729,1
test,soft_voting,0,0.8439441429555853,1
test,soft_voting,1,0.17691524918769277,0
test,soft_voting,0,0.11714160994084381,0
test,soft_voting,0,0.08707475669756044,0
test,soft_voting,1,0.27574777118143673,0
test,soft_voting,0,0.26506053755739506,0
test,soft_voting,0,0.1270662755610087,0
test,soft_voting,0,0.1610567858474434,0
test,soft_voting,0,0.30550707176216546,0
test,soft_voting,0,0.020422067487244656,0
test,soft_voting,0,0.02354467472734417,0
test,soft_voting,1,0.9584117839511519,1
test,soft_voting,0,0.004629127475664878,0
test,soft_voting,1,0.804998335454786,1
test,soft_voting,0,0.06296065872276714,0
test,soft_voting,0,0.14446128952831,0
test,soft_voting,0,0.014376795332361863,0
test,soft_voting,0,0.0024637956711716035,0
test,soft_voting,0,0.39187360160989365,0
test,soft_voting,0,0.03609735302349388,0
test,soft_voting,0,0.018850634133623166,0
test,soft_voting,0,0.09119856961080963,0
test,soft_voting,0,0.008833847767274703,0
test,soft_voting,1,0.8784993150116539,1
test,soft_voting,0,0.29821592972041716,0
test,soft_voting,0,0.43531498979288313,0
test,soft_voting,0,0.31461371723648396,0
test,soft_voting,0,0.11155728554851387,0
test,soft_voting,0,0.007734453875245552,0
test,soft_voting,0,0.006678249484255317,0
test,soft_voting,0,0.014034911552980178,0
test,soft_voting,0,0.7679606825540765,1
test,soft_voting,0,0.05998607562385192,0
test,soft_voting,0,0.1679989309883129,0
test,soft_voting,1,0.37836924578135805,0
test,soft_voting,0,0.7581265811652562,1
test,soft_voting,0,0.3832635941878755,0
test,soft_voting,1,0.3344216576579638,0
test,soft_voting,0,0.009481286289616605,0
test,soft_voting,0,0.1290316047125579,0
test,soft_voting,1,0.8231785727068207,1
test,soft_voting,1,0.8105758638308567,1
test,soft_voting,0,0.4565397840442593,0
test,soft_voting,0,0.061380471055535187,0
test,soft_voting,0,0.19279191006828408,0
test,soft_voting,0,0.11122024298580725,0
test,soft_voting,0,0.06052643927156445,0
test,soft_voting,0,0.014059137517217305,0
test,soft_voting,0,0.003917477371267225,0
test,soft_voting,0,0.13681561810442444,0
test,soft_voting,0,0.00588100876861643,0
test,soft_voting,0,0.01381699085381071,0
test,soft_voting,0,0.24130252274909034,0
test,soft_voting,0,0.30090180074320116,0
test,soft_voting,0,0.3059275187074872,0
test,soft_voting,0,0.0072864747297894565,0
test,soft_voting,0,0.11840408043087937,0
test,soft_voting,0,0.43790630460211616,0
test,soft_voting,0,0.13096430168079634,0
test,soft_voting,0,0.007236111241645186,0
test,soft_voting,0,0.022480953907936783,0
test,soft_voting,0,0.0764006499396047,0
test,soft_voting,0,0.006595803895779677,0
test,soft_voting,0,0.015509177398995046,0
test,soft_voting,1,0.47414085549759744,0
test,soft_voting,0,0.14693866659043264,0
test,soft_voting,0,0.24493170702685604,0
test,soft_voting,0,0.031987374836810904,0
test,soft_voting,0,0.06254611510093128,0
test,soft_voting,0,0.02033863632564765,0
test,soft_voting,1,0.7403012651895505,1
test,soft_voting,0,0.5976393255169196,1
test,soft_voting,0,0.002350027773754459,0
test,soft_voting,0,0.011134637712331315,0
test,soft_voting,0,0.10515568810809234,0
test,soft_voting,1,0.8785897481857857,1
test,soft_voting,0,0.34426041863353674,0
test,soft_voting,0,0.0030810773430932797,0
test,soft_voting,0,0.33282664820971297,0
test,soft_voting,0,0.5114699038670024,0
test,soft_voting,0,0.02292804362188956,0
test,soft_voting,0,0.26050965857984804,0
test,soft_voting,0,0.05825026592853034,0
test,soft_voting,0,0.10360418242755758,0
test,soft_voting,0,0.5672728881539436,0
test,soft_voting,0,0.017613294577832336,0
test,soft_voting,0,0.019990839143174136,0
test,soft_voting,0,0.2166393381697835,0
test,soft_voting,1,0.5389605740607342,0
test,soft_voting,0,0.28621502900182855,0
test,soft_voting,1,0.9791702377120757,1
test,soft_voting,0,0.33370130972550566,0
test,soft_voting,0,0.18243825324579366,0
test,soft_voting,0,0.38857490003549183,0
test,soft_voting,0,0.03519149171595078,0
test,soft_voting,0,0.16954286855722023,0
test,soft_voting,0,0.45787733420048066,0
test,soft_voting,0,0.08504065458571979,0
test,soft_voting,0,0.658589926820597,1
test,soft_voting,1,0.834277337101065,1
